client_user_id,client_name,client_email,client_created_at,client_company_name,client_hubspot_score,client_subscription_tier,operator_user_id,operator_name,operator_email,operator_created_at,operator_code,operator_department,operator_current_status,operator_max_concurrent_chats,conversation_id,conversation_status,conversation_priority,conversation_started_at,conversation_closed_at,message_id,message_content,message_timestamp,message_is_read,attachment_id,attachment_file_name,attachment_file_size,attachment_file_type
ecc24a2d-ea47-4b7a-a258-09210ce529f1,Client 31,client.31@example.com,2025-10-19T11:11:39.733830+00:00,Company 31,82,standard,775f6de4-bf12-43dc-b8ee-eff74e7fca85,Operator 3,operator.3@example.com,2026-01-11T11:11:39.734260+00:00,OP-0003,billing,offline,3,4cded7cb-9a4f-40f9-9b30-6a0b517e3880,open,medium,2026-01-23T11:11:39.736274+00:00,,1ecbd764-eab8-4aba-9858-8a46a72c2b76,Message content 1,2026-01-24T09:48:39.736274+00:00,true,d1abc86a-284c-4913-b6cc-923f97211d77,file_1.jpg,3883007,jpg
4b73c797-4439-4f60-9085-0e61a6a2015d,Client 43,client.43@example.com,2026-02-10T11:11:39.734062+00:00,Company 43,15,standard,679fc6d7-3349-4897-ab8c-49f7d7afa9f5,Operator 8,operator.8@example.com,2025-07-01T11:11:39.734353+00:00,OP-0008,support,offline,3,cce08e06-8624-4fc4-9525-65585cdd8d8e,closed,high,2026-02-21T11:11:39.734541+00:00,2026-02-21T20:11:39.734541+00:00,9860dcd1-ab96-486f-a98b-a475a0959e7b,Message content 2,2026-02-21T20:03:39.734541+00:00,true,,,,
17543439-3080-4320-9450-fde238897d38,Client 3,client.3@example.com,2025-12-25T11:11:39.733325+00:00,Company 3,95,free,8c273a5d-f06e-47e3-b4a7-da0ef6f06171,Operator 1,operator.1@example.com,2025-10-07T11:11:39.734205+00:00,OP-0001,tech,offline,5,9871d710-6730-430d-b4a0-0c88e046d70e,open,high,2026-02-13T11:11:39.735296+00:00,,ef4caf39-4700-4d07-88fd-c1def5750753,Message content 3,2026-02-13T22:42:39.735296+00:00,true,,,,
971cc598-3020-4bee-bf75-fb360c582f03,Client 15,client.15@example.com,2025-09-11T11:11:39.733555+00:00,Company 15,78,premium,75464306-96f6-47c8-9a39-382bf4baa64e,Operator 5,operator.5@example.com,2025-09-22T11:11:39.734300+00:00,OP-0005,tech,online,2,12903e5f-92c8-4036-9c76-3db8cdfe7997,pending,low,2026-02-07T11:11:39.736947+00:00,,086acae6-aede-468f-aad9-84e2015392c2,Message content 4,2026-02-08T01:34:39.736947+00:00,true,43dd0cb4-f019-4c0c-aedc-ee6e593f88af,file_4.png,4534974,png
8bf6c5de-eb19-4f4f-9cb7-7e28340b53e6,Client 5,client.5@example.com,2025-05-08T11:11:39.733371+00:00,Company 5,55,free,775f6de4-bf12-43dc-b8ee-eff74e7fca85,Operator 3,operator.3@example.com,2026-01-11T11:11:39.734260+00:00,OP-0003,billing,offline,3,afebdb6f-af18-4a5b-90f2-8de8f46b5271,open,medium,2026-01-31T11:11:39.735379+00:00,,49cd1116-30a3-4b8b-b16e-1f06c035d3d7,Message content 5,2026-01-31T18:50:39.735379+00:00,false,,,,
55ffb774-9524-46af-919c-2ad12b14fd74,Client 40,client.40@example.com,2025-05-11T11:11:39.734007+00:00,Company 40,55,enterprise,cbe4ab29-47da-4080-be68-40c8076ffd1c,Operator 9,operator.9@example.com,2025-04-03T11:11:39.734371+00:00,OP-0009,tech,offline,4,4c5a93b7-c798-45f1-88f1-160a45fd49c2,closed,low,2026-02-07T11:11:39.736583+00:00,2026-02-08T16:11:39.736583+00:00,901259a3-c00d-4ffa-bd2d-b1005d065a8d,Message content 6,2026-02-07T12:33:39.736583+00:00,false,,,,
a5ba550d-ddaa-4ddc-a65a-88442d3adc93,Client 39,client.39@example.com,2025-10-31T11:11:39.733985+00:00,Company 39,96,premium,13992f5b-13db-41f1-b7c6-e68ae67d889d,Operator 2,operator.2@example.com,2026-03-05T11:11:39.734236+00:00,OP-0002,billing,offline,6,fda6239e-2bea-4a68-a8d8-191b3f83214a,open,medium,2026-01-22T11:11:39.734895+00:00,,e5a94825-8806-4768-ba69-5acdeb944127,Message content 7,2026-01-22T11:52:39.734895+00:00,true,,,,
70dcd8f0-425b-4cd4-8884-3074718ab021,Client 21,client.21@example.com,2026-02-11T11:11:39.733657+00:00,Company 21,85,standard,7e797a74-cef7-4aac-8eec-dd396da1c475,Operator 7,operator.7@example.com,2025-11-03T11:11:39.734335+00:00,OP-0007,support,online,7,035f0d8b-9403-4f61-92c8-d59190c544a9,closed,medium,2026-01-27T11:11:39.735864+00:00,2026-01-27T19:11:39.735864+00:00,70d5875a-25d4-49c8-b838-f31e8eec5490,Message content 8,2026-01-28T10:02:39.735864+00:00,false,66e10166-3c6e-4b01-b914-01e67d7e018c,file_8.txt,2159527,pdf
bd7acccc-242d-4c64-a3c2-ffa44b532474,Client 14,client.14@example.com,2025-08-24T11:11:39.733539+00:00,Company 14,13,premium,8c273a5d-f06e-47e3-b4a7-da0ef6f06171,Operator 1,operator.1@example.com,2025-10-07T11:11:39.734205+00:00,OP-0001,tech,offline,5,46dbd875-f9f6-4cb4-83fa-26af5a11241b,closed,low,2026-01-28T11:11:39.734816+00:00,2026-01-29T22:11:39.734816+00:00,17beabc1-87c5-4a96-b394-00d849e06f67,Message content 9,2026-01-29T07:51:39.734816+00:00,false,,,,
8bf6c5de-eb19-4f4f-9cb7-7e28340b53e6,Client 5,client.5@example.com,2025-05-08T11:11:39.733371+00:00,Company 5,55,free,679fc6d7-3349-4897-ab8c-49f7d7afa9f5,Operator 8,operator.8@example.com,2025-07-01T11:11:39.734353+00:00,OP-0008,support,offline,3,6004811b-18d1-46af-be6e-d71257dd3004,closed,low,2026-01-14T11:11:39.734687+00:00,2026-01-14T18:11:39.734687+00:00,d0d081ce-6cdd-4724-85e9-56c245cb9701,Message content 10,2026-01-14T16:46:39.734687+00:00,true,,,,
f3a41c1c-78ab-41a3-afce-0fdd1b2b2d69,Client 38,client.38@example.com,2025-12-23T11:11:39.733948+00:00,Company 38,34,standard,cbe4ab29-47da-4080-be68-40c8076ffd1c,Operator 9,operator.9@example.com,2025-04-03T11:11:39.734371+00:00,OP-0009,tech,offline,4,a32d2ff4-0427-4efc-a9fc-73293b84612d,closed,low,2026-02-20T11:11:39.734478+00:00,2026-02-21T02:11:39.734478+00:00,2563aa00-8920-451b-aa11-1a016a793938,Message content 11,2026-02-20T21:49:39.734478+00:00,false,,,,
0fc60bab-9ce8-47f8-97e1-485d6ad75f21,Client 50,client.50@example.com,2025-04-12T11:11:39.734180+00:00,Company 50,44,free,cbe4ab29-47da-4080-be68-40c8076ffd1c,Operator 9,operator.9@example.com,2025-04-03T11:11:39.734371+00:00,OP-0009,tech,offline,4,ede5b473-da51-4b24-afbd-20136c7a3499,pending,high,2026-01-09T11:11:39.735496+00:00,,a5345da8-3a44-49f2-87b5-270b2680bae1,Message content 12,2026-01-10T00:43:39.735496+00:00,true,,,,
be8e0951-42af-4432-9cc6-c69623522d28,Client 2,client.2@example.com,2025-10-17T11:11:39.733288+00:00,Company 2,32,standard,8c273a5d-f06e-47e3-b4a7-da0ef6f06171,Operator 1,operator.1@example.com,2025-10-07T11:11:39.734205+00:00,OP-0001,tech,offline,5,af0b6df4-46b0-430d-b0b1-5e35341dfd9f,pending,high,2026-02-19T11:11:39.736350+00:00,,e6a62a94-d065-401a-b077-36516a0f1702,Message content 13,2026-02-20T10:45:39.736350+00:00,true,,,,
86ed07ac-9eb8-4057-ae3c-96c475cf5c56,Client 25,client.25@example.com,2025-12-13T11:11:39.733726+00:00,Company 25,48,premium,775f6de4-bf12-43dc-b8ee-eff74e7fca85,Operator 3,operator.3@example.com,2026-01-11T11:11:39.734260+00:00,OP-0003,billing,offline,3,4094ee53-4cff-4849-aab1-6f93a0864a4d,open,low,2026-01-20T11:11:39.736743+00:00,,e2f87661-b549-4080-aa97-c1ca8352f31b,Message content 14,2026-01-20T21:28:39.736743+00:00,true,,,,
8f275979-555b-4725-9ef2-d59d15bef42c,Client 42,client.42@example.com,2025-06-19T11:11:39.734045+00:00,Company 42,64,free,cbe4ab29-47da-4080-be68-40c8076ffd1c,Operator 9,operator.9@example.com,2025-04-03T11:11:39.734371+00:00,OP-0009,tech,offline,4,8ee293dd-db19-4239-b929-ff2a807163a4,open,low,2026-01-12T11:11:39.734713+00:00,,23bf5676-16d1-4d55-8135-ab2abb78b968,Message content 15,2026-01-13T06:30:39.734713+00:00,true,,,,
d826c7a0-bfe6-427f-8452-02427e211d02,Client 23,client.23@example.com,2026-01-14T11:11:39.733691+00:00,Company 23,49,premium,75464306-96f6-47c8-9a39-382bf4baa64e,Operator 5,operator.5@example.com,2025-09-22T11:11:39.734300+00:00,OP-0005,tech,online,2,fde21d8d-9ed4-4f68-a411-ea075e09230a,open,low,2026-01-13T11:11:39.735698+00:00,,b1d9b5e0-5976-49a7-8b85-7d7bbddc536b,Message content 16,2026-01-14T09:45:39.735698+00:00,true,,,,
b1b67804-39c9-4048-89d8-bcd70a55dd71,Client 46,client.46@example.com,2025-08-23T11:11:39.734115+00:00,Company 46,77,enterprise,7e797a74-cef7-4aac-8eec-dd396da1c475,Operator 7,operator.7@example.com,2025-11-03T11:11:39.734335+00:00,OP-0007,support,online,7,5a4a3e7b-8427-45cb-8051-ef6ff597f716,open,low,2026-01-30T11:11:39.735351+00:00,,f9ffa375-d9a6-48c2-b66c-a8fe3c5d9e50,Message content 17,2026-01-30T11:36:39.735351+00:00,false,,,,
8067d26e-94c8-4b4f-8ab1-93053f706f51,Client 28,client.28@example.com,2025-04-29T11:11:39.733781+00:00,Company 28,82,standard,775f6de4-bf12-43dc-b8ee-eff74e7fca85,Operator 3,operator.3@example.com,2026-01-11T11:11:39.734260+00:00,OP-0003,billing,offline,3,14fcb8c7-648f-4441-835b-856bce0df9b2,pending,low,2026-02-17T11:11:39.734672+00:00,,e7f7654e-2e3c-495f-905d-d36d8ec7aa2d,Message content 18,2026-02-18T01:58:39.734672+00:00,true,,,,
4cfd3965-0c74-47ca-8d1c-551fb947514c,Client 17,client.17@example.com,2025-06-05T11:11:39.733590+00:00,Company 17,16,enterprise,775f6de4-bf12-43dc-b8ee-eff74e7fca85,Operator 3,operator.3@example.com,2026-01-11T11:11:39.734260+00:00,OP-0003,billing,offline,3,b53c95c9-09a2-4fe6-99a6-55e8e65757aa,pending,low,2026-01-28T11:11:39.735813+00:00,,c6733c65-fe42-4eff-b5db-5371bb0f1ab6,Message content 19,2026-01-28T16:24:39.735813+00:00,false,,,,
55ffb774-9524-46af-919c-2ad12b14fd74,Client 40,client.40@example.com,2025-05-11T11:11:39.734007+00:00,Company 40,55,enterprise,cbe4ab29-47da-4080-be68-40c8076ffd1c,Operator 9,operator.9@example.com,2025-04-03T11:11:39.734371+00:00,OP-0009,tech,offline,4,4c5a93b7-c798-45f1-88f1-160a45fd49c2,closed,low,2026-02-07T11:11:39.736583+00:00,2026-02-08T16:11:39.736583+00:00,f88dbd38-f5fb-41c5-80a6-046bb776511d,Message content 20,2026-02-07T20:24:39.736583+00:00,false,,,,
52fea20d-ccb0-42b4-82ec-0b205237569e,Client 35,client.35@example.com,2025-11-18T11:11:39.733896+00:00,Company 35,73,premium,8c273a5d-f06e-47e3-b4a7-da0ef6f06171,Operator 1,operator.1@example.com,2025-10-07T11:11:39.734205+00:00,OP-0001,tech,offline,5,842d941c-6fbb-4f6c-b37d-5daff267f8f1,pending,high,2026-01-07T11:11:39.737017+00:00,,452d48c5-ff03-4928-93be-2c0aa608e6ea,Message content 21,2026-01-08T03:41:39.737017+00:00,false,,,,
be8e0951-42af-4432-9cc6-c69623522d28,Client 2,client.2@example.com,2025-10-17T11:11:39.733288+00:00,Company 2,32,standard,8c273a5d-f06e-47e3-b4a7-da0ef6f06171,Operator 1,operator.1@example.com,2025-10-07T11:11:39.734205+00:00,OP-0001,tech,offline,5,af0b6df4-46b0-430d-b0b1-5e35341dfd9f,pending,high,2026-02-19T11:11:39.736350+00:00,,9a3dc494-04a7-44b5-b0fa-90ce5a574952,Message content 22,2026-02-19T20:20:39.736350+00:00,true,,,,
5faa6da9-33a3-408c-a571-b6625b43948e,Client 4,client.4@example.com,2025-03-25T11:11:39.733349+00:00,Company 4,95,free,7e797a74-cef7-4aac-8eec-dd396da1c475,Operator 7,operator.7@example.com,2025-11-03T11:11:39.734335+00:00,OP-0007,support,online,7,19c95279-ff17-42d6-9e10-1fbcf226f9eb,pending,low,2026-01-19T11:11:39.734634+00:00,,90dda209-ba1d-4c9a-97ad-c933df5a1929,Message content 23,2026-01-19T20:42:39.734634+00:00,true,,,,
b2828c67-89ca-465b-8618-860cc4f09764,Client 7,client.7@example.com,2025-11-07T11:11:39.733410+00:00,Company 7,65,free,730d608c-8e10-4f7e-a51d-db0d13429f86,Operator 10,operator.10@example.com,2025-06-09T11:11:39.734388+00:00,OP-0010,tech,offline,6,f4a1d0b4-40f2-4537-a6fc-81aa1f37afda,pending,high,2026-02-07T11:11:39.735839+00:00,,69243dbe-2e75-4efd-bd61-1dd76e7c6f1d,Message content 24,2026-02-08T06:38:39.735839+00:00,true,,,,
f3a41c1c-78ab-41a3-afce-0fdd1b2b2d69,Client 38,client.38@example.com,2025-12-23T11:11:39.733948+00:00,Company 38,34,standard,cbe4ab29-47da-4080-be68-40c8076ffd1c,Operator 9,operator.9@example.com,2025-04-03T11:11:39.734371+00:00,OP-0009,tech,offline,4,a32d2ff4-0427-4efc-a9fc-73293b84612d,closed,low,2026-02-20T11:11:39.734478+00:00,2026-02-21T02:11:39.734478+00:00,18d0cfbb-442d-4519-93d2-91164ae3b692,Message content 25,2026-02-21T04:03:39.734478+00:00,true,,,,
55ffb774-9524-46af-919c-2ad12b14fd74,Client 40,client.40@example.com,2025-05-11T11:11:39.734007+00:00,Company 40,55,enterprise,13992f5b-13db-41f1-b7c6-e68ae67d889d,Operator 2,operator.2@example.com,2026-03-05T11:11:39.734236+00:00,OP-0002,billing,offline,6,664b38d6-b107-41cf-9be4-193324da2607,closed,high,2026-02-08T11:11:39.734937+00:00,2026-02-10T01:11:39.734937+00:00,c344a559-4168-4c86-b0b7-0c42545bad3e,Message content 26,2026-02-08T23:17:39.734937+00:00,true,,,,
0fc60bab-9ce8-47f8-97e1-485d6ad75f21,Client 50,client.50@example.com,2025-04-12T11:11:39.734180+00:00,Company 50,44,free,13992f5b-13db-41f1-b7c6-e68ae67d889d,Operator 2,operator.2@example.com,2026-03-05T11:11:39.734236+00:00,OP-0002,billing,offline,6,c5942bb0-a795-4c63-bda3-d8a03d5d398b,pending,high,2026-02-05T11:11:39.736375+00:00,,9c23f047-9c1e-4620-847a-51a693049d76,Message content 27,2026-02-06T11:07:39.736375+00:00,true,,,,
c288e606-78c0-4a54-9184-54b69e7b45e4,Client 27,client.27@example.com,2025-03-12T11:11:39.733764+00:00,Company 27,88,free,c567ed84-590b-4b94-8e2c-2c96c62d400b,Operator 6,operator.6@example.com,2025-09-02T11:11:39.734317+00:00,OP-0006,billing,offline,2,57a62de5-6c3e-406d-b03e-ff3149e740dd,closed,high,2026-02-09T11:11:39.736072+00:00,2026-02-10T06:11:39.736072+00:00,67b391cf-7586-4b5d-9358-ba6c731ff44f,Message content 28,2026-02-09T17:42:39.736072+00:00,false,b9038ff1-fd80-43ff-97f1-8d88528c3b05,file_28.txt,4667155,jpg
52fea20d-ccb0-42b4-82ec-0b205237569e,Client 35,client.35@example.com,2025-11-18T11:11:39.733896+00:00,Company 35,73,premium,13992f5b-13db-41f1-b7c6-e68ae67d889d,Operator 2,operator.2@example.com,2026-03-05T11:11:39.734236+00:00,OP-0002,billing,offline,6,75fd6177-233a-42c4-b8be-fc8b7fcf55c9,open,low,2026-02-26T11:11:39.736717+00:00,,d83ec084-6c2a-4e20-8e9c-78c1a085e835,Message content 29,2026-02-27T03:26:39.736717+00:00,true,,,,
92e2cff6-5b04-44a7-b58c-4d0d1060260b,Client 16,client.16@example.com,2026-02-12T11:11:39.733572+00:00,Company 16,94,enterprise,4e2e12c9-fb99-41b0-a60f-4eb61b5e0f33,Operator 4,operator.4@example.com,2025-08-27T11:11:39.734281+00:00,OP-0004,sales,online,6,26d868bf-9971-4190-91a4-2c1e5985e551,pending,low,2026-03-02T11:11:39.734461+00:00,,35f42c74-87a6-4482-ad3d-eb35ccd2c2fc,Message content 30,2026-03-02T14:21:39.734461+00:00,true,42ec395b-55be-45d5-a2af-4bdf7a8f4b7b,file_30.jpg,2578642,pdf
70dcd8f0-425b-4cd4-8884-3074718ab021,Client 21,client.21@example.com,2026-02-11T11:11:39.733657+00:00,Company 21,85,standard,7e797a74-cef7-4aac-8eec-dd396da1c475,Operator 7,operator.7@example.com,2025-11-03T11:11:39.734335+00:00,OP-0007,support,online,7,035f0d8b-9403-4f61-92c8-d59190c544a9,closed,medium,2026-01-27T11:11:39.735864+00:00,2026-01-27T19:11:39.735864+00:00,e44be936-4a9c-463c-81c5-0607ba7b59e9,Message content 31,2026-01-28T06:04:39.735864+00:00,true,,,,
58a107b7-f3f3-4c7c-9ecf-0d8e2ed82e88,Client 48,client.48@example.com,2025-03-23T11:11:39.734148+00:00,Company 48,93,free,cbe4ab29-47da-4080-be68-40c8076ffd1c,Operator 9,operator.9@example.com,2025-04-03T11:11:39.734371+00:00,OP-0009,tech,offline,4,7cf2c268-9c00-4c2a-9eb7-66429dcddb95,closed,medium,2026-01-14T11:11:39.736915+00:00,2026-01-15T02:11:39.736915+00:00,4bb641d0-560a-4b97-a4e3-bf2eb8343783,Message content 32,2026-01-15T05:58:39.736915+00:00,false,,,,
02605a21-0cd4-4681-89e4-841a48af011f,Client 19,client.19@example.com,2025-04-19T11:11:39.733624+00:00,Company 19,80,premium,775f6de4-bf12-43dc-b8ee-eff74e7fca85,Operator 3,operator.3@example.com,2026-01-11T11:11:39.734260+00:00,OP-0003,billing,offline,3,dc2d98d3-9cc9-4bae-b622-a136687e08f6,closed,medium,2026-02-06T11:11:39.735084+00:00,2026-02-08T09:11:39.735084+00:00,8ad2e0a8-6bc4-4b1f-a644-ef7f65271ce3,Message content 33,2026-02-06T21:38:39.735084+00:00,true,cc5ab05d-53ec-43d5-b12b-65406368f6ae,file_33.jpg,2657008,png
58a107b7-f3f3-4c7c-9ecf-0d8e2ed82e88,Client 48,client.48@example.com,2025-03-23T11:11:39.734148+00:00,Company 48,93,free,cbe4ab29-47da-4080-be68-40c8076ffd1c,Operator 9,operator.9@example.com,2025-04-03T11:11:39.734371+00:00,OP-0009,tech,offline,4,7cf2c268-9c00-4c2a-9eb7-66429dcddb95,closed,medium,2026-01-14T11:11:39.736915+00:00,2026-01-15T02:11:39.736915+00:00,0471f0a4-256a-492c-ac4d-31aaf6f824a8,Message content 34,2026-01-15T05:28:39.736915+00:00,true,,,,
9573f1e3-e253-4a34-a620-aa47e4e21e12,Client 33,client.33@example.com,2025-11-09T11:11:39.733863+00:00,Company 33,5,premium,13992f5b-13db-41f1-b7c6-e68ae67d889d,Operator 2,operator.2@example.com,2026-03-05T11:11:39.734236+00:00,OP-0002,billing,offline,6,888fdcc2-1a22-41c0-88c1-7a11dd8081fc,open,low,2026-01-11T11:11:39.734879+00:00,,3da40261-7099-4f41-a156-468ab3785723,Message content 35,2026-01-11T18:34:39.734879+00:00,true,,,,
be8e0951-42af-4432-9cc6-c69623522d28,Client 2,client.2@example.com,2025-10-17T11:11:39.733288+00:00,Company 2,32,standard,8c273a5d-f06e-47e3-b4a7-da0ef6f06171,Operator 1,operator.1@example.com,2025-10-07T11:11:39.734205+00:00,OP-0001,tech,offline,5,af0b6df4-46b0-430d-b0b1-5e35341dfd9f,pending,high,2026-02-19T11:11:39.736350+00:00,,ca29fa5a-8c9a-4fac-89fc-accab5f5e307,Message content 36,2026-02-20T05:05:39.736350+00:00,false,,,,
9573f1e3-e253-4a34-a620-aa47e4e21e12,Client 33,client.33@example.com,2025-11-09T11:11:39.733863+00:00,Company 33,5,premium,13992f5b-13db-41f1-b7c6-e68ae67d889d,Operator 2,operator.2@example.com,2026-03-05T11:11:39.734236+00:00,OP-0002,billing,offline,6,888fdcc2-1a22-41c0-88c1-7a11dd8081fc,open,low,2026-01-11T11:11:39.734879+00:00,,7327f087-19d6-4e51-aba6-04cd5ded67dc,Message content 37,2026-01-11T21:17:39.734879+00:00,true,93a5368e-1d8b-4793-82df-76cff5279d6a,file_37.png,4490649,jpg
55ffb774-9524-46af-919c-2ad12b14fd74,Client 40,client.40@example.com,2025-05-11T11:11:39.734007+00:00,Company 40,55,enterprise,cbe4ab29-47da-4080-be68-40c8076ffd1c,Operator 9,operator.9@example.com,2025-04-03T11:11:39.734371+00:00,OP-0009,tech,offline,4,fed40572-ad2b-471c-9c8c-58da2fb945f1,closed,medium,2026-03-06T11:11:39.735121+00:00,2026-03-07T23:11:39.735121+00:00,161fd8cc-b98e-4edc-8948-7286bace0c66,Message content 38,2026-03-06T12:44:39.735121+00:00,true,,,,
86ed07ac-9eb8-4057-ae3c-96c475cf5c56,Client 25,client.25@example.com,2025-12-13T11:11:39.733726+00:00,Company 25,48,premium,775f6de4-bf12-43dc-b8ee-eff74e7fca85,Operator 3,operator.3@example.com,2026-01-11T11:11:39.734260+00:00,OP-0003,billing,offline,3,4094ee53-4cff-4849-aab1-6f93a0864a4d,open,low,2026-01-20T11:11:39.736743+00:00,,bcd370c1-de61-41e2-8bac-383d6554d687,Message content 39,2026-01-20T15:29:39.736743+00:00,false,,,,
8067d26e-94c8-4b4f-8ab1-93053f706f51,Client 28,client.28@example.com,2025-04-29T11:11:39.733781+00:00,Company 28,82,standard,775f6de4-bf12-43dc-b8ee-eff74e7fca85,Operator 3,operator.3@example.com,2026-01-11T11:11:39.734260+00:00,OP-0003,billing,offline,3,14fcb8c7-648f-4441-835b-856bce0df9b2,pending,low,2026-02-17T11:11:39.734672+00:00,,8aef357a-80b0-499a-856b-5eb41a788286,Message content 40,2026-02-17T11:36:39.734672+00:00,true,,,,
8bf6c5de-eb19-4f4f-9cb7-7e28340b53e6,Client 5,client.5@example.com,2025-05-08T11:11:39.733371+00:00,Company 5,55,free,75464306-96f6-47c8-9a39-382bf4baa64e,Operator 5,operator.5@example.com,2025-09-22T11:11:39.734300+00:00,OP-0005,tech,online,2,31ac0a08-b4d3-494e-8a0f-79eb77e13e33,closed,medium,2026-02-12T11:11:39.735753+00:00,2026-02-13T20:11:39.735753+00:00,80db7f9d-1af6-4607-aef4-b1836d6afc20,Message content 41,2026-02-12T22:48:39.735753+00:00,true,314578fc-6753-4a3f-a3f8-ada9e02915ae,file_41.txt,967032,png
fd7d0456-43a1-4c22-9dfb-6a34f783ef0b,Client 22,client.22@example.com,2025-10-09T11:11:39.733674+00:00,Company 22,11,standard,7e797a74-cef7-4aac-8eec-dd396da1c475,Operator 7,operator.7@example.com,2025-11-03T11:11:39.734335+00:00,OP-0007,support,online,7,427bd460-e074-4611-8889-a950906f01a4,closed,low,2026-01-14T11:11:39.735590+00:00,2026-01-16T11:11:39.735590+00:00,aee34e51-9848-40f7-bf7b-79d76c8453c5,Message content 42,2026-01-15T03:58:39.735590+00:00,true,3b9cad68-7cf1-47ec-a98a-cd2a132971c1,file_42.png,1282778,jpg
ecc24a2d-ea47-4b7a-a258-09210ce529f1,Client 31,client.31@example.com,2025-10-19T11:11:39.733830+00:00,Company 31,82,standard,775f6de4-bf12-43dc-b8ee-eff74e7fca85,Operator 3,operator.3@example.com,2026-01-11T11:11:39.734260+00:00,OP-0003,billing,offline,3,4cded7cb-9a4f-40f9-9b30-6a0b517e3880,open,medium,2026-01-23T11:11:39.736274+00:00,,f2ed8c2e-cda1-407d-a0d5-d71c2ca601e7,Message content 43,2026-01-23T21:33:39.736274+00:00,true,34dcc1ab-7690-4903-a22d-db3afcc5c23f,file_43.txt,1903200,txt
88ded20b-1cd1-4dab-8c10-4f1303231c40,Client 44,client.44@example.com,2025-04-19T11:11:39.734078+00:00,Company 44,21,enterprise,cbe4ab29-47da-4080-be68-40c8076ffd1c,Operator 9,operator.9@example.com,2025-04-03T11:11:39.734371+00:00,OP-0009,tech,offline,4,e8f1ede2-a205-4159-ba19-f13d7f0edab4,open,low,2026-02-13T11:11:39.735787+00:00,,333be75f-3693-44da-9202-301fb59a8cdc,Message content 44,2026-02-14T02:17:39.735787+00:00,true,7aeb47c8-28ac-429a-bc30-6bc75f76eb4e,file_44.txt,2571715,png
3502abd7-7e93-4dc8-a792-1ae86c10f336,Client 26,client.26@example.com,2025-11-19T11:11:39.733748+00:00,Company 26,86,premium,4e2e12c9-fb99-41b0-a60f-4eb61b5e0f33,Operator 4,operator.4@example.com,2025-08-27T11:11:39.734281+00:00,OP-0004,sales,online,6,988fee83-e9f2-4c1c-ad1b-f19e07ec158a,closed,low,2026-02-25T11:11:39.736433+00:00,2026-02-27T08:11:39.736433+00:00,2e06c7bf-9897-4101-be25-fc3a8ddfcc97,Message content 45,2026-02-25T14:34:39.736433+00:00,true,,,,
55ffb774-9524-46af-919c-2ad12b14fd74,Client 40,client.40@example.com,2025-05-11T11:11:39.734007+00:00,Company 40,55,enterprise,13992f5b-13db-41f1-b7c6-e68ae67d889d,Operator 2,operator.2@example.com,2026-03-05T11:11:39.734236+00:00,OP-0002,billing,offline,6,664b38d6-b107-41cf-9be4-193324da2607,closed,high,2026-02-08T11:11:39.734937+00:00,2026-02-10T01:11:39.734937+00:00,ac716233-35b8-462a-986c-934a746477b7,Message content 46,2026-02-08T20:12:39.734937+00:00,true,,,,
58a107b7-f3f3-4c7c-9ecf-0d8e2ed82e88,Client 48,client.48@example.com,2025-03-23T11:11:39.734148+00:00,Company 48,93,free,c567ed84-590b-4b94-8e2c-2c96c62d400b,Operator 6,operator.6@example.com,2025-09-02T11:11:39.734317+00:00,OP-0006,billing,offline,2,c026311f-4168-4e91-a58c-0293e7e6ac60,open,high,2026-03-03T11:11:39.734838+00:00,,8e2e9685-5045-44d0-a719-1e6605bad119,Message content 47,2026-03-04T06:01:39.734838+00:00,true,04336f68-3fe7-49f9-b66d-ed06a4a641e9,file_47.txt,4991249,txt
0e833b5b-bec5-417c-86d1-31d364dba72e,Client 8,client.8@example.com,2025-05-23T11:11:39.733428+00:00,Company 8,26,enterprise,13992f5b-13db-41f1-b7c6-e68ae67d889d,Operator 2,operator.2@example.com,2026-03-05T11:11:39.734236+00:00,OP-0002,billing,offline,6,1db27155-d627-49e7-a20f-1198b38053bc,closed,medium,2026-01-18T11:11:39.735177+00:00,2026-01-18T21:11:39.735177+00:00,a7652063-ec81-4aaf-ad63-f0e59152c4c5,Message content 48,2026-01-18T12:17:39.735177+00:00,false,8bf62ce1-c35e-47a7-b794-46a4d15c04d9,file_48.txt,607099,jpg
d826c7a0-bfe6-427f-8452-02427e211d02,Client 23,client.23@example.com,2026-01-14T11:11:39.733691+00:00,Company 23,49,premium,13992f5b-13db-41f1-b7c6-e68ae67d889d,Operator 2,operator.2@example.com,2026-03-05T11:11:39.734236+00:00,OP-0002,billing,offline,6,1542e91f-4330-4699-b7ee-8306c765a188,open,medium,2026-01-09T11:11:39.735060+00:00,,84edbc97-6abe-40f0-b6d5-560363d678e0,Message content 49,2026-01-10T08:31:39.735060+00:00,false,,,,
a5ba550d-ddaa-4ddc-a65a-88442d3adc93,Client 39,client.39@example.com,2025-10-31T11:11:39.733985+00:00,Company 39,96,premium,13992f5b-13db-41f1-b7c6-e68ae67d889d,Operator 2,operator.2@example.com,2026-03-05T11:11:39.734236+00:00,OP-0002,billing,offline,6,fda6239e-2bea-4a68-a8d8-191b3f83214a,open,medium,2026-01-22T11:11:39.734895+00:00,,7eed33b9-f334-4ae0-b026-93b54280c0c9,Message content 50,2026-01-23T01:41:39.734895+00:00,true,e7a33938-3189-47b0-8a2f-874c91dd926a,file_50.jpg,2238286,jpg
8067d26e-94c8-4b4f-8ab1-93053f706f51,Client 28,client.28@example.com,2025-04-29T11:11:39.733781+00:00,Company 28,82,standard,c567ed84-590b-4b94-8e2c-2c96c62d400b,Operator 6,operator.6@example.com,2025-09-02T11:11:39.734317+00:00,OP-0006,billing,offline,2,69e2f568-b6db-450d-82e0-2d0116a9da57,pending,medium,2026-02-07T11:11:39.734596+00:00,,c83e582d-8035-4c3e-9a39-c440207e9f9d,Message content 51,2026-02-07T13:13:39.734596+00:00,true,fc9b54a2-fc44-46b1-905e-71b2d1738155,file_51.pdf,3693886,png
b2828c67-89ca-465b-8618-860cc4f09764,Client 7,client.7@example.com,2025-11-07T11:11:39.733410+00:00,Company 7,65,free,730d608c-8e10-4f7e-a51d-db0d13429f86,Operator 10,operator.10@example.com,2025-06-09T11:11:39.734388+00:00,OP-0010,tech,offline,6,f4a1d0b4-40f2-4537-a6fc-81aa1f37afda,pending,high,2026-02-07T11:11:39.735839+00:00,,252e8a48-79be-4cf4-ac82-fe3f36f9151b,Message content 52,2026-02-08T10:41:39.735839+00:00,true,,,,
02605a21-0cd4-4681-89e4-841a48af011f,Client 19,client.19@example.com,2025-04-19T11:11:39.733624+00:00,Company 19,80,premium,775f6de4-bf12-43dc-b8ee-eff74e7fca85,Operator 3,operator.3@example.com,2026-01-11T11:11:39.734260+00:00,OP-0003,billing,offline,3,dc2d98d3-9cc9-4bae-b622-a136687e08f6,closed,medium,2026-02-06T11:11:39.735084+00:00,2026-02-08T09:11:39.735084+00:00,b95e0af3-107c-4e35-a78e-f94e8534022b,Message content 53,2026-02-07T04:15:39.735084+00:00,true,,,,
0fc60bab-9ce8-47f8-97e1-485d6ad75f21,Client 50,client.50@example.com,2025-04-12T11:11:39.734180+00:00,Company 50,44,free,13992f5b-13db-41f1-b7c6-e68ae67d889d,Operator 2,operator.2@example.com,2026-03-05T11:11:39.734236+00:00,OP-0002,billing,offline,6,c5942bb0-a795-4c63-bda3-d8a03d5d398b,pending,high,2026-02-05T11:11:39.736375+00:00,,9492bbd0-7675-486e-b04d-72b5052341f4,Message content 54,2026-02-05T12:32:39.736375+00:00,false,,,,
0777c6d2-2b2c-4b94-86df-1d6f74cb3528,Client 37,client.37@example.com,2025-08-16T11:11:39.733928+00:00,Company 37,83,enterprise,4e2e12c9-fb99-41b0-a60f-4eb61b5e0f33,Operator 4,operator.4@example.com,2025-08-27T11:11:39.734281+00:00,OP-0004,sales,online,6,28557798-e9e8-4d9b-9a22-af77b48aee99,closed,medium,2026-01-20T11:11:39.736402+00:00,2026-01-21T12:11:39.736402+00:00,9314effb-81e4-4239-a0b3-fbc03c9998e5,Message content 55,2026-01-20T19:43:39.736402+00:00,true,0d3da719-5116-461b-ba40-1a3600f18f64,file_55.png,2270822,png
86ed07ac-9eb8-4057-ae3c-96c475cf5c56,Client 25,client.25@example.com,2025-12-13T11:11:39.733726+00:00,Company 25,48,premium,c567ed84-590b-4b94-8e2c-2c96c62d400b,Operator 6,operator.6@example.com,2025-09-02T11:11:39.734317+00:00,OP-0006,billing,offline,2,7647f22b-6357-46b6-8f55-20df71847d01,closed,high,2026-01-23T11:11:39.736979+00:00,2026-01-24T13:11:39.736979+00:00,4cb5e868-e411-4f82-a521-f2948afa79d1,Message content 56,2026-01-23T17:09:39.736979+00:00,true,,,,
55ffb774-9524-46af-919c-2ad12b14fd74,Client 40,client.40@example.com,2025-05-11T11:11:39.734007+00:00,Company 40,55,enterprise,cbe4ab29-47da-4080-be68-40c8076ffd1c,Operator 9,operator.9@example.com,2025-04-03T11:11:39.734371+00:00,OP-0009,tech,offline,4,fed40572-ad2b-471c-9c8c-58da2fb945f1,closed,medium,2026-03-06T11:11:39.735121+00:00,2026-03-07T23:11:39.735121+00:00,962cd5ae-551b-4bca-a221-2692d9f27e6d,Message content 57,2026-03-06T17:22:39.735121+00:00,true,,,,
8067d26e-94c8-4b4f-8ab1-93053f706f51,Client 28,client.28@example.com,2025-04-29T11:11:39.733781+00:00,Company 28,82,standard,8c273a5d-f06e-47e3-b4a7-da0ef6f06171,Operator 1,operator.1@example.com,2025-10-07T11:11:39.734205+00:00,OP-0001,tech,offline,5,f2dbb391-1e67-44a5-a551-ee9fc9d3cfb4,closed,high,2026-02-01T11:11:39.735929+00:00,2026-02-03T07:11:39.735929+00:00,fecc12f9-63b2-4ef6-98c4-7f4e59b19a2b,Message content 58,2026-02-01T14:17:39.735929+00:00,true,,,,
17543439-3080-4320-9450-fde238897d38,Client 3,client.3@example.com,2025-12-25T11:11:39.733325+00:00,Company 3,95,free,8c273a5d-f06e-47e3-b4a7-da0ef6f06171,Operator 1,operator.1@example.com,2025-10-07T11:11:39.734205+00:00,OP-0001,tech,offline,5,9871d710-6730-430d-b4a0-0c88e046d70e,open,high,2026-02-13T11:11:39.735296+00:00,,411e8848-a6b6-46a7-a317-dfc9b5244426,Message content 59,2026-02-14T10:03:39.735296+00:00,true,075f59cc-a994-4421-aa15-957285f40018,file_59.txt,4166295,pdf
58a107b7-f3f3-4c7c-9ecf-0d8e2ed82e88,Client 48,client.48@example.com,2025-03-23T11:11:39.734148+00:00,Company 48,93,free,679fc6d7-3349-4897-ab8c-49f7d7afa9f5,Operator 8,operator.8@example.com,2025-07-01T11:11:39.734353+00:00,OP-0008,support,offline,3,d8053512-54f4-4ce3-bef5-870132ddad32,pending,low,2026-02-06T11:11:39.736614+00:00,,2e926664-2a15-48a3-9b10-3db82ac4f438,Message content 60,2026-02-07T00:51:39.736614+00:00,true,,,,
4cfd3965-0c74-47ca-8d1c-551fb947514c,Client 17,client.17@example.com,2025-06-05T11:11:39.733590+00:00,Company 17,16,enterprise,775f6de4-bf12-43dc-b8ee-eff74e7fca85,Operator 3,operator.3@example.com,2026-01-11T11:11:39.734260+00:00,OP-0003,billing,offline,3,b53c95c9-09a2-4fe6-99a6-55e8e65757aa,pending,low,2026-01-28T11:11:39.735813+00:00,,763c0009-b519-4c6c-9c85-87ac223a621d,Message content 61,2026-01-28T14:11:39.735813+00:00,true,,,,
5caab472-47e3-4e7f-a3a7-3c61503d63e0,Client 11,client.11@example.com,2025-03-14T11:11:39.733488+00:00,Company 11,55,premium,679fc6d7-3349-4897-ab8c-49f7d7afa9f5,Operator 8,operator.8@example.com,2025-07-01T11:11:39.734353+00:00,OP-0008,support,offline,3,7605b37a-73eb-4a6c-baf4-bad0fc70b5ca,open,high,2026-01-07T11:11:39.737002+00:00,,6cd7aded-979c-48bf-bb60-0b95a113b6a2,Message content 62,2026-01-08T00:58:39.737002+00:00,false,,,,
0a272624-2c12-484e-8a21-5158a8d796cf,Client 49,client.49@example.com,2025-03-22T11:11:39.734164+00:00,Company 49,69,premium,4e2e12c9-fb99-41b0-a60f-4eb61b5e0f33,Operator 4,operator.4@example.com,2025-08-27T11:11:39.734281+00:00,OP-0004,sales,online,6,2339a806-fbef-4c1a-856c-5eb421dd1eaf,pending,medium,2026-01-20T11:11:39.734406+00:00,,850cac1d-734a-47ef-b158-69a40456abe1,Message content 63,2026-01-21T09:37:39.734406+00:00,true,,,,
4b73c797-4439-4f60-9085-0e61a6a2015d,Client 43,client.43@example.com,2026-02-10T11:11:39.734062+00:00,Company 43,15,standard,679fc6d7-3349-4897-ab8c-49f7d7afa9f5,Operator 8,operator.8@example.com,2025-07-01T11:11:39.734353+00:00,OP-0008,support,offline,3,cce08e06-8624-4fc4-9525-65585cdd8d8e,closed,high,2026-02-21T11:11:39.734541+00:00,2026-02-21T20:11:39.734541+00:00,115b0789-e188-4f77-b732-78a38c9aa7f6,Message content 64,2026-02-21T17:35:39.734541+00:00,true,,,,
58a107b7-f3f3-4c7c-9ecf-0d8e2ed82e88,Client 48,client.48@example.com,2025-03-23T11:11:39.734148+00:00,Company 48,93,free,4e2e12c9-fb99-41b0-a60f-4eb61b5e0f33,Operator 4,operator.4@example.com,2025-08-27T11:11:39.734281+00:00,OP-0004,sales,online,6,c12b2b8f-6bf0-4659-97c9-5b2ca3b9a26d,pending,low,2026-02-11T11:11:39.735986+00:00,,d90e3533-48f0-47aa-90ea-d3d2ad25f61c,Message content 65,2026-02-12T08:31:39.735986+00:00,true,,,,
02605a21-0cd4-4681-89e4-841a48af011f,Client 19,client.19@example.com,2025-04-19T11:11:39.733624+00:00,Company 19,80,premium,775f6de4-bf12-43dc-b8ee-eff74e7fca85,Operator 3,operator.3@example.com,2026-01-11T11:11:39.734260+00:00,OP-0003,billing,offline,3,dc2d98d3-9cc9-4bae-b622-a136687e08f6,closed,medium,2026-02-06T11:11:39.735084+00:00,2026-02-08T09:11:39.735084+00:00,100c1665-eb10-4557-a5e9-c2dccba16a66,Message content 66,2026-02-07T05:55:39.735084+00:00,true,e9ef8d66-6836-4dd8-a281-2d4c007e1840,file_66.txt,1028595,png
b3f0dc7a-8965-4fd0-8d96-015039504208,Client 12,client.12@example.com,2025-10-15T11:11:39.733506+00:00,Company 12,20,standard,cbe4ab29-47da-4080-be68-40c8076ffd1c,Operator 9,operator.9@example.com,2025-04-03T11:11:39.734371+00:00,OP-0009,tech,offline,4,aed4d1de-b5f5-4286-b511-d7b2d09117c4,open,high,2026-02-05T11:11:39.736498+00:00,,ebb6576e-e345-4069-9b54-42e8cc738b04,Message content 67,2026-02-06T07:57:39.736498+00:00,false,,,,
88ded20b-1cd1-4dab-8c10-4f1303231c40,Client 44,client.44@example.com,2025-04-19T11:11:39.734078+00:00,Company 44,21,enterprise,75464306-96f6-47c8-9a39-382bf4baa64e,Operator 5,operator.5@example.com,2025-09-22T11:11:39.734300+00:00,OP-0005,tech,online,2,e04df53b-00cd-434d-9f93-07c4f419a3ed,pending,medium,2026-02-02T11:11:39.735240+00:00,,5f8561b3-f4b8-4824-a0ad-e2f10777d05e,Message content 68,2026-02-03T05:59:39.735240+00:00,true,e3820d91-b614-4baa-8d3c-ac4f9a4e13ba,file_68.jpg,961780,txt
8f275979-555b-4725-9ef2-d59d15bef42c,Client 42,client.42@example.com,2025-06-19T11:11:39.734045+00:00,Company 42,64,free,cbe4ab29-47da-4080-be68-40c8076ffd1c,Operator 9,operator.9@example.com,2025-04-03T11:11:39.734371+00:00,OP-0009,tech,offline,4,8ee293dd-db19-4239-b929-ff2a807163a4,open,low,2026-01-12T11:11:39.734713+00:00,,1867f374-62b8-490d-b97f-e0d6a450fd25,Message content 69,2026-01-13T09:17:39.734713+00:00,true,,,,
5faa6da9-33a3-408c-a571-b6625b43948e,Client 4,client.4@example.com,2025-03-25T11:11:39.733349+00:00,Company 4,95,free,4e2e12c9-fb99-41b0-a60f-4eb61b5e0f33,Operator 4,operator.4@example.com,2025-08-27T11:11:39.734281+00:00,OP-0004,sales,online,6,2fdc35b1-7fd7-4dba-9850-438a59ef2aa4,pending,medium,2026-01-12T11:11:39.736801+00:00,,ab234a2d-5366-447a-8914-ae834e59be66,Message content 70,2026-01-12T21:08:39.736801+00:00,true,,,,
0777c6d2-2b2c-4b94-86df-1d6f74cb3528,Client 37,client.37@example.com,2025-08-16T11:11:39.733928+00:00,Company 37,83,enterprise,4e2e12c9-fb99-41b0-a60f-4eb61b5e0f33,Operator 4,operator.4@example.com,2025-08-27T11:11:39.734281+00:00,OP-0004,sales,online,6,c3a8d2ec-3958-4b7e-b0b6-3fd8ddc0c3f3,open,high,2026-02-18T11:11:39.735900+00:00,,4f2eb3ea-e467-4bfc-8a49-273ad1b86fc4,Message content 71,2026-02-19T03:18:39.735900+00:00,true,d75d59ff-e5b1-4e21-90b0-66c5d07c32cb,file_71.txt,1608955,jpg
c288e606-78c0-4a54-9184-54b69e7b45e4,Client 27,client.27@example.com,2025-03-12T11:11:39.733764+00:00,Company 27,88,free,4e2e12c9-fb99-41b0-a60f-4eb61b5e0f33,Operator 4,operator.4@example.com,2025-08-27T11:11:39.734281+00:00,OP-0004,sales,online,6,6a6f76ee-4a00-4028-94b8-37b0350104f8,open,high,2026-02-28T11:11:39.734580+00:00,,9977c01f-6ada-4330-a5c2-048a795b7da7,Message content 72,2026-02-28T20:36:39.734580+00:00,false,,,,
b1b67804-39c9-4048-89d8-bcd70a55dd71,Client 46,client.46@example.com,2025-08-23T11:11:39.734115+00:00,Company 46,77,enterprise,7e797a74-cef7-4aac-8eec-dd396da1c475,Operator 7,operator.7@example.com,2025-11-03T11:11:39.734335+00:00,OP-0007,support,online,7,5a4a3e7b-8427-45cb-8051-ef6ff597f716,open,low,2026-01-30T11:11:39.735351+00:00,,ccc57310-7be3-4dc2-b05b-f1f95ef6d1c9,Message content 73,2026-01-31T04:30:39.735351+00:00,true,4dc0791b-acdf-4502-b3a0-5d5b5f08fda7,file_73.pdf,4933590,txt
936d1ff9-8a2a-4433-b0f1-c232d8d82a6f,Client 30,client.30@example.com,2025-12-13T11:11:39.733814+00:00,Company 30,60,enterprise,75464306-96f6-47c8-9a39-382bf4baa64e,Operator 5,operator.5@example.com,2025-09-22T11:11:39.734300+00:00,OP-0005,tech,online,2,c828780d-2abf-400f-80fe-2bf0a239428f,closed,high,2026-02-07T11:11:39.734776+00:00,2026-02-09T10:11:39.734776+00:00,56bf1049-1d10-4db8-9f44-5e076a5d2ae3,Message content 74,2026-02-08T02:25:39.734776+00:00,true,,,,
8067d26e-94c8-4b4f-8ab1-93053f706f51,Client 28,client.28@example.com,2025-04-29T11:11:39.733781+00:00,Company 28,82,standard,730d608c-8e10-4f7e-a51d-db0d13429f86,Operator 10,operator.10@example.com,2025-06-09T11:11:39.734388+00:00,OP-0010,tech,offline,6,9991b2a2-028b-449a-a7f7-beb0ca40ae35,closed,medium,2026-01-27T11:11:39.736207+00:00,2026-01-28T08:11:39.736207+00:00,f2e9cb5e-f3d0-43d2-b552-43d350bb4119,Message content 75,2026-01-28T05:43:39.736207+00:00,false,,,,
9573f1e3-e253-4a34-a620-aa47e4e21e12,Client 33,client.33@example.com,2025-11-09T11:11:39.733863+00:00,Company 33,5,premium,13992f5b-13db-41f1-b7c6-e68ae67d889d,Operator 2,operator.2@example.com,2026-03-05T11:11:39.734236+00:00,OP-0002,billing,offline,6,888fdcc2-1a22-41c0-88c1-7a11dd8081fc,open,low,2026-01-11T11:11:39.734879+00:00,,1e2ee3ad-3b7b-48c6-8bdb-47f1d2b565c9,Message content 76,2026-01-12T10:59:39.734879+00:00,true,3f83cf52-3ec9-4d6c-8405-58d93fe82b10,file_76.txt,376140,pdf
58a107b7-f3f3-4c7c-9ecf-0d8e2ed82e88,Client 48,client.48@example.com,2025-03-23T11:11:39.734148+00:00,Company 48,93,free,cbe4ab29-47da-4080-be68-40c8076ffd1c,Operator 9,operator.9@example.com,2025-04-03T11:11:39.734371+00:00,OP-0009,tech,offline,4,7cf2c268-9c00-4c2a-9eb7-66429dcddb95,closed,medium,2026-01-14T11:11:39.736915+00:00,2026-01-15T02:11:39.736915+00:00,78afea1f-6f1d-419e-9eda-e96e2d8ddb67,Message content 77,2026-01-15T03:19:39.736915+00:00,false,,,,
58a107b7-f3f3-4c7c-9ecf-0d8e2ed82e88,Client 48,client.48@example.com,2025-03-23T11:11:39.734148+00:00,Company 48,93,free,775f6de4-bf12-43dc-b8ee-eff74e7fca85,Operator 3,operator.3@example.com,2026-01-11T11:11:39.734260+00:00,OP-0003,billing,offline,3,305645ed-663d-400b-9df2-48b7b9b4ee07,open,low,2026-01-06T11:11:39.735526+00:00,,43ca4e8d-8b48-42a5-9ec8-30e0f4705b92,Message content 78,2026-01-07T09:50:39.735526+00:00,true,,,,
936d1ff9-8a2a-4433-b0f1-c232d8d82a6f,Client 30,client.30@example.com,2025-12-13T11:11:39.733814+00:00,Company 30,60,enterprise,75464306-96f6-47c8-9a39-382bf4baa64e,Operator 5,operator.5@example.com,2025-09-22T11:11:39.734300+00:00,OP-0005,tech,online,2,c828780d-2abf-400f-80fe-2bf0a239428f,closed,high,2026-02-07T11:11:39.734776+00:00,2026-02-09T10:11:39.734776+00:00,d2227a9a-6f6e-4ba4-83f3-29db06528f5e,Message content 79,2026-02-08T04:05:39.734776+00:00,true,,,,
be8e0951-42af-4432-9cc6-c69623522d28,Client 2,client.2@example.com,2025-10-17T11:11:39.733288+00:00,Company 2,32,standard,8c273a5d-f06e-47e3-b4a7-da0ef6f06171,Operator 1,operator.1@example.com,2025-10-07T11:11:39.734205+00:00,OP-0001,tech,offline,5,af0b6df4-46b0-430d-b0b1-5e35341dfd9f,pending,high,2026-02-19T11:11:39.736350+00:00,,d365b703-0134-4b23-be45-6c0ed4e1f95a,Message content 80,2026-02-19T22:30:39.736350+00:00,false,,,,
8bf6c5de-eb19-4f4f-9cb7-7e28340b53e6,Client 5,client.5@example.com,2025-05-08T11:11:39.733371+00:00,Company 5,55,free,75464306-96f6-47c8-9a39-382bf4baa64e,Operator 5,operator.5@example.com,2025-09-22T11:11:39.734300+00:00,OP-0005,tech,online,2,31ac0a08-b4d3-494e-8a0f-79eb77e13e33,closed,medium,2026-02-12T11:11:39.735753+00:00,2026-02-13T20:11:39.735753+00:00,b77bc7f2-c55e-4f65-9c65-32df4aa071de,Message content 81,2026-02-12T14:35:39.735753+00:00,true,,,,
0fc60bab-9ce8-47f8-97e1-485d6ad75f21,Client 50,client.50@example.com,2025-04-12T11:11:39.734180+00:00,Company 50,44,free,730d608c-8e10-4f7e-a51d-db0d13429f86,Operator 10,operator.10@example.com,2025-06-09T11:11:39.734388+00:00,OP-0010,tech,offline,6,a1d9ce4c-b94a-4d7e-a3ad-cabe2877533a,open,high,2026-01-21T11:11:39.736825+00:00,,541f7246-1637-4605-ad5e-0ce93e7c8400,Message content 82,2026-01-21T16:06:39.736825+00:00,true,,,,
936d1ff9-8a2a-4433-b0f1-c232d8d82a6f,Client 30,client.30@example.com,2025-12-13T11:11:39.733814+00:00,Company 30,60,enterprise,75464306-96f6-47c8-9a39-382bf4baa64e,Operator 5,operator.5@example.com,2025-09-22T11:11:39.734300+00:00,OP-0005,tech,online,2,c828780d-2abf-400f-80fe-2bf0a239428f,closed,high,2026-02-07T11:11:39.734776+00:00,2026-02-09T10:11:39.734776+00:00,f13001a8-3eae-4529-ba33-458a19ed1369,Message content 83,2026-02-07T13:44:39.734776+00:00,false,,,,
b1b67804-39c9-4048-89d8-bcd70a55dd71,Client 46,client.46@example.com,2025-08-23T11:11:39.734115+00:00,Company 46,77,enterprise,7e797a74-cef7-4aac-8eec-dd396da1c475,Operator 7,operator.7@example.com,2025-11-03T11:11:39.734335+00:00,OP-0007,support,online,7,5a4a3e7b-8427-45cb-8051-ef6ff597f716,open,low,2026-01-30T11:11:39.735351+00:00,,a7c5a6e2-7827-4edf-ae4f-1f4ab68070fd,Message content 84,2026-01-31T08:27:39.735351+00:00,true,,,,
4cfd3965-0c74-47ca-8d1c-551fb947514c,Client 17,client.17@example.com,2025-06-05T11:11:39.733590+00:00,Company 17,16,enterprise,775f6de4-bf12-43dc-b8ee-eff74e7fca85,Operator 3,operator.3@example.com,2026-01-11T11:11:39.734260+00:00,OP-0003,billing,offline,3,e105a3dd-db0d-43ec-9ae1-7c3972d99e03,pending,high,2026-01-18T11:11:39.735321+00:00,,6d8d047f-6381-435f-93b4-1ba4e76df5c0,Message content 85,2026-01-19T10:12:39.735321+00:00,true,,,,
5faa6da9-33a3-408c-a571-b6625b43948e,Client 4,client.4@example.com,2025-03-25T11:11:39.733349+00:00,Company 4,95,free,13992f5b-13db-41f1-b7c6-e68ae67d889d,Operator 2,operator.2@example.com,2026-03-05T11:11:39.734236+00:00,OP-0002,billing,offline,6,4e6adde7-3686-419c-9bba-35d9b0858ea2,pending,medium,2026-01-25T11:11:39.735267+00:00,,fef389e9-c60a-4eef-9875-6c3cca356dfc,Message content 86,2026-01-26T08:34:39.735267+00:00,false,,,,
c1d26b76-65a7-43fd-a884-ff8ace8e21f5,Client 36,client.36@example.com,2025-11-18T11:11:39.733912+00:00,Company 36,84,enterprise,8c273a5d-f06e-47e3-b4a7-da0ef6f06171,Operator 1,operator.1@example.com,2025-10-07T11:11:39.734205+00:00,OP-0001,tech,offline,5,85460c13-7a82-492d-87c5-dfa2cb9837d6,pending,low,2026-02-15T11:11:39.736182+00:00,,c6641c44-5856-4180-941e-be4fb6894d71,Message content 87,2026-02-15T12:24:39.736182+00:00,true,,,,
02605a21-0cd4-4681-89e4-841a48af011f,Client 19,client.19@example.com,2025-04-19T11:11:39.733624+00:00,Company 19,80,premium,4e2e12c9-fb99-41b0-a60f-4eb61b5e0f33,Operator 4,operator.4@example.com,2025-08-27T11:11:39.734281+00:00,OP-0004,sales,online,6,ab687850-17bd-4cbe-b7e8-b843f8dae9bc,pending,medium,2026-02-17T11:11:39.736692+00:00,,5ad5fa0e-3baa-45d4-bb94-63c9631e5af2,Message content 88,2026-02-17T20:59:39.736692+00:00,false,,,,
be8e0951-42af-4432-9cc6-c69623522d28,Client 2,client.2@example.com,2025-10-17T11:11:39.733288+00:00,Company 2,32,standard,4e2e12c9-fb99-41b0-a60f-4eb61b5e0f33,Operator 4,operator.4@example.com,2025-08-27T11:11:39.734281+00:00,OP-0004,sales,online,6,e0821134-a29d-49d8-8958-797a2a40920b,pending,medium,2026-02-09T11:11:39.735726+00:00,,d5c5a499-0d41-4c48-ab5d-a7c1064e5406,Message content 89,2026-02-09T14:32:39.735726+00:00,false,,,,
92e2cff6-5b04-44a7-b58c-4d0d1060260b,Client 16,client.16@example.com,2026-02-12T11:11:39.733572+00:00,Company 16,94,enterprise,4e2e12c9-fb99-41b0-a60f-4eb61b5e0f33,Operator 4,operator.4@example.com,2025-08-27T11:11:39.734281+00:00,OP-0004,sales,online,6,a1e90e84-590c-4f42-bfde-ec1ffba6455f,closed,low,2026-02-22T11:11:39.734650+00:00,2026-02-23T16:11:39.734650+00:00,3285f2fe-edec-4d76-84ca-f08d389a88b7,Message content 90,2026-02-23T02:19:39.734650+00:00,true,e936e11f-d830-4406-8f53-c49eaef405d3,file_90.png,395800,pdf
0777c6d2-2b2c-4b94-86df-1d6f74cb3528,Client 37,client.37@example.com,2025-08-16T11:11:39.733928+00:00,Company 37,83,enterprise,730d608c-8e10-4f7e-a51d-db0d13429f86,Operator 10,operator.10@example.com,2025-06-09T11:11:39.734388+00:00,OP-0010,tech,offline,6,096d9467-8e42-4ada-9b69-3fd4ee1705da,open,medium,2026-02-04T11:11:39.734564+00:00,,352663e9-5ff6-468e-8ec4-98914eec813d,Message content 91,2026-02-04T21:11:39.734564+00:00,true,,,,
638081d3-bce7-40f6-b88c-d5b343b2e3d2,Client 1,client.1@example.com,2025-04-13T11:11:39.733210+00:00,Company 1,15,free,679fc6d7-3349-4897-ab8c-49f7d7afa9f5,Operator 8,operator.8@example.com,2025-07-01T11:11:39.734353+00:00,OP-0008,support,offline,3,7233beda-2ba0-453f-a2e4-265b04f963bf,closed,low,2026-01-26T11:11:39.735022+00:00,2026-01-26T18:11:39.735022+00:00,329f8bc2-8f0f-44ba-bd55-50393a901f80,Message content 92,2026-01-27T05:18:39.735022+00:00,true,,,,
ecc24a2d-ea47-4b7a-a258-09210ce529f1,Client 31,client.31@example.com,2025-10-19T11:11:39.733830+00:00,Company 31,82,standard,cbe4ab29-47da-4080-be68-40c8076ffd1c,Operator 9,operator.9@example.com,2025-04-03T11:11:39.734371+00:00,OP-0009,tech,offline,4,e60ff276-f9f1-4f20-ab19-7a7b33ac2c24,closed,low,2026-01-07T11:11:39.734854+00:00,2026-01-07T22:11:39.734854+00:00,226250a6-f974-4dac-a98e-317709c890f4,Message content 93,2026-01-07T16:59:39.734854+00:00,true,153c1baf-fb61-4de8-be33-6d3e8cfe4096,file_93.txt,2030226,txt
88ded20b-1cd1-4dab-8c10-4f1303231c40,Client 44,client.44@example.com,2025-04-19T11:11:39.734078+00:00,Company 44,21,enterprise,75464306-96f6-47c8-9a39-382bf4baa64e,Operator 5,operator.5@example.com,2025-09-22T11:11:39.734300+00:00,OP-0005,tech,online,2,6090be80-0f26-42d9-b62d-61cb2f3dd2bc,open,low,2026-02-20T11:11:39.736326+00:00,,71bc279a-9a4d-498a-8905-248f36c6ff58,Message content 94,2026-02-20T16:04:39.736326+00:00,true,d29cbf84-359d-46f0-97fe-62baf6060a54,file_94.txt,2151835,png
b2828c67-89ca-465b-8618-860cc4f09764,Client 7,client.7@example.com,2025-11-07T11:11:39.733410+00:00,Company 7,65,free,730d608c-8e10-4f7e-a51d-db0d13429f86,Operator 10,operator.10@example.com,2025-06-09T11:11:39.734388+00:00,OP-0010,tech,offline,6,f4a1d0b4-40f2-4537-a6fc-81aa1f37afda,pending,high,2026-02-07T11:11:39.735839+00:00,,e0e5835a-1b65-4c48-a4e3-b121e4e59e67,Message content 95,2026-02-07T21:00:39.735839+00:00,true,,,,
8bf6c5de-eb19-4f4f-9cb7-7e28340b53e6,Client 5,client.5@example.com,2025-05-08T11:11:39.733371+00:00,Company 5,55,free,75464306-96f6-47c8-9a39-382bf4baa64e,Operator 5,operator.5@example.com,2025-09-22T11:11:39.734300+00:00,OP-0005,tech,online,2,31ac0a08-b4d3-494e-8a0f-79eb77e13e33,closed,medium,2026-02-12T11:11:39.735753+00:00,2026-02-13T20:11:39.735753+00:00,b427a519-5dda-486c-ab94-8d7fb7773a54,Message content 96,2026-02-12T22:58:39.735753+00:00,true,,,,
d826c7a0-bfe6-427f-8452-02427e211d02,Client 23,client.23@example.com,2026-01-14T11:11:39.733691+00:00,Company 23,49,premium,75464306-96f6-47c8-9a39-382bf4baa64e,Operator 5,operator.5@example.com,2025-09-22T11:11:39.734300+00:00,OP-0005,tech,online,2,fde21d8d-9ed4-4f68-a411-ea075e09230a,open,low,2026-01-13T11:11:39.735698+00:00,,7cf4110d-7fdc-4f80-90f4-4f2cd7f8ad9d,Message content 97,2026-01-14T10:44:39.735698+00:00,false,493af9ab-b9dc-4dc8-baad-edefa40af0b5,file_97.jpg,3237040,txt
8067d26e-94c8-4b4f-8ab1-93053f706f51,Client 28,client.28@example.com,2025-04-29T11:11:39.733781+00:00,Company 28,82,standard,775f6de4-bf12-43dc-b8ee-eff74e7fca85,Operator 3,operator.3@example.com,2026-01-11T11:11:39.734260+00:00,OP-0003,billing,offline,3,14fcb8c7-648f-4441-835b-856bce0df9b2,pending,low,2026-02-17T11:11:39.734672+00:00,,9c4da521-751e-46e5-a5af-8f1151c47364,Message content 98,2026-02-17T19:16:39.734672+00:00,true,,,,
0e833b5b-bec5-417c-86d1-31d364dba72e,Client 8,client.8@example.com,2025-05-23T11:11:39.733428+00:00,Company 8,26,enterprise,13992f5b-13db-41f1-b7c6-e68ae67d889d,Operator 2,operator.2@example.com,2026-03-05T11:11:39.734236+00:00,OP-0002,billing,offline,6,1db27155-d627-49e7-a20f-1198b38053bc,closed,medium,2026-01-18T11:11:39.735177+00:00,2026-01-18T21:11:39.735177+00:00,5f726808-68a1-4950-8d58-735ad2991658,Message content 99,2026-01-19T11:03:39.735177+00:00,false,0036b45e-a3f5-463f-9361-a23a0f0e11a8,file_99.txt,2312508,png
ecc24a2d-ea47-4b7a-a258-09210ce529f1,Client 31,client.31@example.com,2025-10-19T11:11:39.733830+00:00,Company 31,82,standard,775f6de4-bf12-43dc-b8ee-eff74e7fca85,Operator 3,operator.3@example.com,2026-01-11T11:11:39.734260+00:00,OP-0003,billing,offline,3,4cded7cb-9a4f-40f9-9b30-6a0b517e3880,open,medium,2026-01-23T11:11:39.736274+00:00,,dd8ef452-fb0d-4eaa-8189-92704463a3bf,Message content 100,2026-01-24T10:35:39.736274+00:00,false,,,,
0777c6d2-2b2c-4b94-86df-1d6f74cb3528,Client 37,client.37@example.com,2025-08-16T11:11:39.733928+00:00,Company 37,83,enterprise,4e2e12c9-fb99-41b0-a60f-4eb61b5e0f33,Operator 4,operator.4@example.com,2025-08-27T11:11:39.734281+00:00,OP-0004,sales,online,6,28557798-e9e8-4d9b-9a22-af77b48aee99,closed,medium,2026-01-20T11:11:39.736402+00:00,2026-01-21T12:11:39.736402+00:00,b0fe0b8a-94d9-4c26-9d91-d9b06b50b151,Message content 101,2026-01-21T04:08:39.736402+00:00,false,,,,
52fea20d-ccb0-42b4-82ec-0b205237569e,Client 35,client.35@example.com,2025-11-18T11:11:39.733896+00:00,Company 35,73,premium,8c273a5d-f06e-47e3-b4a7-da0ef6f06171,Operator 1,operator.1@example.com,2025-10-07T11:11:39.734205+00:00,OP-0001,tech,offline,5,842d941c-6fbb-4f6c-b37d-5daff267f8f1,pending,high,2026-01-07T11:11:39.737017+00:00,,a3aab3f2-1b49-4bc3-a2f1-386144a3e78b,Message content 102,2026-01-07T19:02:39.737017+00:00,true,,,,
92e2cff6-5b04-44a7-b58c-4d0d1060260b,Client 16,client.16@example.com,2026-02-12T11:11:39.733572+00:00,Company 16,94,enterprise,13992f5b-13db-41f1-b7c6-e68ae67d889d,Operator 2,operator.2@example.com,2026-03-05T11:11:39.734236+00:00,OP-0002,billing,offline,6,289a2075-7af3-408a-a5e9-3e03fa0a0a3e,open,medium,2026-02-05T11:11:39.736523+00:00,,77af3398-60c7-4051-a00f-05968ca22350,Message content 103,2026-02-05T17:40:39.736523+00:00,true,,,,
0fc60bab-9ce8-47f8-97e1-485d6ad75f21,Client 50,client.50@example.com,2025-04-12T11:11:39.734180+00:00,Company 50,44,free,730d608c-8e10-4f7e-a51d-db0d13429f86,Operator 10,operator.10@example.com,2025-06-09T11:11:39.734388+00:00,OP-0010,tech,offline,6,a1d9ce4c-b94a-4d7e-a3ad-cabe2877533a,open,high,2026-01-21T11:11:39.736825+00:00,,fe1ba61b-dcbc-4a32-a222-90a5df8bb42a,Message content 104,2026-01-22T09:41:39.736825+00:00,true,,,,
92e2cff6-5b04-44a7-b58c-4d0d1060260b,Client 16,client.16@example.com,2026-02-12T11:11:39.733572+00:00,Company 16,94,enterprise,4e2e12c9-fb99-41b0-a60f-4eb61b5e0f33,Operator 4,operator.4@example.com,2025-08-27T11:11:39.734281+00:00,OP-0004,sales,online,6,a1e90e84-590c-4f42-bfde-ec1ffba6455f,closed,low,2026-02-22T11:11:39.734650+00:00,2026-02-23T16:11:39.734650+00:00,874b2db2-b50c-4f17-a5cd-d17e2a03202a,Message content 105,2026-02-23T08:36:39.734650+00:00,true,,,,
8bf6c5de-eb19-4f4f-9cb7-7e28340b53e6,Client 5,client.5@example.com,2025-05-08T11:11:39.733371+00:00,Company 5,55,free,75464306-96f6-47c8-9a39-382bf4baa64e,Operator 5,operator.5@example.com,2025-09-22T11:11:39.734300+00:00,OP-0005,tech,online,2,31ac0a08-b4d3-494e-8a0f-79eb77e13e33,closed,medium,2026-02-12T11:11:39.735753+00:00,2026-02-13T20:11:39.735753+00:00,e5bb32a1-aee2-4776-b60c-8cbd0d6029de,Message content 106,2026-02-12T12:19:39.735753+00:00,false,,,,
5faa6da9-33a3-408c-a571-b6625b43948e,Client 4,client.4@example.com,2025-03-25T11:11:39.733349+00:00,Company 4,95,free,7e797a74-cef7-4aac-8eec-dd396da1c475,Operator 7,operator.7@example.com,2025-11-03T11:11:39.734335+00:00,OP-0007,support,online,7,19c95279-ff17-42d6-9e10-1fbcf226f9eb,pending,low,2026-01-19T11:11:39.734634+00:00,,382b35e9-59a4-43f6-83a0-254f73819fe0,Message content 107,2026-01-19T21:15:39.734634+00:00,true,,,,
a5ba550d-ddaa-4ddc-a65a-88442d3adc93,Client 39,client.39@example.com,2025-10-31T11:11:39.733985+00:00,Company 39,96,premium,13992f5b-13db-41f1-b7c6-e68ae67d889d,Operator 2,operator.2@example.com,2026-03-05T11:11:39.734236+00:00,OP-0002,billing,offline,6,fda6239e-2bea-4a68-a8d8-191b3f83214a,open,medium,2026-01-22T11:11:39.734895+00:00,,cd8656f4-e362-4318-9860-3af214dfcfce,Message content 108,2026-01-22T15:41:39.734895+00:00,false,,,,
17543439-3080-4320-9450-fde238897d38,Client 3,client.3@example.com,2025-12-25T11:11:39.733325+00:00,Company 3,95,free,75464306-96f6-47c8-9a39-382bf4baa64e,Operator 5,operator.5@example.com,2025-09-22T11:11:39.734300+00:00,OP-0005,tech,online,2,736c6aa9-0c81-4e95-b8f7-e791ea110805,open,medium,2026-02-11T11:11:39.735431+00:00,,afbb66b4-b01b-4910-a63c-ba96189da6f0,Message content 109,2026-02-12T05:18:39.735431+00:00,true,,,,
bd7acccc-242d-4c64-a3c2-ffa44b532474,Client 14,client.14@example.com,2025-08-24T11:11:39.733539+00:00,Company 14,13,premium,8c273a5d-f06e-47e3-b4a7-da0ef6f06171,Operator 1,operator.1@example.com,2025-10-07T11:11:39.734205+00:00,OP-0001,tech,offline,5,46dbd875-f9f6-4cb4-83fa-26af5a11241b,closed,low,2026-01-28T11:11:39.734816+00:00,2026-01-29T22:11:39.734816+00:00,45a444d2-6810-4268-81bc-54dda3135253,Message content 110,2026-01-28T19:57:39.734816+00:00,false,,,,
0e833b5b-bec5-417c-86d1-31d364dba72e,Client 8,client.8@example.com,2025-05-23T11:11:39.733428+00:00,Company 8,26,enterprise,13992f5b-13db-41f1-b7c6-e68ae67d889d,Operator 2,operator.2@example.com,2026-03-05T11:11:39.734236+00:00,OP-0002,billing,offline,6,1db27155-d627-49e7-a20f-1198b38053bc,closed,medium,2026-01-18T11:11:39.735177+00:00,2026-01-18T21:11:39.735177+00:00,d4e64ddb-4393-4e30-a70e-be54f738d48b,Message content 111,2026-01-18T22:44:39.735177+00:00,true,,,,
8067d26e-94c8-4b4f-8ab1-93053f706f51,Client 28,client.28@example.com,2025-04-29T11:11:39.733781+00:00,Company 28,82,standard,c567ed84-590b-4b94-8e2c-2c96c62d400b,Operator 6,operator.6@example.com,2025-09-02T11:11:39.734317+00:00,OP-0006,billing,offline,2,69e2f568-b6db-450d-82e0-2d0116a9da57,pending,medium,2026-02-07T11:11:39.734596+00:00,,ba493d6c-37e5-4a7c-b7b7-b273fb7226d1,Message content 112,2026-02-07T15:59:39.734596+00:00,true,,,,
92e2cff6-5b04-44a7-b58c-4d0d1060260b,Client 16,client.16@example.com,2026-02-12T11:11:39.733572+00:00,Company 16,94,enterprise,75464306-96f6-47c8-9a39-382bf4baa64e,Operator 5,operator.5@example.com,2025-09-22T11:11:39.734300+00:00,OP-0005,tech,online,2,a9f57b39-55fb-4805-9143-fb55a6018bf0,open,high,2026-02-06T11:11:39.736669+00:00,,10e70407-3d2d-4ddd-958f-5e0e0a892b92,Message content 113,2026-02-07T10:12:39.736669+00:00,false,,,,
50d18f17-5036-4d3d-af5f-300d47cfef98,Client 29,client.29@example.com,2025-06-06T11:11:39.733797+00:00,Company 29,94,standard,679fc6d7-3349-4897-ab8c-49f7d7afa9f5,Operator 8,operator.8@example.com,2025-07-01T11:11:39.734353+00:00,OP-0008,support,offline,3,258362b4-995e-46b8-81f2-979a069a45db,open,high,2026-01-22T11:11:39.736249+00:00,,46691815-1033-43a0-adfe-b4a752e11a0c,Message content 114,2026-01-22T23:40:39.736249+00:00,true,3ca5ea57-c738-4ab4-b68d-2457746ba851,file_114.pdf,4511094,png
4cfd3965-0c74-47ca-8d1c-551fb947514c,Client 17,client.17@example.com,2025-06-05T11:11:39.733590+00:00,Company 17,16,enterprise,775f6de4-bf12-43dc-b8ee-eff74e7fca85,Operator 3,operator.3@example.com,2026-01-11T11:11:39.734260+00:00,OP-0003,billing,offline,3,b53c95c9-09a2-4fe6-99a6-55e8e65757aa,pending,low,2026-01-28T11:11:39.735813+00:00,,93a93cc6-753b-421a-a023-ec4566095126,Message content 115,2026-01-28T23:45:39.735813+00:00,true,,,,
88ded20b-1cd1-4dab-8c10-4f1303231c40,Client 44,client.44@example.com,2025-04-19T11:11:39.734078+00:00,Company 44,21,enterprise,75464306-96f6-47c8-9a39-382bf4baa64e,Operator 5,operator.5@example.com,2025-09-22T11:11:39.734300+00:00,OP-0005,tech,online,2,6090be80-0f26-42d9-b62d-61cb2f3dd2bc,open,low,2026-02-20T11:11:39.736326+00:00,,1f295733-297c-4ce8-ad07-207f1b0c9c8a,Message content 116,2026-02-21T00:11:39.736326+00:00,false,,,,
8067d26e-94c8-4b4f-8ab1-93053f706f51,Client 28,client.28@example.com,2025-04-29T11:11:39.733781+00:00,Company 28,82,standard,775f6de4-bf12-43dc-b8ee-eff74e7fca85,Operator 3,operator.3@example.com,2026-01-11T11:11:39.734260+00:00,OP-0003,billing,offline,3,14fcb8c7-648f-4441-835b-856bce0df9b2,pending,low,2026-02-17T11:11:39.734672+00:00,,6e31adce-7587-451e-a4ee-dc89abe015dc,Message content 117,2026-02-18T10:13:39.734672+00:00,true,a5a55067-d467-4879-a55c-39a85166ece0,file_117.pdf,1866962,png
92e2cff6-5b04-44a7-b58c-4d0d1060260b,Client 16,client.16@example.com,2026-02-12T11:11:39.733572+00:00,Company 16,94,enterprise,13992f5b-13db-41f1-b7c6-e68ae67d889d,Operator 2,operator.2@example.com,2026-03-05T11:11:39.734236+00:00,OP-0002,billing,offline,6,289a2075-7af3-408a-a5e9-3e03fa0a0a3e,open,medium,2026-02-05T11:11:39.736523+00:00,,560a0050-bda1-4ca8-ae89-6bd5f44dd258,Message content 118,2026-02-06T03:01:39.736523+00:00,true,,,,
8ff38149-d4f0-4e94-ac93-245a113f1c68,Client 18,client.18@example.com,2026-01-25T11:11:39.733607+00:00,Company 18,71,premium,775f6de4-bf12-43dc-b8ee-eff74e7fca85,Operator 3,operator.3@example.com,2026-01-11T11:11:39.734260+00:00,OP-0003,billing,offline,3,1376f62e-cbbb-45c9-9f2c-dd1bf29bc4f5,closed,medium,2026-01-15T11:11:39.735627+00:00,2026-01-15T18:11:39.735627+00:00,45ed1675-a8c2-4e26-b4e2-2c476da3df73,Message content 119,2026-01-15T15:09:39.735627+00:00,false,9c5671de-714e-475c-90b5-102924443a62,file_119.pdf,4142434,png
92e2cff6-5b04-44a7-b58c-4d0d1060260b,Client 16,client.16@example.com,2026-02-12T11:11:39.733572+00:00,Company 16,94,enterprise,4e2e12c9-fb99-41b0-a60f-4eb61b5e0f33,Operator 4,operator.4@example.com,2025-08-27T11:11:39.734281+00:00,OP-0004,sales,online,6,a1e90e84-590c-4f42-bfde-ec1ffba6455f,closed,low,2026-02-22T11:11:39.734650+00:00,2026-02-23T16:11:39.734650+00:00,b4f591d5-f74c-4629-bc6c-88a0a1e59ca2,Message content 120,2026-02-22T19:11:39.734650+00:00,true,,,,
4cfd3965-0c74-47ca-8d1c-551fb947514c,Client 17,client.17@example.com,2025-06-05T11:11:39.733590+00:00,Company 17,16,enterprise,775f6de4-bf12-43dc-b8ee-eff74e7fca85,Operator 3,operator.3@example.com,2026-01-11T11:11:39.734260+00:00,OP-0003,billing,offline,3,b53c95c9-09a2-4fe6-99a6-55e8e65757aa,pending,low,2026-01-28T11:11:39.735813+00:00,,28e1c085-6dd6-4c4e-9a53-f4ef28df7837,Message content 121,2026-01-28T23:50:39.735813+00:00,false,,,,
c1d26b76-65a7-43fd-a884-ff8ace8e21f5,Client 36,client.36@example.com,2025-11-18T11:11:39.733912+00:00,Company 36,84,enterprise,8c273a5d-f06e-47e3-b4a7-da0ef6f06171,Operator 1,operator.1@example.com,2025-10-07T11:11:39.734205+00:00,OP-0001,tech,offline,5,85460c13-7a82-492d-87c5-dfa2cb9837d6,pending,low,2026-02-15T11:11:39.736182+00:00,,b2d34071-30a3-4e37-bb68-1605754af0ce,Message content 122,2026-02-16T01:29:39.736182+00:00,false,,,,
17543439-3080-4320-9450-fde238897d38,Client 3,client.3@example.com,2025-12-25T11:11:39.733325+00:00,Company 3,95,free,679fc6d7-3349-4897-ab8c-49f7d7afa9f5,Operator 8,operator.8@example.com,2025-07-01T11:11:39.734353+00:00,OP-0008,support,offline,3,f39345d0-d50a-4854-b445-e880ee27ea4d,open,medium,2026-02-20T11:11:39.735669+00:00,,277c8c6d-3a3f-48cb-809b-c816187f7025,Message content 123,2026-02-21T09:32:39.735669+00:00,true,eafae245-7c9f-4fad-8dd0-5e7343cdc5b5,file_123.txt,2356630,png
52fea20d-ccb0-42b4-82ec-0b205237569e,Client 35,client.35@example.com,2025-11-18T11:11:39.733896+00:00,Company 35,73,premium,13992f5b-13db-41f1-b7c6-e68ae67d889d,Operator 2,operator.2@example.com,2026-03-05T11:11:39.734236+00:00,OP-0002,billing,offline,6,75fd6177-233a-42c4-b8be-fc8b7fcf55c9,open,low,2026-02-26T11:11:39.736717+00:00,,03d9ec3d-c4b5-4724-b78a-8fc9f6012691,Message content 124,2026-02-26T23:49:39.736717+00:00,true,9b0803c3-300a-46f3-9006-ec93b881e410,file_124.jpg,3052431,png
02605a21-0cd4-4681-89e4-841a48af011f,Client 19,client.19@example.com,2025-04-19T11:11:39.733624+00:00,Company 19,80,premium,4e2e12c9-fb99-41b0-a60f-4eb61b5e0f33,Operator 4,operator.4@example.com,2025-08-27T11:11:39.734281+00:00,OP-0004,sales,online,6,ab687850-17bd-4cbe-b7e8-b843f8dae9bc,pending,medium,2026-02-17T11:11:39.736692+00:00,,e58493bd-e4a1-4a12-8ed5-3ad4282c243a,Message content 125,2026-02-17T23:43:39.736692+00:00,false,,,,
f3a41c1c-78ab-41a3-afce-0fdd1b2b2d69,Client 38,client.38@example.com,2025-12-23T11:11:39.733948+00:00,Company 38,34,standard,cbe4ab29-47da-4080-be68-40c8076ffd1c,Operator 9,operator.9@example.com,2025-04-03T11:11:39.734371+00:00,OP-0009,tech,offline,4,489e454f-bc30-4f2f-857d-d74c171f21e6,pending,low,2026-02-25T11:11:39.735407+00:00,,b1e0b7fc-d71f-409d-a4f6-414ba35b49aa,Message content 126,2026-02-25T13:15:39.735407+00:00,true,,,,
8f275979-555b-4725-9ef2-d59d15bef42c,Client 42,client.42@example.com,2025-06-19T11:11:39.734045+00:00,Company 42,64,free,cbe4ab29-47da-4080-be68-40c8076ffd1c,Operator 9,operator.9@example.com,2025-04-03T11:11:39.734371+00:00,OP-0009,tech,offline,4,8ee293dd-db19-4239-b929-ff2a807163a4,open,low,2026-01-12T11:11:39.734713+00:00,,58230f44-2003-4e54-8ccd-97095f449fde,Message content 127,2026-01-13T02:42:39.734713+00:00,true,37ca4d9b-65c9-4db0-8759-5ec9fc78779d,file_127.png,434283,pdf
638081d3-bce7-40f6-b88c-d5b343b2e3d2,Client 1,client.1@example.com,2025-04-13T11:11:39.733210+00:00,Company 1,15,free,679fc6d7-3349-4897-ab8c-49f7d7afa9f5,Operator 8,operator.8@example.com,2025-07-01T11:11:39.734353+00:00,OP-0008,support,offline,3,7233beda-2ba0-453f-a2e4-265b04f963bf,closed,low,2026-01-26T11:11:39.735022+00:00,2026-01-26T18:11:39.735022+00:00,7f567d38-4989-4b95-906c-121d02bf66e7,Message content 128,2026-01-26T15:28:39.735022+00:00,true,,,,
86ed07ac-9eb8-4057-ae3c-96c475cf5c56,Client 25,client.25@example.com,2025-12-13T11:11:39.733726+00:00,Company 25,48,premium,c567ed84-590b-4b94-8e2c-2c96c62d400b,Operator 6,operator.6@example.com,2025-09-02T11:11:39.734317+00:00,OP-0006,billing,offline,2,7647f22b-6357-46b6-8f55-20df71847d01,closed,high,2026-01-23T11:11:39.736979+00:00,2026-01-24T13:11:39.736979+00:00,b3a56dcb-efc0-4f78-b066-d9964cd43014,Message content 129,2026-01-24T06:06:39.736979+00:00,true,340d4628-e3d9-4065-ab95-fe30669936b8,file_129.jpg,2766157,jpg
0fc60bab-9ce8-47f8-97e1-485d6ad75f21,Client 50,client.50@example.com,2025-04-12T11:11:39.734180+00:00,Company 50,44,free,13992f5b-13db-41f1-b7c6-e68ae67d889d,Operator 2,operator.2@example.com,2026-03-05T11:11:39.734236+00:00,OP-0002,billing,offline,6,c5942bb0-a795-4c63-bda3-d8a03d5d398b,pending,high,2026-02-05T11:11:39.736375+00:00,,231375fa-d865-4f97-aaed-21eeedfea1c3,Message content 130,2026-02-05T11:16:39.736375+00:00,false,ad4a653e-6683-4f26-9183-2fb2c48d4b8a,file_130.jpg,4541655,pdf
58a107b7-f3f3-4c7c-9ecf-0d8e2ed82e88,Client 48,client.48@example.com,2025-03-23T11:11:39.734148+00:00,Company 48,93,free,c567ed84-590b-4b94-8e2c-2c96c62d400b,Operator 6,operator.6@example.com,2025-09-02T11:11:39.734317+00:00,OP-0006,billing,offline,2,c026311f-4168-4e91-a58c-0293e7e6ac60,open,high,2026-03-03T11:11:39.734838+00:00,,0a306d29-0737-4f89-8b43-086657ea9e4e,Message content 131,2026-03-03T14:56:39.734838+00:00,true,,,,
4b73c797-4439-4f60-9085-0e61a6a2015d,Client 43,client.43@example.com,2026-02-10T11:11:39.734062+00:00,Company 43,15,standard,c567ed84-590b-4b94-8e2c-2c96c62d400b,Operator 6,operator.6@example.com,2025-09-02T11:11:39.734317+00:00,OP-0006,billing,offline,2,45f0a610-5ff1-49c0-870f-fc327b2ff074,closed,low,2026-02-06T11:11:39.734431+00:00,2026-02-07T16:11:39.734431+00:00,0b15a6a6-109a-477a-8636-e1f2dc37bd3e,Message content 132,2026-02-06T23:24:39.734431+00:00,true,,,,
17543439-3080-4320-9450-fde238897d38,Client 3,client.3@example.com,2025-12-25T11:11:39.733325+00:00,Company 3,95,free,8c273a5d-f06e-47e3-b4a7-da0ef6f06171,Operator 1,operator.1@example.com,2025-10-07T11:11:39.734205+00:00,OP-0001,tech,offline,5,9871d710-6730-430d-b4a0-0c88e046d70e,open,high,2026-02-13T11:11:39.735296+00:00,,ecbd74d8-33f1-4121-b6af-c2fc2e00febc,Message content 133,2026-02-13T11:43:39.735296+00:00,true,cf261409-13c3-48de-ba84-31ecb69cadec,file_133.txt,4423125,png
58a107b7-f3f3-4c7c-9ecf-0d8e2ed82e88,Client 48,client.48@example.com,2025-03-23T11:11:39.734148+00:00,Company 48,93,free,cbe4ab29-47da-4080-be68-40c8076ffd1c,Operator 9,operator.9@example.com,2025-04-03T11:11:39.734371+00:00,OP-0009,tech,offline,4,7cf2c268-9c00-4c2a-9eb7-66429dcddb95,closed,medium,2026-01-14T11:11:39.736915+00:00,2026-01-15T02:11:39.736915+00:00,6a206086-f317-457f-9d64-1c4159cf1955,Message content 134,2026-01-14T13:21:39.736915+00:00,false,,,,
0e833b5b-bec5-417c-86d1-31d364dba72e,Client 8,client.8@example.com,2025-05-23T11:11:39.733428+00:00,Company 8,26,enterprise,75464306-96f6-47c8-9a39-382bf4baa64e,Operator 5,operator.5@example.com,2025-09-22T11:11:39.734300+00:00,OP-0005,tech,online,2,4759550c-d33b-4924-b9cd-531a205dc23a,pending,high,2026-02-02T11:11:39.736043+00:00,,77e9830e-13f7-4300-b697-9bebe4e1e7d5,Message content 135,2026-02-03T07:26:39.736043+00:00,true,9b85836d-2e1e-4be7-afb2-0aa298584ae3,file_135.png,4384249,pdf
4cfd3965-0c74-47ca-8d1c-551fb947514c,Client 17,client.17@example.com,2025-06-05T11:11:39.733590+00:00,Company 17,16,enterprise,775f6de4-bf12-43dc-b8ee-eff74e7fca85,Operator 3,operator.3@example.com,2026-01-11T11:11:39.734260+00:00,OP-0003,billing,offline,3,b53c95c9-09a2-4fe6-99a6-55e8e65757aa,pending,low,2026-01-28T11:11:39.735813+00:00,,c610a9bf-4b5e-4c3a-b0c0-c85ff89b77ac,Message content 136,2026-01-29T09:08:39.735813+00:00,true,,,,
0777c6d2-2b2c-4b94-86df-1d6f74cb3528,Client 37,client.37@example.com,2025-08-16T11:11:39.733928+00:00,Company 37,83,enterprise,4e2e12c9-fb99-41b0-a60f-4eb61b5e0f33,Operator 4,operator.4@example.com,2025-08-27T11:11:39.734281+00:00,OP-0004,sales,online,6,c3a8d2ec-3958-4b7e-b0b6-3fd8ddc0c3f3,open,high,2026-02-18T11:11:39.735900+00:00,,84b5b99c-9116-4c8d-b5e3-411b7a7c8ecc,Message content 137,2026-02-19T00:53:39.735900+00:00,true,,,,
5faa6da9-33a3-408c-a571-b6625b43948e,Client 4,client.4@example.com,2025-03-25T11:11:39.733349+00:00,Company 4,95,free,4e2e12c9-fb99-41b0-a60f-4eb61b5e0f33,Operator 4,operator.4@example.com,2025-08-27T11:11:39.734281+00:00,OP-0004,sales,online,6,2fdc35b1-7fd7-4dba-9850-438a59ef2aa4,pending,medium,2026-01-12T11:11:39.736801+00:00,,c98ad8c1-3506-45ab-9d05-44c7ee4b01cf,Message content 138,2026-01-13T02:19:39.736801+00:00,true,b7df56e9-3b71-447b-9e0f-106d3c955d64,file_138.jpg,560982,jpg
55ffb774-9524-46af-919c-2ad12b14fd74,Client 40,client.40@example.com,2025-05-11T11:11:39.734007+00:00,Company 40,55,enterprise,cbe4ab29-47da-4080-be68-40c8076ffd1c,Operator 9,operator.9@example.com,2025-04-03T11:11:39.734371+00:00,OP-0009,tech,offline,4,fed40572-ad2b-471c-9c8c-58da2fb945f1,closed,medium,2026-03-06T11:11:39.735121+00:00,2026-03-07T23:11:39.735121+00:00,43190414-21c4-4733-9ab1-165dad2cf53b,Message content 139,2026-03-07T08:29:39.735121+00:00,true,,,,
17543439-3080-4320-9450-fde238897d38,Client 3,client.3@example.com,2025-12-25T11:11:39.733325+00:00,Company 3,95,free,8c273a5d-f06e-47e3-b4a7-da0ef6f06171,Operator 1,operator.1@example.com,2025-10-07T11:11:39.734205+00:00,OP-0001,tech,offline,5,9871d710-6730-430d-b4a0-0c88e046d70e,open,high,2026-02-13T11:11:39.735296+00:00,,8615ba12-6268-4c14-a7d5-8f0418df19ed,Message content 140,2026-02-14T00:11:39.735296+00:00,true,,,,
4cfd3965-0c74-47ca-8d1c-551fb947514c,Client 17,client.17@example.com,2025-06-05T11:11:39.733590+00:00,Company 17,16,enterprise,775f6de4-bf12-43dc-b8ee-eff74e7fca85,Operator 3,operator.3@example.com,2026-01-11T11:11:39.734260+00:00,OP-0003,billing,offline,3,b53c95c9-09a2-4fe6-99a6-55e8e65757aa,pending,low,2026-01-28T11:11:39.735813+00:00,,42477e68-70ff-4fca-b2b1-038628be9431,Message content 141,2026-01-29T04:26:39.735813+00:00,true,,,,
86ed07ac-9eb8-4057-ae3c-96c475cf5c56,Client 25,client.25@example.com,2025-12-13T11:11:39.733726+00:00,Company 25,48,premium,775f6de4-bf12-43dc-b8ee-eff74e7fca85,Operator 3,operator.3@example.com,2026-01-11T11:11:39.734260+00:00,OP-0003,billing,offline,3,4094ee53-4cff-4849-aab1-6f93a0864a4d,open,low,2026-01-20T11:11:39.736743+00:00,,11efb7a6-754e-4338-9180-2aa2442ee97f,Message content 142,2026-01-20T15:05:39.736743+00:00,true,,,,
5caab472-47e3-4e7f-a3a7-3c61503d63e0,Client 11,client.11@example.com,2025-03-14T11:11:39.733488+00:00,Company 11,55,premium,679fc6d7-3349-4897-ab8c-49f7d7afa9f5,Operator 8,operator.8@example.com,2025-07-01T11:11:39.734353+00:00,OP-0008,support,offline,3,7605b37a-73eb-4a6c-baf4-bad0fc70b5ca,open,high,2026-01-07T11:11:39.737002+00:00,,807ff345-6f16-4834-b5b3-2b96328f7b3c,Message content 143,2026-01-08T06:00:39.737002+00:00,true,,,,
88ded20b-1cd1-4dab-8c10-4f1303231c40,Client 44,client.44@example.com,2025-04-19T11:11:39.734078+00:00,Company 44,21,enterprise,cbe4ab29-47da-4080-be68-40c8076ffd1c,Operator 9,operator.9@example.com,2025-04-03T11:11:39.734371+00:00,OP-0009,tech,offline,4,e8f1ede2-a205-4159-ba19-f13d7f0edab4,open,low,2026-02-13T11:11:39.735787+00:00,,4946d49f-25c4-4a91-ae22-5197cbdd72ae,Message content 144,2026-02-13T18:58:39.735787+00:00,false,,,,
fd7d0456-43a1-4c22-9dfb-6a34f783ef0b,Client 22,client.22@example.com,2025-10-09T11:11:39.733674+00:00,Company 22,11,standard,7e797a74-cef7-4aac-8eec-dd396da1c475,Operator 7,operator.7@example.com,2025-11-03T11:11:39.734335+00:00,OP-0007,support,online,7,427bd460-e074-4611-8889-a950906f01a4,closed,low,2026-01-14T11:11:39.735590+00:00,2026-01-16T11:11:39.735590+00:00,93439d62-0b34-4f02-aff7-e05aec2dd648,Message content 145,2026-01-15T01:22:39.735590+00:00,true,,,,
5faa6da9-33a3-408c-a571-b6625b43948e,Client 4,client.4@example.com,2025-03-25T11:11:39.733349+00:00,Company 4,95,free,13992f5b-13db-41f1-b7c6-e68ae67d889d,Operator 2,operator.2@example.com,2026-03-05T11:11:39.734236+00:00,OP-0002,billing,offline,6,4e6adde7-3686-419c-9bba-35d9b0858ea2,pending,medium,2026-01-25T11:11:39.735267+00:00,,8eba04a5-1df2-494f-8881-2613fd75e3df,Message content 146,2026-01-26T09:53:39.735267+00:00,false,807cae96-2d92-4b25-8edc-643b005f138e,file_146.txt,573155,png
dd2d5218-9c9f-4ea4-a2f5-2d90d93c7e31,Client 47,client.47@example.com,2025-06-09T11:11:39.734131+00:00,Company 47,33,free,8c273a5d-f06e-47e3-b4a7-da0ef6f06171,Operator 1,operator.1@example.com,2025-10-07T11:11:39.734205+00:00,OP-0001,tech,offline,5,91e7a664-4113-4ce8-a3bb-a401a4c4208b,closed,low,2026-01-22T11:11:39.734612+00:00,2026-01-24T05:11:39.734612+00:00,e0d52a32-a217-474d-8448-c3750380ad18,Message content 147,2026-01-22T14:21:39.734612+00:00,false,,,,
bd7acccc-242d-4c64-a3c2-ffa44b532474,Client 14,client.14@example.com,2025-08-24T11:11:39.733539+00:00,Company 14,13,premium,4e2e12c9-fb99-41b0-a60f-4eb61b5e0f33,Operator 4,operator.4@example.com,2025-08-27T11:11:39.734281+00:00,OP-0004,sales,online,6,63126192-a39d-4036-9c7f-30ecf3d3ca7d,open,medium,2026-01-23T11:11:39.735466+00:00,,194df9c6-2ff6-4f46-ad93-5e85fd7cffe2,Message content 148,2026-01-23T15:37:39.735466+00:00,true,,,,
50d18f17-5036-4d3d-af5f-300d47cfef98,Client 29,client.29@example.com,2025-06-06T11:11:39.733797+00:00,Company 29,94,standard,679fc6d7-3349-4897-ab8c-49f7d7afa9f5,Operator 8,operator.8@example.com,2025-07-01T11:11:39.734353+00:00,OP-0008,support,offline,3,258362b4-995e-46b8-81f2-979a069a45db,open,high,2026-01-22T11:11:39.736249+00:00,,f86a52b4-0012-49be-a70e-fbda0e7c3d46,Message content 149,2026-01-23T06:21:39.736249+00:00,true,,,,
f3a41c1c-78ab-41a3-afce-0fdd1b2b2d69,Client 38,client.38@example.com,2025-12-23T11:11:39.733948+00:00,Company 38,34,standard,cbe4ab29-47da-4080-be68-40c8076ffd1c,Operator 9,operator.9@example.com,2025-04-03T11:11:39.734371+00:00,OP-0009,tech,offline,4,489e454f-bc30-4f2f-857d-d74c171f21e6,pending,low,2026-02-25T11:11:39.735407+00:00,,9a8289f2-1c29-43f7-bdb5-d28e8f5cf9ce,Message content 150,2026-02-26T09:53:39.735407+00:00,true,,,,
0fc60bab-9ce8-47f8-97e1-485d6ad75f21,Client 50,client.50@example.com,2025-04-12T11:11:39.734180+00:00,Company 50,44,free,730d608c-8e10-4f7e-a51d-db0d13429f86,Operator 10,operator.10@example.com,2025-06-09T11:11:39.734388+00:00,OP-0010,tech,offline,6,a1d9ce4c-b94a-4d7e-a3ad-cabe2877533a,open,high,2026-01-21T11:11:39.736825+00:00,,d1189af8-9b95-409a-9e91-0d656587ae44,Message content 151,2026-01-21T12:56:39.736825+00:00,true,,,,
f3a41c1c-78ab-41a3-afce-0fdd1b2b2d69,Client 38,client.38@example.com,2025-12-23T11:11:39.733948+00:00,Company 38,34,standard,cbe4ab29-47da-4080-be68-40c8076ffd1c,Operator 9,operator.9@example.com,2025-04-03T11:11:39.734371+00:00,OP-0009,tech,offline,4,489e454f-bc30-4f2f-857d-d74c171f21e6,pending,low,2026-02-25T11:11:39.735407+00:00,,df09fc1e-c789-45ee-8ad5-e43b7e654fea,Message content 152,2026-02-25T14:43:39.735407+00:00,true,,,,
58a107b7-f3f3-4c7c-9ecf-0d8e2ed82e88,Client 48,client.48@example.com,2025-03-23T11:11:39.734148+00:00,Company 48,93,free,679fc6d7-3349-4897-ab8c-49f7d7afa9f5,Operator 8,operator.8@example.com,2025-07-01T11:11:39.734353+00:00,OP-0008,support,offline,3,d8053512-54f4-4ce3-bef5-870132ddad32,pending,low,2026-02-06T11:11:39.736614+00:00,,18258533-4d18-430d-96e7-8e8bc9920328,Message content 153,2026-02-07T03:38:39.736614+00:00,true,d4acdfe3-47c4-449c-8225-bb721010616b,file_153.pdf,973727,pdf
9573f1e3-e253-4a34-a620-aa47e4e21e12,Client 33,client.33@example.com,2025-11-09T11:11:39.733863+00:00,Company 33,5,premium,730d608c-8e10-4f7e-a51d-db0d13429f86,Operator 10,operator.10@example.com,2025-06-09T11:11:39.734388+00:00,OP-0010,tech,offline,6,c62d9326-1dfd-47bd-912c-3c4e7f5a7930,open,low,2026-02-13T11:11:39.736300+00:00,,33f8d942-5969-453e-94d3-be4da3f767ff,Message content 154,2026-02-13T18:54:39.736300+00:00,false,,,,
5caab472-47e3-4e7f-a3a7-3c61503d63e0,Client 11,client.11@example.com,2025-03-14T11:11:39.733488+00:00,Company 11,55,premium,679fc6d7-3349-4897-ab8c-49f7d7afa9f5,Operator 8,operator.8@example.com,2025-07-01T11:11:39.734353+00:00,OP-0008,support,offline,3,7605b37a-73eb-4a6c-baf4-bad0fc70b5ca,open,high,2026-01-07T11:11:39.737002+00:00,,54d769c4-d2ef-4a97-90e1-188beccbe27d,Message content 155,2026-01-08T08:24:39.737002+00:00,true,,,,
f3a41c1c-78ab-41a3-afce-0fdd1b2b2d69,Client 38,client.38@example.com,2025-12-23T11:11:39.733948+00:00,Company 38,34,standard,cbe4ab29-47da-4080-be68-40c8076ffd1c,Operator 9,operator.9@example.com,2025-04-03T11:11:39.734371+00:00,OP-0009,tech,offline,4,a32d2ff4-0427-4efc-a9fc-73293b84612d,closed,low,2026-02-20T11:11:39.734478+00:00,2026-02-21T02:11:39.734478+00:00,16696abe-092b-41dc-a49f-8c82557f9924,Message content 156,2026-02-21T07:58:39.734478+00:00,false,,,,
02605a21-0cd4-4681-89e4-841a48af011f,Client 19,client.19@example.com,2025-04-19T11:11:39.733624+00:00,Company 19,80,premium,775f6de4-bf12-43dc-b8ee-eff74e7fca85,Operator 3,operator.3@example.com,2026-01-11T11:11:39.734260+00:00,OP-0003,billing,offline,3,dc2d98d3-9cc9-4bae-b622-a136687e08f6,closed,medium,2026-02-06T11:11:39.735084+00:00,2026-02-08T09:11:39.735084+00:00,801e4de7-8fc4-4149-bdb1-a513bcf7f8fd,Message content 157,2026-02-06T12:10:39.735084+00:00,false,7c2efed2-3903-4e98-a3ad-05dba6c24f62,file_157.pdf,2860655,pdf
0a272624-2c12-484e-8a21-5158a8d796cf,Client 49,client.49@example.com,2025-03-22T11:11:39.734164+00:00,Company 49,69,premium,4e2e12c9-fb99-41b0-a60f-4eb61b5e0f33,Operator 4,operator.4@example.com,2025-08-27T11:11:39.734281+00:00,OP-0004,sales,online,6,2339a806-fbef-4c1a-856c-5eb421dd1eaf,pending,medium,2026-01-20T11:11:39.734406+00:00,,4721b55a-64ad-45d5-8dc1-5907b01781df,Message content 158,2026-01-20T17:22:39.734406+00:00,true,,,,
fd7d0456-43a1-4c22-9dfb-6a34f783ef0b,Client 22,client.22@example.com,2025-10-09T11:11:39.733674+00:00,Company 22,11,standard,7e797a74-cef7-4aac-8eec-dd396da1c475,Operator 7,operator.7@example.com,2025-11-03T11:11:39.734335+00:00,OP-0007,support,online,7,427bd460-e074-4611-8889-a950906f01a4,closed,low,2026-01-14T11:11:39.735590+00:00,2026-01-16T11:11:39.735590+00:00,167fa8aa-0543-4648-9b86-c9eb97b4b979,Message content 159,2026-01-14T13:33:39.735590+00:00,true,905a43a6-422d-4e7e-8bac-2b7da28ec852,file_159.png,779719,jpg
0fc60bab-9ce8-47f8-97e1-485d6ad75f21,Client 50,client.50@example.com,2025-04-12T11:11:39.734180+00:00,Company 50,44,free,cbe4ab29-47da-4080-be68-40c8076ffd1c,Operator 9,operator.9@example.com,2025-04-03T11:11:39.734371+00:00,OP-0009,tech,offline,4,ede5b473-da51-4b24-afbd-20136c7a3499,pending,high,2026-01-09T11:11:39.735496+00:00,,e6d38aa6-86f9-47c3-a860-df7a572d5d41,Message content 160,2026-01-10T01:30:39.735496+00:00,true,,,,
88ded20b-1cd1-4dab-8c10-4f1303231c40,Client 44,client.44@example.com,2025-04-19T11:11:39.734078+00:00,Company 44,21,enterprise,75464306-96f6-47c8-9a39-382bf4baa64e,Operator 5,operator.5@example.com,2025-09-22T11:11:39.734300+00:00,OP-0005,tech,online,2,e04df53b-00cd-434d-9f93-07c4f419a3ed,pending,medium,2026-02-02T11:11:39.735240+00:00,,02d45d28-266f-4d5a-800d-f4e5e7e2dddf,Message content 161,2026-02-02T22:15:39.735240+00:00,true,,,,
dd2d5218-9c9f-4ea4-a2f5-2d90d93c7e31,Client 47,client.47@example.com,2025-06-09T11:11:39.734131+00:00,Company 47,33,free,8c273a5d-f06e-47e3-b4a7-da0ef6f06171,Operator 1,operator.1@example.com,2025-10-07T11:11:39.734205+00:00,OP-0001,tech,offline,5,91e7a664-4113-4ce8-a3bb-a401a4c4208b,closed,low,2026-01-22T11:11:39.734612+00:00,2026-01-24T05:11:39.734612+00:00,e54f0ea6-8560-4904-b562-7f09614fe89d,Message content 162,2026-01-22T12:58:39.734612+00:00,false,348f6a67-9c11-4b7e-a40b-d5d07e04cd98,file_162.png,694355,pdf
8bf6c5de-eb19-4f4f-9cb7-7e28340b53e6,Client 5,client.5@example.com,2025-05-08T11:11:39.733371+00:00,Company 5,55,free,75464306-96f6-47c8-9a39-382bf4baa64e,Operator 5,operator.5@example.com,2025-09-22T11:11:39.734300+00:00,OP-0005,tech,online,2,31ac0a08-b4d3-494e-8a0f-79eb77e13e33,closed,medium,2026-02-12T11:11:39.735753+00:00,2026-02-13T20:11:39.735753+00:00,8a7006ec-6aed-4c48-beed-5ec1871bf08b,Message content 163,2026-02-13T09:46:39.735753+00:00,true,,,,
17543439-3080-4320-9450-fde238897d38,Client 3,client.3@example.com,2025-12-25T11:11:39.733325+00:00,Company 3,95,free,679fc6d7-3349-4897-ab8c-49f7d7afa9f5,Operator 8,operator.8@example.com,2025-07-01T11:11:39.734353+00:00,OP-0008,support,offline,3,f39345d0-d50a-4854-b445-e880ee27ea4d,open,medium,2026-02-20T11:11:39.735669+00:00,,c35a2324-3f48-430b-b970-ebd717c77449,Message content 164,2026-02-20T20:30:39.735669+00:00,true,43b5f807-83ad-427c-bad8-afe2c59d316a,file_164.pdf,3616376,png
4b73c797-4439-4f60-9085-0e61a6a2015d,Client 43,client.43@example.com,2026-02-10T11:11:39.734062+00:00,Company 43,15,standard,13992f5b-13db-41f1-b7c6-e68ae67d889d,Operator 2,operator.2@example.com,2026-03-05T11:11:39.734236+00:00,OP-0002,billing,offline,6,2a2b9b60-f71a-4b63-841f-ad809db56934,open,medium,2026-01-09T11:11:39.735154+00:00,,a709e717-963c-413e-b3cb-62a61be8d152,Message content 165,2026-01-10T10:19:39.735154+00:00,true,,,,
bc58cd4e-7448-49c7-9d42-0f1f86fdfb7b,Client 41,client.41@example.com,2025-09-02T11:11:39.734024+00:00,Company 41,29,standard,75464306-96f6-47c8-9a39-382bf4baa64e,Operator 5,operator.5@example.com,2025-09-22T11:11:39.734300+00:00,OP-0005,tech,online,2,9619a752-d40c-4d1f-8df2-10f318e29832,closed,high,2026-01-16T11:11:39.736638+00:00,2026-01-17T19:11:39.736638+00:00,85261934-f2aa-4156-b37b-8d3483df0797,Message content 166,2026-01-16T21:42:39.736638+00:00,true,f2fdc08c-eecb-42c2-afe5-c757e0ffc353,file_166.png,74483,jpg
02605a21-0cd4-4681-89e4-841a48af011f,Client 19,client.19@example.com,2025-04-19T11:11:39.733624+00:00,Company 19,80,premium,730d608c-8e10-4f7e-a51d-db0d13429f86,Operator 10,operator.10@example.com,2025-06-09T11:11:39.734388+00:00,OP-0010,tech,offline,6,37eeb618-1da8-4e27-9710-48189b5b1143,closed,low,2026-02-21T11:11:39.735208+00:00,2026-02-22T09:11:39.735208+00:00,3bc021a9-eaa7-44ce-acbe-8083172628f8,Message content 167,2026-02-21T18:23:39.735208+00:00,false,,,,
0e833b5b-bec5-417c-86d1-31d364dba72e,Client 8,client.8@example.com,2025-05-23T11:11:39.733428+00:00,Company 8,26,enterprise,13992f5b-13db-41f1-b7c6-e68ae67d889d,Operator 2,operator.2@example.com,2026-03-05T11:11:39.734236+00:00,OP-0002,billing,offline,6,1db27155-d627-49e7-a20f-1198b38053bc,closed,medium,2026-01-18T11:11:39.735177+00:00,2026-01-18T21:11:39.735177+00:00,193f4e98-b848-4b4f-af44-5b43935f7666,Message content 168,2026-01-18T22:22:39.735177+00:00,true,f0c585dd-333c-4e98-80bf-88294a1accf5,file_168.txt,1483834,jpg
0fc60bab-9ce8-47f8-97e1-485d6ad75f21,Client 50,client.50@example.com,2025-04-12T11:11:39.734180+00:00,Company 50,44,free,cbe4ab29-47da-4080-be68-40c8076ffd1c,Operator 9,operator.9@example.com,2025-04-03T11:11:39.734371+00:00,OP-0009,tech,offline,4,ede5b473-da51-4b24-afbd-20136c7a3499,pending,high,2026-01-09T11:11:39.735496+00:00,,c6751e30-668b-442d-9bbc-decf08cb2457,Message content 169,2026-01-10T05:21:39.735496+00:00,true,,,,
bc58cd4e-7448-49c7-9d42-0f1f86fdfb7b,Client 41,client.41@example.com,2025-09-02T11:11:39.734024+00:00,Company 41,29,standard,75464306-96f6-47c8-9a39-382bf4baa64e,Operator 5,operator.5@example.com,2025-09-22T11:11:39.734300+00:00,OP-0005,tech,online,2,9619a752-d40c-4d1f-8df2-10f318e29832,closed,high,2026-01-16T11:11:39.736638+00:00,2026-01-17T19:11:39.736638+00:00,bc62f4aa-b823-4629-81fb-539c94de4977,Message content 170,2026-01-16T23:16:39.736638+00:00,false,94c0f54d-a834-44e5-b759-f4ba990a1b03,file_170.png,3669275,png
4cfd3965-0c74-47ca-8d1c-551fb947514c,Client 17,client.17@example.com,2025-06-05T11:11:39.733590+00:00,Company 17,16,enterprise,775f6de4-bf12-43dc-b8ee-eff74e7fca85,Operator 3,operator.3@example.com,2026-01-11T11:11:39.734260+00:00,OP-0003,billing,offline,3,b53c95c9-09a2-4fe6-99a6-55e8e65757aa,pending,low,2026-01-28T11:11:39.735813+00:00,,62ba8273-d5aa-4d2a-89c3-86529ff3b778,Message content 171,2026-01-28T13:50:39.735813+00:00,true,,,,
9573f1e3-e253-4a34-a620-aa47e4e21e12,Client 33,client.33@example.com,2025-11-09T11:11:39.733863+00:00,Company 33,5,premium,730d608c-8e10-4f7e-a51d-db0d13429f86,Operator 10,operator.10@example.com,2025-06-09T11:11:39.734388+00:00,OP-0010,tech,offline,6,c62d9326-1dfd-47bd-912c-3c4e7f5a7930,open,low,2026-02-13T11:11:39.736300+00:00,,98e4df9a-85f6-4bb0-bca4-5f861d6d0eac,Message content 172,2026-02-14T00:59:39.736300+00:00,true,,,,
8bf6c5de-eb19-4f4f-9cb7-7e28340b53e6,Client 5,client.5@example.com,2025-05-08T11:11:39.733371+00:00,Company 5,55,free,679fc6d7-3349-4897-ab8c-49f7d7afa9f5,Operator 8,operator.8@example.com,2025-07-01T11:11:39.734353+00:00,OP-0008,support,offline,3,6004811b-18d1-46af-be6e-d71257dd3004,closed,low,2026-01-14T11:11:39.734687+00:00,2026-01-14T18:11:39.734687+00:00,7a09faa4-2d3a-4f1d-8a65-8c0e264fdf6c,Message content 173,2026-01-15T01:00:39.734687+00:00,true,83460d51-2a3e-4c83-b10c-50df7aa30c51,file_173.txt,3045440,png
be8e0951-42af-4432-9cc6-c69623522d28,Client 2,client.2@example.com,2025-10-17T11:11:39.733288+00:00,Company 2,32,standard,4e2e12c9-fb99-41b0-a60f-4eb61b5e0f33,Operator 4,operator.4@example.com,2025-08-27T11:11:39.734281+00:00,OP-0004,sales,online,6,e0821134-a29d-49d8-8958-797a2a40920b,pending,medium,2026-02-09T11:11:39.735726+00:00,,8616c77b-dd62-4341-9a94-3bdd4395d625,Message content 174,2026-02-09T14:47:39.735726+00:00,true,2946ade0-22b5-4c9c-b764-0279cc901fe0,file_174.png,3329931,pdf
58a107b7-f3f3-4c7c-9ecf-0d8e2ed82e88,Client 48,client.48@example.com,2025-03-23T11:11:39.734148+00:00,Company 48,93,free,cbe4ab29-47da-4080-be68-40c8076ffd1c,Operator 9,operator.9@example.com,2025-04-03T11:11:39.734371+00:00,OP-0009,tech,offline,4,7cf2c268-9c00-4c2a-9eb7-66429dcddb95,closed,medium,2026-01-14T11:11:39.736915+00:00,2026-01-15T02:11:39.736915+00:00,29e86252-06d8-4d08-8211-793336ae5abb,Message content 175,2026-01-14T22:46:39.736915+00:00,false,7b9b40e9-bd9b-4f8f-a7db-7c7522525d39,file_175.png,4292244,png
f0258ea9-5893-4b2b-a8b9-f60a1b13d4f5,Client 9,client.9@example.com,2025-11-14T11:11:39.733447+00:00,Company 9,58,premium,4e2e12c9-fb99-41b0-a60f-4eb61b5e0f33,Operator 4,operator.4@example.com,2025-08-27T11:11:39.734281+00:00,OP-0004,sales,online,6,9024ed73-9f0d-4ffe-a0c9-56610c316a8d,closed,high,2026-02-08T11:11:39.736106+00:00,2026-02-09T12:11:39.736106+00:00,3fd41399-3765-4708-bb9c-bb0f1f88ffc8,Message content 176,2026-02-09T04:35:39.736106+00:00,false,4fb0272d-0523-452d-93e2-25769fc72e76,file_176.pdf,1248912,jpg
8067d26e-94c8-4b4f-8ab1-93053f706f51,Client 28,client.28@example.com,2025-04-29T11:11:39.733781+00:00,Company 28,82,standard,775f6de4-bf12-43dc-b8ee-eff74e7fca85,Operator 3,operator.3@example.com,2026-01-11T11:11:39.734260+00:00,OP-0003,billing,offline,3,14fcb8c7-648f-4441-835b-856bce0df9b2,pending,low,2026-02-17T11:11:39.734672+00:00,,a48c6408-4f3a-40ba-9b81-a423e85c2fa6,Message content 177,2026-02-17T16:10:39.734672+00:00,true,0cd646e4-5607-4350-abcf-1d07fa3b2e65,file_177.jpg,642109,jpg
5caab472-47e3-4e7f-a3a7-3c61503d63e0,Client 11,client.11@example.com,2025-03-14T11:11:39.733488+00:00,Company 11,55,premium,679fc6d7-3349-4897-ab8c-49f7d7afa9f5,Operator 8,operator.8@example.com,2025-07-01T11:11:39.734353+00:00,OP-0008,support,offline,3,7605b37a-73eb-4a6c-baf4-bad0fc70b5ca,open,high,2026-01-07T11:11:39.737002+00:00,,70448fd5-7232-40b8-bd27-cc6ba4b2b33d,Message content 178,2026-01-08T08:37:39.737002+00:00,false,,,,
86ed07ac-9eb8-4057-ae3c-96c475cf5c56,Client 25,client.25@example.com,2025-12-13T11:11:39.733726+00:00,Company 25,48,premium,c567ed84-590b-4b94-8e2c-2c96c62d400b,Operator 6,operator.6@example.com,2025-09-02T11:11:39.734317+00:00,OP-0006,billing,offline,2,7647f22b-6357-46b6-8f55-20df71847d01,closed,high,2026-01-23T11:11:39.736979+00:00,2026-01-24T13:11:39.736979+00:00,728045ac-08f7-4ec2-bfa0-5e619b017500,Message content 179,2026-01-24T06:57:39.736979+00:00,false,,,,
ecc24a2d-ea47-4b7a-a258-09210ce529f1,Client 31,client.31@example.com,2025-10-19T11:11:39.733830+00:00,Company 31,82,standard,775f6de4-bf12-43dc-b8ee-eff74e7fca85,Operator 3,operator.3@example.com,2026-01-11T11:11:39.734260+00:00,OP-0003,billing,offline,3,4cded7cb-9a4f-40f9-9b30-6a0b517e3880,open,medium,2026-01-23T11:11:39.736274+00:00,,4484b82b-d52e-42fb-b6c1-57f2816b116e,Message content 180,2026-01-24T09:07:39.736274+00:00,true,,,,
b3f0dc7a-8965-4fd0-8d96-015039504208,Client 12,client.12@example.com,2025-10-15T11:11:39.733506+00:00,Company 12,20,standard,cbe4ab29-47da-4080-be68-40c8076ffd1c,Operator 9,operator.9@example.com,2025-04-03T11:11:39.734371+00:00,OP-0009,tech,offline,4,aed4d1de-b5f5-4286-b511-d7b2d09117c4,open,high,2026-02-05T11:11:39.736498+00:00,,6420ae76-9b47-4647-8f2e-c6763de417f3,Message content 181,2026-02-05T21:58:39.736498+00:00,true,72696da3-60d0-4821-b8cb-44a158599442,file_181.txt,2550241,pdf
be8e0951-42af-4432-9cc6-c69623522d28,Client 2,client.2@example.com,2025-10-17T11:11:39.733288+00:00,Company 2,32,standard,8c273a5d-f06e-47e3-b4a7-da0ef6f06171,Operator 1,operator.1@example.com,2025-10-07T11:11:39.734205+00:00,OP-0001,tech,offline,5,af0b6df4-46b0-430d-b0b1-5e35341dfd9f,pending,high,2026-02-19T11:11:39.736350+00:00,,fc9281eb-21b3-4043-b15b-fb37ab56402a,Message content 182,2026-02-19T13:06:39.736350+00:00,true,,,,
b2828c67-89ca-465b-8618-860cc4f09764,Client 7,client.7@example.com,2025-11-07T11:11:39.733410+00:00,Company 7,65,free,730d608c-8e10-4f7e-a51d-db0d13429f86,Operator 10,operator.10@example.com,2025-06-09T11:11:39.734388+00:00,OP-0010,tech,offline,6,f4a1d0b4-40f2-4537-a6fc-81aa1f37afda,pending,high,2026-02-07T11:11:39.735839+00:00,,3256f3be-3d04-407d-b6b2-80108490104d,Message content 183,2026-02-08T02:36:39.735839+00:00,true,d483c6e5-2295-4cb4-b417-0ff91ac9db42,file_183.pdf,653666,png
3502abd7-7e93-4dc8-a792-1ae86c10f336,Client 26,client.26@example.com,2025-11-19T11:11:39.733748+00:00,Company 26,86,premium,4e2e12c9-fb99-41b0-a60f-4eb61b5e0f33,Operator 4,operator.4@example.com,2025-08-27T11:11:39.734281+00:00,OP-0004,sales,online,6,988fee83-e9f2-4c1c-ad1b-f19e07ec158a,closed,low,2026-02-25T11:11:39.736433+00:00,2026-02-27T08:11:39.736433+00:00,4ae32ba8-89fd-4f13-8b88-a65b67a6779b,Message content 184,2026-02-26T07:27:39.736433+00:00,true,,,,
8067d26e-94c8-4b4f-8ab1-93053f706f51,Client 28,client.28@example.com,2025-04-29T11:11:39.733781+00:00,Company 28,82,standard,730d608c-8e10-4f7e-a51d-db0d13429f86,Operator 10,operator.10@example.com,2025-06-09T11:11:39.734388+00:00,OP-0010,tech,offline,6,9991b2a2-028b-449a-a7f7-beb0ca40ae35,closed,medium,2026-01-27T11:11:39.736207+00:00,2026-01-28T08:11:39.736207+00:00,b060b9d8-ea23-41b8-9d4b-6e278feb0cd5,Message content 185,2026-01-27T12:35:39.736207+00:00,false,,,,
55ffb774-9524-46af-919c-2ad12b14fd74,Client 40,client.40@example.com,2025-05-11T11:11:39.734007+00:00,Company 40,55,enterprise,cbe4ab29-47da-4080-be68-40c8076ffd1c,Operator 9,operator.9@example.com,2025-04-03T11:11:39.734371+00:00,OP-0009,tech,offline,4,4c5a93b7-c798-45f1-88f1-160a45fd49c2,closed,low,2026-02-07T11:11:39.736583+00:00,2026-02-08T16:11:39.736583+00:00,9d34cc81-c56d-4294-862a-6cabfb688840,Message content 186,2026-02-07T17:36:39.736583+00:00,true,,,,
936d1ff9-8a2a-4433-b0f1-c232d8d82a6f,Client 30,client.30@example.com,2025-12-13T11:11:39.733814+00:00,Company 30,60,enterprise,75464306-96f6-47c8-9a39-382bf4baa64e,Operator 5,operator.5@example.com,2025-09-22T11:11:39.734300+00:00,OP-0005,tech,online,2,c828780d-2abf-400f-80fe-2bf0a239428f,closed,high,2026-02-07T11:11:39.734776+00:00,2026-02-09T10:11:39.734776+00:00,a18c9f10-11ec-437a-ae8c-967c0d28a30f,Message content 187,2026-02-07T13:17:39.734776+00:00,false,,,,
b1b67804-39c9-4048-89d8-bcd70a55dd71,Client 46,client.46@example.com,2025-08-23T11:11:39.734115+00:00,Company 46,77,enterprise,7e797a74-cef7-4aac-8eec-dd396da1c475,Operator 7,operator.7@example.com,2025-11-03T11:11:39.734335+00:00,OP-0007,support,online,7,5a4a3e7b-8427-45cb-8051-ef6ff597f716,open,low,2026-01-30T11:11:39.735351+00:00,,04892839-c6cd-4a0e-9e77-37a1b4ad8c5c,Message content 188,2026-01-30T14:03:39.735351+00:00,true,,,,
638081d3-bce7-40f6-b88c-d5b343b2e3d2,Client 1,client.1@example.com,2025-04-13T11:11:39.733210+00:00,Company 1,15,free,679fc6d7-3349-4897-ab8c-49f7d7afa9f5,Operator 8,operator.8@example.com,2025-07-01T11:11:39.734353+00:00,OP-0008,support,offline,3,7233beda-2ba0-453f-a2e4-265b04f963bf,closed,low,2026-01-26T11:11:39.735022+00:00,2026-01-26T18:11:39.735022+00:00,d9fbe31a-2644-4051-af73-c1b2eb75a3a0,Message content 189,2026-01-27T02:07:39.735022+00:00,true,,,,
3502abd7-7e93-4dc8-a792-1ae86c10f336,Client 26,client.26@example.com,2025-11-19T11:11:39.733748+00:00,Company 26,86,premium,4e2e12c9-fb99-41b0-a60f-4eb61b5e0f33,Operator 4,operator.4@example.com,2025-08-27T11:11:39.734281+00:00,OP-0004,sales,online,6,988fee83-e9f2-4c1c-ad1b-f19e07ec158a,closed,low,2026-02-25T11:11:39.736433+00:00,2026-02-27T08:11:39.736433+00:00,f941e7da-c583-40e9-892c-5dff90a3acb3,Message content 190,2026-02-25T16:36:39.736433+00:00,false,,,,
58a107b7-f3f3-4c7c-9ecf-0d8e2ed82e88,Client 48,client.48@example.com,2025-03-23T11:11:39.734148+00:00,Company 48,93,free,775f6de4-bf12-43dc-b8ee-eff74e7fca85,Operator 3,operator.3@example.com,2026-01-11T11:11:39.734260+00:00,OP-0003,billing,offline,3,305645ed-663d-400b-9df2-48b7b9b4ee07,open,low,2026-01-06T11:11:39.735526+00:00,,cdac61e6-933b-4160-bf7f-1d308af135fe,Message content 191,2026-01-07T01:08:39.735526+00:00,true,,,,
4b73c797-4439-4f60-9085-0e61a6a2015d,Client 43,client.43@example.com,2026-02-10T11:11:39.734062+00:00,Company 43,15,standard,679fc6d7-3349-4897-ab8c-49f7d7afa9f5,Operator 8,operator.8@example.com,2025-07-01T11:11:39.734353+00:00,OP-0008,support,offline,3,cce08e06-8624-4fc4-9525-65585cdd8d8e,closed,high,2026-02-21T11:11:39.734541+00:00,2026-02-21T20:11:39.734541+00:00,ff07d66e-c9a0-4902-8de0-a66e143491cd,Message content 192,2026-02-22T08:43:39.734541+00:00,true,,,,
92e2cff6-5b04-44a7-b58c-4d0d1060260b,Client 16,client.16@example.com,2026-02-12T11:11:39.733572+00:00,Company 16,94,enterprise,4e2e12c9-fb99-41b0-a60f-4eb61b5e0f33,Operator 4,operator.4@example.com,2025-08-27T11:11:39.734281+00:00,OP-0004,sales,online,6,a1e90e84-590c-4f42-bfde-ec1ffba6455f,closed,low,2026-02-22T11:11:39.734650+00:00,2026-02-23T16:11:39.734650+00:00,f3324020-d01f-4c2d-bd0f-bfdaa5b5834d,Message content 193,2026-02-23T06:13:39.734650+00:00,true,,,,
0fc60bab-9ce8-47f8-97e1-485d6ad75f21,Client 50,client.50@example.com,2025-04-12T11:11:39.734180+00:00,Company 50,44,free,730d608c-8e10-4f7e-a51d-db0d13429f86,Operator 10,operator.10@example.com,2025-06-09T11:11:39.734388+00:00,OP-0010,tech,offline,6,a1d9ce4c-b94a-4d7e-a3ad-cabe2877533a,open,high,2026-01-21T11:11:39.736825+00:00,,67b6fa7e-e443-41a6-b553-2021a4b84775,Message content 194,2026-01-22T09:35:39.736825+00:00,true,,,,
936d1ff9-8a2a-4433-b0f1-c232d8d82a6f,Client 30,client.30@example.com,2025-12-13T11:11:39.733814+00:00,Company 30,60,enterprise,75464306-96f6-47c8-9a39-382bf4baa64e,Operator 5,operator.5@example.com,2025-09-22T11:11:39.734300+00:00,OP-0005,tech,online,2,c828780d-2abf-400f-80fe-2bf0a239428f,closed,high,2026-02-07T11:11:39.734776+00:00,2026-02-09T10:11:39.734776+00:00,b78afc25-17e7-425d-94b1-0f09371a995f,Message content 195,2026-02-07T22:33:39.734776+00:00,true,86f30094-4861-456c-bbb1-2985de843d22,file_195.pdf,2612412,txt
0a272624-2c12-484e-8a21-5158a8d796cf,Client 49,client.49@example.com,2025-03-22T11:11:39.734164+00:00,Company 49,69,premium,4e2e12c9-fb99-41b0-a60f-4eb61b5e0f33,Operator 4,operator.4@example.com,2025-08-27T11:11:39.734281+00:00,OP-0004,sales,online,6,90bec7ed-7dea-4078-8ca0-3357d9b2fd4f,pending,medium,2026-02-24T11:11:39.734729+00:00,,4edc058b-1ab4-4e38-baf1-53393e27e8cc,Message content 196,2026-02-25T07:29:39.734729+00:00,true,,,,
50d18f17-5036-4d3d-af5f-300d47cfef98,Client 29,client.29@example.com,2025-06-06T11:11:39.733797+00:00,Company 29,94,standard,679fc6d7-3349-4897-ab8c-49f7d7afa9f5,Operator 8,operator.8@example.com,2025-07-01T11:11:39.734353+00:00,OP-0008,support,offline,3,258362b4-995e-46b8-81f2-979a069a45db,open,high,2026-01-22T11:11:39.736249+00:00,,dfa4d52f-f7d8-4c06-80f1-a10ae911a708,Message content 197,2026-01-23T00:02:39.736249+00:00,true,,,,
0a272624-2c12-484e-8a21-5158a8d796cf,Client 49,client.49@example.com,2025-03-22T11:11:39.734164+00:00,Company 49,69,premium,4e2e12c9-fb99-41b0-a60f-4eb61b5e0f33,Operator 4,operator.4@example.com,2025-08-27T11:11:39.734281+00:00,OP-0004,sales,online,6,90bec7ed-7dea-4078-8ca0-3357d9b2fd4f,pending,medium,2026-02-24T11:11:39.734729+00:00,,3abe9b0c-8189-47f4-af83-dbb5d71f0c52,Message content 198,2026-02-25T10:03:39.734729+00:00,false,,,,
02605a21-0cd4-4681-89e4-841a48af011f,Client 19,client.19@example.com,2025-04-19T11:11:39.733624+00:00,Company 19,80,premium,4e2e12c9-fb99-41b0-a60f-4eb61b5e0f33,Operator 4,operator.4@example.com,2025-08-27T11:11:39.734281+00:00,OP-0004,sales,online,6,ab687850-17bd-4cbe-b7e8-b843f8dae9bc,pending,medium,2026-02-17T11:11:39.736692+00:00,,b6fcbbbc-f310-4def-b6d4-89659205b9a9,Message content 199,2026-02-18T05:09:39.736692+00:00,true,7abe6dfb-3544-4976-a9d4-926784b06285,file_199.pdf,162928,pdf
88ded20b-1cd1-4dab-8c10-4f1303231c40,Client 44,client.44@example.com,2025-04-19T11:11:39.734078+00:00,Company 44,21,enterprise,75464306-96f6-47c8-9a39-382bf4baa64e,Operator 5,operator.5@example.com,2025-09-22T11:11:39.734300+00:00,OP-0005,tech,online,2,e04df53b-00cd-434d-9f93-07c4f419a3ed,pending,medium,2026-02-02T11:11:39.735240+00:00,,53754adb-4cb6-4058-9338-94154c0ad34c,Message content 200,2026-02-02T17:20:39.735240+00:00,true,,,,
5caab472-47e3-4e7f-a3a7-3c61503d63e0,Client 11,client.11@example.com,2025-03-14T11:11:39.733488+00:00,Company 11,55,premium,679fc6d7-3349-4897-ab8c-49f7d7afa9f5,Operator 8,operator.8@example.com,2025-07-01T11:11:39.734353+00:00,OP-0008,support,offline,3,7605b37a-73eb-4a6c-baf4-bad0fc70b5ca,open,high,2026-01-07T11:11:39.737002+00:00,,9d7cdd54-3748-403e-ad57-2527dad946c7,Message content 201,2026-01-08T03:46:39.737002+00:00,false,cd3a3c95-c2b4-4b7a-86c2-a863c5afc819,file_201.jpg,657307,pdf
92e2cff6-5b04-44a7-b58c-4d0d1060260b,Client 16,client.16@example.com,2026-02-12T11:11:39.733572+00:00,Company 16,94,enterprise,4e2e12c9-fb99-41b0-a60f-4eb61b5e0f33,Operator 4,operator.4@example.com,2025-08-27T11:11:39.734281+00:00,OP-0004,sales,online,6,a1e90e84-590c-4f42-bfde-ec1ffba6455f,closed,low,2026-02-22T11:11:39.734650+00:00,2026-02-23T16:11:39.734650+00:00,fbbf1edd-ed89-4e2d-bbc5-e0cb1a59833a,Message content 202,2026-02-23T04:30:39.734650+00:00,false,,,,
f0258ea9-5893-4b2b-a8b9-f60a1b13d4f5,Client 9,client.9@example.com,2025-11-14T11:11:39.733447+00:00,Company 9,58,premium,4e2e12c9-fb99-41b0-a60f-4eb61b5e0f33,Operator 4,operator.4@example.com,2025-08-27T11:11:39.734281+00:00,OP-0004,sales,online,6,9024ed73-9f0d-4ffe-a0c9-56610c316a8d,closed,high,2026-02-08T11:11:39.736106+00:00,2026-02-09T12:11:39.736106+00:00,a487d0b6-1e09-4843-aff9-5f27e98f614a,Message content 203,2026-02-08T12:28:39.736106+00:00,false,,,,
0a272624-2c12-484e-8a21-5158a8d796cf,Client 49,client.49@example.com,2025-03-22T11:11:39.734164+00:00,Company 49,69,premium,13992f5b-13db-41f1-b7c6-e68ae67d889d,Operator 2,operator.2@example.com,2026-03-05T11:11:39.734236+00:00,OP-0002,billing,offline,6,7c8b809b-ced1-4d6a-8aee-8d6e7294de8d,pending,low,2026-01-16T11:11:39.736475+00:00,,b894ef75-cf06-4d87-a880-23121d0d3c20,Message content 204,2026-01-16T15:39:39.736475+00:00,true,,,,
ecc24a2d-ea47-4b7a-a258-09210ce529f1,Client 31,client.31@example.com,2025-10-19T11:11:39.733830+00:00,Company 31,82,standard,cbe4ab29-47da-4080-be68-40c8076ffd1c,Operator 9,operator.9@example.com,2025-04-03T11:11:39.734371+00:00,OP-0009,tech,offline,4,e60ff276-f9f1-4f20-ab19-7a7b33ac2c24,closed,low,2026-01-07T11:11:39.734854+00:00,2026-01-07T22:11:39.734854+00:00,c93f0fbb-8af5-43ef-9650-24136ecbe590,Message content 205,2026-01-08T10:49:39.734854+00:00,false,,,,
bd7acccc-242d-4c64-a3c2-ffa44b532474,Client 14,client.14@example.com,2025-08-24T11:11:39.733539+00:00,Company 14,13,premium,8c273a5d-f06e-47e3-b4a7-da0ef6f06171,Operator 1,operator.1@example.com,2025-10-07T11:11:39.734205+00:00,OP-0001,tech,offline,5,46dbd875-f9f6-4cb4-83fa-26af5a11241b,closed,low,2026-01-28T11:11:39.734816+00:00,2026-01-29T22:11:39.734816+00:00,58873d22-29f0-49de-9fa0-c95aa706f13f,Message content 206,2026-01-29T02:07:39.734816+00:00,true,2935a886-8790-45d5-a800-0bb02730051b,file_206.jpg,3736208,pdf
971cc598-3020-4bee-bf75-fb360c582f03,Client 15,client.15@example.com,2025-09-11T11:11:39.733555+00:00,Company 15,78,premium,75464306-96f6-47c8-9a39-382bf4baa64e,Operator 5,operator.5@example.com,2025-09-22T11:11:39.734300+00:00,OP-0005,tech,online,2,12903e5f-92c8-4036-9c76-3db8cdfe7997,pending,low,2026-02-07T11:11:39.736947+00:00,,52fad7ed-cc07-451b-9b25-3580ad844a88,Message content 207,2026-02-08T02:30:39.736947+00:00,true,498e21f8-2cbe-4370-9386-c94d86ab2eaf,file_207.txt,1637525,pdf
92e2cff6-5b04-44a7-b58c-4d0d1060260b,Client 16,client.16@example.com,2026-02-12T11:11:39.733572+00:00,Company 16,94,enterprise,75464306-96f6-47c8-9a39-382bf4baa64e,Operator 5,operator.5@example.com,2025-09-22T11:11:39.734300+00:00,OP-0005,tech,online,2,a9f57b39-55fb-4805-9143-fb55a6018bf0,open,high,2026-02-06T11:11:39.736669+00:00,,9bce10b7-c563-47b6-9ca6-15b117d3e628,Message content 208,2026-02-07T06:39:39.736669+00:00,true,,,,
4b73c797-4439-4f60-9085-0e61a6a2015d,Client 43,client.43@example.com,2026-02-10T11:11:39.734062+00:00,Company 43,15,standard,13992f5b-13db-41f1-b7c6-e68ae67d889d,Operator 2,operator.2@example.com,2026-03-05T11:11:39.734236+00:00,OP-0002,billing,offline,6,2a2b9b60-f71a-4b63-841f-ad809db56934,open,medium,2026-01-09T11:11:39.735154+00:00,,89f27766-9dac-4b27-8f42-4b12dce1e780,Message content 209,2026-01-10T00:13:39.735154+00:00,true,,,,
4b73c797-4439-4f60-9085-0e61a6a2015d,Client 43,client.43@example.com,2026-02-10T11:11:39.734062+00:00,Company 43,15,standard,679fc6d7-3349-4897-ab8c-49f7d7afa9f5,Operator 8,operator.8@example.com,2025-07-01T11:11:39.734353+00:00,OP-0008,support,offline,3,9a1c5eb4-2754-49c1-9cff-731f8259ebe8,open,medium,2026-02-25T11:11:39.734799+00:00,,2b760a4b-7250-4ff0-b405-c70f9adf4321,Message content 210,2026-02-25T17:59:39.734799+00:00,true,,,,
52fea20d-ccb0-42b4-82ec-0b205237569e,Client 35,client.35@example.com,2025-11-18T11:11:39.733896+00:00,Company 35,73,premium,4e2e12c9-fb99-41b0-a60f-4eb61b5e0f33,Operator 4,operator.4@example.com,2025-08-27T11:11:39.734281+00:00,OP-0004,sales,online,6,0bc42958-ba58-43e9-8761-998dbe002df4,pending,low,2026-02-02T11:11:39.735044+00:00,,80babdf4-9f80-488a-9391-e4f86a811988,Message content 211,2026-02-02T12:57:39.735044+00:00,false,,,,
8067d26e-94c8-4b4f-8ab1-93053f706f51,Client 28,client.28@example.com,2025-04-29T11:11:39.733781+00:00,Company 28,82,standard,730d608c-8e10-4f7e-a51d-db0d13429f86,Operator 10,operator.10@example.com,2025-06-09T11:11:39.734388+00:00,OP-0010,tech,offline,6,9991b2a2-028b-449a-a7f7-beb0ca40ae35,closed,medium,2026-01-27T11:11:39.736207+00:00,2026-01-28T08:11:39.736207+00:00,94528c4c-149a-4a88-840d-a4521c377d88,Message content 212,2026-01-27T14:41:39.736207+00:00,true,,,,
8f275979-555b-4725-9ef2-d59d15bef42c,Client 42,client.42@example.com,2025-06-19T11:11:39.734045+00:00,Company 42,64,free,cbe4ab29-47da-4080-be68-40c8076ffd1c,Operator 9,operator.9@example.com,2025-04-03T11:11:39.734371+00:00,OP-0009,tech,offline,4,8ee293dd-db19-4239-b929-ff2a807163a4,open,low,2026-01-12T11:11:39.734713+00:00,,03fbb3bb-eec2-4891-a34b-69f392f750b2,Message content 213,2026-01-12T20:54:39.734713+00:00,true,124c55bd-92da-4353-a571-cbca743e9fc8,file_213.txt,4316314,jpg
be8e0951-42af-4432-9cc6-c69623522d28,Client 2,client.2@example.com,2025-10-17T11:11:39.733288+00:00,Company 2,32,standard,4e2e12c9-fb99-41b0-a60f-4eb61b5e0f33,Operator 4,operator.4@example.com,2025-08-27T11:11:39.734281+00:00,OP-0004,sales,online,6,e0821134-a29d-49d8-8958-797a2a40920b,pending,medium,2026-02-09T11:11:39.735726+00:00,,26577f9d-063b-4abf-b836-fd012fcdb32f,Message content 214,2026-02-09T14:18:39.735726+00:00,true,,,,
88ded20b-1cd1-4dab-8c10-4f1303231c40,Client 44,client.44@example.com,2025-04-19T11:11:39.734078+00:00,Company 44,21,enterprise,cbe4ab29-47da-4080-be68-40c8076ffd1c,Operator 9,operator.9@example.com,2025-04-03T11:11:39.734371+00:00,OP-0009,tech,offline,4,e8f1ede2-a205-4159-ba19-f13d7f0edab4,open,low,2026-02-13T11:11:39.735787+00:00,,0f1f4e4c-6623-4fba-bf3e-dbf976d89814,Message content 215,2026-02-13T23:06:39.735787+00:00,true,,,,
b3f0dc7a-8965-4fd0-8d96-015039504208,Client 12,client.12@example.com,2025-10-15T11:11:39.733506+00:00,Company 12,20,standard,7e797a74-cef7-4aac-8eec-dd396da1c475,Operator 7,operator.7@example.com,2025-11-03T11:11:39.734335+00:00,OP-0007,support,online,7,dfce2714-fa1a-41d7-b618-286f4371ece9,open,high,2026-03-05T11:11:39.735561+00:00,,0f137af7-7b9e-42b4-98e9-042909fbe3d0,Message content 216,2026-03-06T04:19:39.735561+00:00,true,,,,
dd2d5218-9c9f-4ea4-a2f5-2d90d93c7e31,Client 47,client.47@example.com,2025-06-09T11:11:39.734131+00:00,Company 47,33,free,8c273a5d-f06e-47e3-b4a7-da0ef6f06171,Operator 1,operator.1@example.com,2025-10-07T11:11:39.734205+00:00,OP-0001,tech,offline,5,91e7a664-4113-4ce8-a3bb-a401a4c4208b,closed,low,2026-01-22T11:11:39.734612+00:00,2026-01-24T05:11:39.734612+00:00,32b94e6d-2b98-469b-9d1d-92cc448597bd,Message content 217,2026-01-22T23:58:39.734612+00:00,true,1f8dc739-0a07-4cc3-a93a-32bc96f87a9a,file_217.png,2822619,jpg
ecc24a2d-ea47-4b7a-a258-09210ce529f1,Client 31,client.31@example.com,2025-10-19T11:11:39.733830+00:00,Company 31,82,standard,4e2e12c9-fb99-41b0-a60f-4eb61b5e0f33,Operator 4,operator.4@example.com,2025-08-27T11:11:39.734281+00:00,OP-0004,sales,online,6,e5e20df2-be6f-4401-863d-aba5a1a31e3b,pending,low,2026-01-10T11:11:39.734744+00:00,,ae0a904d-af30-413e-842a-715349e6fdb2,Message content 218,2026-01-10T12:29:39.734744+00:00,false,d6e611ac-40c9-49a2-9b52-c49abe7e66d7,file_218.jpg,3945180,txt
3502abd7-7e93-4dc8-a792-1ae86c10f336,Client 26,client.26@example.com,2025-11-19T11:11:39.733748+00:00,Company 26,86,premium,4e2e12c9-fb99-41b0-a60f-4eb61b5e0f33,Operator 4,operator.4@example.com,2025-08-27T11:11:39.734281+00:00,OP-0004,sales,online,6,988fee83-e9f2-4c1c-ad1b-f19e07ec158a,closed,low,2026-02-25T11:11:39.736433+00:00,2026-02-27T08:11:39.736433+00:00,1e3a12d9-b47c-4394-9fb9-48e0b0b18c5f,Message content 219,2026-02-25T11:21:39.736433+00:00,true,,,,
55ffb774-9524-46af-919c-2ad12b14fd74,Client 40,client.40@example.com,2025-05-11T11:11:39.734007+00:00,Company 40,55,enterprise,13992f5b-13db-41f1-b7c6-e68ae67d889d,Operator 2,operator.2@example.com,2026-03-05T11:11:39.734236+00:00,OP-0002,billing,offline,6,664b38d6-b107-41cf-9be4-193324da2607,closed,high,2026-02-08T11:11:39.734937+00:00,2026-02-10T01:11:39.734937+00:00,0e2901b6-fb12-43bd-967f-f53ade20fa1c,Message content 220,2026-02-08T16:17:39.734937+00:00,false,,,,
f0258ea9-5893-4b2b-a8b9-f60a1b13d4f5,Client 9,client.9@example.com,2025-11-14T11:11:39.733447+00:00,Company 9,58,premium,4e2e12c9-fb99-41b0-a60f-4eb61b5e0f33,Operator 4,operator.4@example.com,2025-08-27T11:11:39.734281+00:00,OP-0004,sales,online,6,9024ed73-9f0d-4ffe-a0c9-56610c316a8d,closed,high,2026-02-08T11:11:39.736106+00:00,2026-02-09T12:11:39.736106+00:00,65842687-2764-407c-a2d4-33c235d4658b,Message content 221,2026-02-09T01:37:39.736106+00:00,true,3d402b3a-53f8-4837-b414-8ce20a1bfb35,file_221.pdf,1032138,png
f0258ea9-5893-4b2b-a8b9-f60a1b13d4f5,Client 9,client.9@example.com,2025-11-14T11:11:39.733447+00:00,Company 9,58,premium,75464306-96f6-47c8-9a39-382bf4baa64e,Operator 5,operator.5@example.com,2025-09-22T11:11:39.734300+00:00,OP-0005,tech,online,2,6c5d75fd-c327-4bfc-9633-bd6a6a85d1f9,pending,low,2026-02-05T11:11:39.735005+00:00,,df1d7f64-de6b-454a-807e-b8543347ce40,Message content 222,2026-02-06T01:30:39.735005+00:00,true,,,,
c288e606-78c0-4a54-9184-54b69e7b45e4,Client 27,client.27@example.com,2025-03-12T11:11:39.733764+00:00,Company 27,88,free,4e2e12c9-fb99-41b0-a60f-4eb61b5e0f33,Operator 4,operator.4@example.com,2025-08-27T11:11:39.734281+00:00,OP-0004,sales,online,6,6a6f76ee-4a00-4028-94b8-37b0350104f8,open,high,2026-02-28T11:11:39.734580+00:00,,f71497d9-9972-4353-a5c7-561dfa3a5b45,Message content 223,2026-02-28T14:58:39.734580+00:00,true,,,,
58a107b7-f3f3-4c7c-9ecf-0d8e2ed82e88,Client 48,client.48@example.com,2025-03-23T11:11:39.734148+00:00,Company 48,93,free,775f6de4-bf12-43dc-b8ee-eff74e7fca85,Operator 3,operator.3@example.com,2026-01-11T11:11:39.734260+00:00,OP-0003,billing,offline,3,1bbf9cfb-6b5c-49c6-bcbe-43945017a295,closed,medium,2026-01-26T11:11:39.736144+00:00,2026-01-27T07:11:39.736144+00:00,609add84-eff3-4d95-b271-327c51ec44c0,Message content 224,2026-01-26T11:44:39.736144+00:00,true,,,,
5faa6da9-33a3-408c-a571-b6625b43948e,Client 4,client.4@example.com,2025-03-25T11:11:39.733349+00:00,Company 4,95,free,4e2e12c9-fb99-41b0-a60f-4eb61b5e0f33,Operator 4,operator.4@example.com,2025-08-27T11:11:39.734281+00:00,OP-0004,sales,online,6,2fdc35b1-7fd7-4dba-9850-438a59ef2aa4,pending,medium,2026-01-12T11:11:39.736801+00:00,,b0f9d47a-5de0-4d3a-8d70-6412c2a71931,Message content 225,2026-01-12T16:05:39.736801+00:00,true,0a450f53-2b79-4a1c-9e59-01e47a3b8cfe,file_225.pdf,2027999,txt
ecc24a2d-ea47-4b7a-a258-09210ce529f1,Client 31,client.31@example.com,2025-10-19T11:11:39.733830+00:00,Company 31,82,standard,cbe4ab29-47da-4080-be68-40c8076ffd1c,Operator 9,operator.9@example.com,2025-04-03T11:11:39.734371+00:00,OP-0009,tech,offline,4,e60ff276-f9f1-4f20-ab19-7a7b33ac2c24,closed,low,2026-01-07T11:11:39.734854+00:00,2026-01-07T22:11:39.734854+00:00,42aac161-150e-4f76-a21a-1d682033f2a7,Message content 226,2026-01-08T09:51:39.734854+00:00,true,,,,
17543439-3080-4320-9450-fde238897d38,Client 3,client.3@example.com,2025-12-25T11:11:39.733325+00:00,Company 3,95,free,75464306-96f6-47c8-9a39-382bf4baa64e,Operator 5,operator.5@example.com,2025-09-22T11:11:39.734300+00:00,OP-0005,tech,online,2,736c6aa9-0c81-4e95-b8f7-e791ea110805,open,medium,2026-02-11T11:11:39.735431+00:00,,b9b688ba-35e6-4d40-b15e-1c071dd1956c,Message content 227,2026-02-11T13:29:39.735431+00:00,true,,,,
4b73c797-4439-4f60-9085-0e61a6a2015d,Client 43,client.43@example.com,2026-02-10T11:11:39.734062+00:00,Company 43,15,standard,c567ed84-590b-4b94-8e2c-2c96c62d400b,Operator 6,operator.6@example.com,2025-09-02T11:11:39.734317+00:00,OP-0006,billing,offline,2,6d7adecd-8af9-4047-8917-5ae9aad2597b,pending,high,2026-01-26T11:11:39.736015+00:00,,b81a7712-f492-488f-a73b-43e075e791af,Message content 228,2026-01-27T06:05:39.736015+00:00,false,85560a54-b42d-4233-a377-616b7f822ce2,file_228.png,3255395,pdf
52fea20d-ccb0-42b4-82ec-0b205237569e,Client 35,client.35@example.com,2025-11-18T11:11:39.733896+00:00,Company 35,73,premium,4e2e12c9-fb99-41b0-a60f-4eb61b5e0f33,Operator 4,operator.4@example.com,2025-08-27T11:11:39.734281+00:00,OP-0004,sales,online,6,0bc42958-ba58-43e9-8761-998dbe002df4,pending,low,2026-02-02T11:11:39.735044+00:00,,bf7db2c3-58cf-4a7b-943e-cc07ee494e35,Message content 229,2026-02-02T11:44:39.735044+00:00,true,,,,
f0258ea9-5893-4b2b-a8b9-f60a1b13d4f5,Client 9,client.9@example.com,2025-11-14T11:11:39.733447+00:00,Company 9,58,premium,75464306-96f6-47c8-9a39-382bf4baa64e,Operator 5,operator.5@example.com,2025-09-22T11:11:39.734300+00:00,OP-0005,tech,online,2,6c5d75fd-c327-4bfc-9633-bd6a6a85d1f9,pending,low,2026-02-05T11:11:39.735005+00:00,,55b05aa7-6313-4ff1-807a-bdd7b93e243f,Message content 230,2026-02-06T09:36:39.735005+00:00,false,,,,
0a272624-2c12-484e-8a21-5158a8d796cf,Client 49,client.49@example.com,2025-03-22T11:11:39.734164+00:00,Company 49,69,premium,7e797a74-cef7-4aac-8eec-dd396da1c475,Operator 7,operator.7@example.com,2025-11-03T11:11:39.734335+00:00,OP-0007,support,online,7,62c2d753-7eb6-4d50-850f-8112d2172eff,pending,high,2026-01-11T11:11:39.736887+00:00,,9c88b88b-5a98-47e9-8988-b5f383e38435,Message content 231,2026-01-11T22:31:39.736887+00:00,true,ac73afc1-c178-4bf9-93cc-8af81e20116a,file_231.pdf,1478754,txt
86ed07ac-9eb8-4057-ae3c-96c475cf5c56,Client 25,client.25@example.com,2025-12-13T11:11:39.733726+00:00,Company 25,48,premium,775f6de4-bf12-43dc-b8ee-eff74e7fca85,Operator 3,operator.3@example.com,2026-01-11T11:11:39.734260+00:00,OP-0003,billing,offline,3,4094ee53-4cff-4849-aab1-6f93a0864a4d,open,low,2026-01-20T11:11:39.736743+00:00,,c8404256-13b9-4727-9a1e-27eb17f09561,Message content 232,2026-01-21T03:31:39.736743+00:00,false,,,,
c288e606-78c0-4a54-9184-54b69e7b45e4,Client 27,client.27@example.com,2025-03-12T11:11:39.733764+00:00,Company 27,88,free,4e2e12c9-fb99-41b0-a60f-4eb61b5e0f33,Operator 4,operator.4@example.com,2025-08-27T11:11:39.734281+00:00,OP-0004,sales,online,6,6a6f76ee-4a00-4028-94b8-37b0350104f8,open,high,2026-02-28T11:11:39.734580+00:00,,2a9903d1-4f67-4098-889e-6bc248dba77a,Message content 233,2026-03-01T02:48:39.734580+00:00,true,4259de38-ce95-4b19-b7f2-6d4997da5728,file_233.jpg,361532,pdf
88ded20b-1cd1-4dab-8c10-4f1303231c40,Client 44,client.44@example.com,2025-04-19T11:11:39.734078+00:00,Company 44,21,enterprise,75464306-96f6-47c8-9a39-382bf4baa64e,Operator 5,operator.5@example.com,2025-09-22T11:11:39.734300+00:00,OP-0005,tech,online,2,e04df53b-00cd-434d-9f93-07c4f419a3ed,pending,medium,2026-02-02T11:11:39.735240+00:00,,7f185ac5-3229-4061-80c5-e872772da34e,Message content 234,2026-02-03T04:46:39.735240+00:00,false,,,,
70dcd8f0-425b-4cd4-8884-3074718ab021,Client 21,client.21@example.com,2026-02-11T11:11:39.733657+00:00,Company 21,85,standard,7e797a74-cef7-4aac-8eec-dd396da1c475,Operator 7,operator.7@example.com,2025-11-03T11:11:39.734335+00:00,OP-0007,support,online,7,035f0d8b-9403-4f61-92c8-d59190c544a9,closed,medium,2026-01-27T11:11:39.735864+00:00,2026-01-27T19:11:39.735864+00:00,74d7e05e-fdfc-4341-b840-2f6ed4abc0df,Message content 235,2026-01-27T19:49:39.735864+00:00,true,3254297f-3ea0-4c3b-8bad-5ec4df53fb88,file_235.pdf,3004516,png
55ffb774-9524-46af-919c-2ad12b14fd74,Client 40,client.40@example.com,2025-05-11T11:11:39.734007+00:00,Company 40,55,enterprise,cbe4ab29-47da-4080-be68-40c8076ffd1c,Operator 9,operator.9@example.com,2025-04-03T11:11:39.734371+00:00,OP-0009,tech,offline,4,4c5a93b7-c798-45f1-88f1-160a45fd49c2,closed,low,2026-02-07T11:11:39.736583+00:00,2026-02-08T16:11:39.736583+00:00,1485fe68-dd8e-4256-a130-8a6b7bc35ea5,Message content 236,2026-02-07T22:30:39.736583+00:00,false,2c746d73-1266-4d26-8282-696c917a5729,file_236.txt,3365625,txt
58a107b7-f3f3-4c7c-9ecf-0d8e2ed82e88,Client 48,client.48@example.com,2025-03-23T11:11:39.734148+00:00,Company 48,93,free,775f6de4-bf12-43dc-b8ee-eff74e7fca85,Operator 3,operator.3@example.com,2026-01-11T11:11:39.734260+00:00,OP-0003,billing,offline,3,305645ed-663d-400b-9df2-48b7b9b4ee07,open,low,2026-01-06T11:11:39.735526+00:00,,4f7fbd3f-8ccb-4d27-9bc7-91139e8e31a6,Message content 237,2026-01-06T22:45:39.735526+00:00,true,,,,
58a107b7-f3f3-4c7c-9ecf-0d8e2ed82e88,Client 48,client.48@example.com,2025-03-23T11:11:39.734148+00:00,Company 48,93,free,4e2e12c9-fb99-41b0-a60f-4eb61b5e0f33,Operator 4,operator.4@example.com,2025-08-27T11:11:39.734281+00:00,OP-0004,sales,online,6,c12b2b8f-6bf0-4659-97c9-5b2ca3b9a26d,pending,low,2026-02-11T11:11:39.735986+00:00,,cec40961-e56e-475d-bc94-ea997dac7808,Message content 238,2026-02-11T23:43:39.735986+00:00,true,,,,
dd2d5218-9c9f-4ea4-a2f5-2d90d93c7e31,Client 47,client.47@example.com,2025-06-09T11:11:39.734131+00:00,Company 47,33,free,8c273a5d-f06e-47e3-b4a7-da0ef6f06171,Operator 1,operator.1@example.com,2025-10-07T11:11:39.734205+00:00,OP-0001,tech,offline,5,91e7a664-4113-4ce8-a3bb-a401a4c4208b,closed,low,2026-01-22T11:11:39.734612+00:00,2026-01-24T05:11:39.734612+00:00,f0989fe0-7be1-438c-b9ec-523922e9cc70,Message content 239,2026-01-23T01:40:39.734612+00:00,true,8b3423fb-2fa8-4cfd-afba-673c2c8d7538,file_239.jpg,4585770,pdf
17543439-3080-4320-9450-fde238897d38,Client 3,client.3@example.com,2025-12-25T11:11:39.733325+00:00,Company 3,95,free,8c273a5d-f06e-47e3-b4a7-da0ef6f06171,Operator 1,operator.1@example.com,2025-10-07T11:11:39.734205+00:00,OP-0001,tech,offline,5,9871d710-6730-430d-b4a0-0c88e046d70e,open,high,2026-02-13T11:11:39.735296+00:00,,13d775ea-bbb6-4283-b36c-c1cd887c1896,Message content 240,2026-02-13T14:41:39.735296+00:00,true,43ff2874-56d7-484e-9990-4b06603b75ca,file_240.pdf,3750612,txt
bd7acccc-242d-4c64-a3c2-ffa44b532474,Client 14,client.14@example.com,2025-08-24T11:11:39.733539+00:00,Company 14,13,premium,8c273a5d-f06e-47e3-b4a7-da0ef6f06171,Operator 1,operator.1@example.com,2025-10-07T11:11:39.734205+00:00,OP-0001,tech,offline,5,46dbd875-f9f6-4cb4-83fa-26af5a11241b,closed,low,2026-01-28T11:11:39.734816+00:00,2026-01-29T22:11:39.734816+00:00,b10a5956-673c-4776-b606-04f6504756a3,Message content 241,2026-01-29T10:43:39.734816+00:00,true,,,,
86ed07ac-9eb8-4057-ae3c-96c475cf5c56,Client 25,client.25@example.com,2025-12-13T11:11:39.733726+00:00,Company 25,48,premium,679fc6d7-3349-4897-ab8c-49f7d7afa9f5,Operator 8,operator.8@example.com,2025-07-01T11:11:39.734353+00:00,OP-0008,support,offline,3,032195c9-c67a-44a6-af10-3cccd3e78cb5,pending,medium,2026-03-06T11:11:39.736859+00:00,,8d079247-4273-4bfc-a4fc-f047ec7c85d9,Message content 242,2026-03-06T23:13:39.736859+00:00,true,,,,
92e2cff6-5b04-44a7-b58c-4d0d1060260b,Client 16,client.16@example.com,2026-02-12T11:11:39.733572+00:00,Company 16,94,enterprise,13992f5b-13db-41f1-b7c6-e68ae67d889d,Operator 2,operator.2@example.com,2026-03-05T11:11:39.734236+00:00,OP-0002,billing,offline,6,289a2075-7af3-408a-a5e9-3e03fa0a0a3e,open,medium,2026-02-05T11:11:39.736523+00:00,,bac91ccd-d7b6-4840-bed7-2013aebe28df,Message content 243,2026-02-05T13:08:39.736523+00:00,true,fa464122-7e56-4bb6-81a4-f420283ebe28,file_243.pdf,4314077,jpg
f3a41c1c-78ab-41a3-afce-0fdd1b2b2d69,Client 38,client.38@example.com,2025-12-23T11:11:39.733948+00:00,Company 38,34,standard,cbe4ab29-47da-4080-be68-40c8076ffd1c,Operator 9,operator.9@example.com,2025-04-03T11:11:39.734371+00:00,OP-0009,tech,offline,4,a32d2ff4-0427-4efc-a9fc-73293b84612d,closed,low,2026-02-20T11:11:39.734478+00:00,2026-02-21T02:11:39.734478+00:00,3d86938e-f8e1-4f1a-b6de-933e43e3a324,Message content 244,2026-02-20T16:03:39.734478+00:00,true,,,,
8bf6c5de-eb19-4f4f-9cb7-7e28340b53e6,Client 5,client.5@example.com,2025-05-08T11:11:39.733371+00:00,Company 5,55,free,75464306-96f6-47c8-9a39-382bf4baa64e,Operator 5,operator.5@example.com,2025-09-22T11:11:39.734300+00:00,OP-0005,tech,online,2,31ac0a08-b4d3-494e-8a0f-79eb77e13e33,closed,medium,2026-02-12T11:11:39.735753+00:00,2026-02-13T20:11:39.735753+00:00,72baf414-b221-4071-be69-cc405b25e3e9,Message content 245,2026-02-12T12:22:39.735753+00:00,true,f616809f-567a-46bd-9b8f-312505e9b68b,file_245.pdf,3047939,txt
ecc24a2d-ea47-4b7a-a258-09210ce529f1,Client 31,client.31@example.com,2025-10-19T11:11:39.733830+00:00,Company 31,82,standard,775f6de4-bf12-43dc-b8ee-eff74e7fca85,Operator 3,operator.3@example.com,2026-01-11T11:11:39.734260+00:00,OP-0003,billing,offline,3,4cded7cb-9a4f-40f9-9b30-6a0b517e3880,open,medium,2026-01-23T11:11:39.736274+00:00,,01870f3c-d822-4f25-885a-3e294a2d0735,Message content 246,2026-01-23T12:17:39.736274+00:00,true,,,,
bd7acccc-242d-4c64-a3c2-ffa44b532474,Client 14,client.14@example.com,2025-08-24T11:11:39.733539+00:00,Company 14,13,premium,4e2e12c9-fb99-41b0-a60f-4eb61b5e0f33,Operator 4,operator.4@example.com,2025-08-27T11:11:39.734281+00:00,OP-0004,sales,online,6,63126192-a39d-4036-9c7f-30ecf3d3ca7d,open,medium,2026-01-23T11:11:39.735466+00:00,,e7b31869-b6a8-457b-9820-5e007bf643a8,Message content 247,2026-01-23T23:52:39.735466+00:00,true,,,,
ecc24a2d-ea47-4b7a-a258-09210ce529f1,Client 31,client.31@example.com,2025-10-19T11:11:39.733830+00:00,Company 31,82,standard,4e2e12c9-fb99-41b0-a60f-4eb61b5e0f33,Operator 4,operator.4@example.com,2025-08-27T11:11:39.734281+00:00,OP-0004,sales,online,6,e5e20df2-be6f-4401-863d-aba5a1a31e3b,pending,low,2026-01-10T11:11:39.734744+00:00,,2324c118-8c58-4478-93b0-7592a250f62a,Message content 248,2026-01-11T05:15:39.734744+00:00,true,,,,
55ffb774-9524-46af-919c-2ad12b14fd74,Client 40,client.40@example.com,2025-05-11T11:11:39.734007+00:00,Company 40,55,enterprise,cbe4ab29-47da-4080-be68-40c8076ffd1c,Operator 9,operator.9@example.com,2025-04-03T11:11:39.734371+00:00,OP-0009,tech,offline,4,fed40572-ad2b-471c-9c8c-58da2fb945f1,closed,medium,2026-03-06T11:11:39.735121+00:00,2026-03-07T23:11:39.735121+00:00,3e064ab7-7434-4c0c-94c1-4eaf01f75ed0,Message content 249,2026-03-06T19:42:39.735121+00:00,true,,,,
ecc24a2d-ea47-4b7a-a258-09210ce529f1,Client 31,client.31@example.com,2025-10-19T11:11:39.733830+00:00,Company 31,82,standard,cbe4ab29-47da-4080-be68-40c8076ffd1c,Operator 9,operator.9@example.com,2025-04-03T11:11:39.734371+00:00,OP-0009,tech,offline,4,e60ff276-f9f1-4f20-ab19-7a7b33ac2c24,closed,low,2026-01-07T11:11:39.734854+00:00,2026-01-07T22:11:39.734854+00:00,88f8aaea-713e-45eb-a0d6-906f3c1aa3f8,Message content 250,2026-01-08T04:13:39.734854+00:00,false,,,,
8f275979-555b-4725-9ef2-d59d15bef42c,Client 42,client.42@example.com,2025-06-19T11:11:39.734045+00:00,Company 42,64,free,cbe4ab29-47da-4080-be68-40c8076ffd1c,Operator 9,operator.9@example.com,2025-04-03T11:11:39.734371+00:00,OP-0009,tech,offline,4,8ee293dd-db19-4239-b929-ff2a807163a4,open,low,2026-01-12T11:11:39.734713+00:00,,b4b79549-1dee-49b2-9749-7f4b2b456057,Message content 251,2026-01-12T20:07:39.734713+00:00,false,,,,
55ffb774-9524-46af-919c-2ad12b14fd74,Client 40,client.40@example.com,2025-05-11T11:11:39.734007+00:00,Company 40,55,enterprise,13992f5b-13db-41f1-b7c6-e68ae67d889d,Operator 2,operator.2@example.com,2026-03-05T11:11:39.734236+00:00,OP-0002,billing,offline,6,664b38d6-b107-41cf-9be4-193324da2607,closed,high,2026-02-08T11:11:39.734937+00:00,2026-02-10T01:11:39.734937+00:00,dbef5788-281a-4391-adfa-e1c70e27c1bb,Message content 252,2026-02-09T08:04:39.734937+00:00,false,92cde9d1-0e65-4aef-bb28-ef0a8f1bdb4c,file_252.txt,1689217,png
ecc24a2d-ea47-4b7a-a258-09210ce529f1,Client 31,client.31@example.com,2025-10-19T11:11:39.733830+00:00,Company 31,82,standard,4e2e12c9-fb99-41b0-a60f-4eb61b5e0f33,Operator 4,operator.4@example.com,2025-08-27T11:11:39.734281+00:00,OP-0004,sales,online,6,e5e20df2-be6f-4401-863d-aba5a1a31e3b,pending,low,2026-01-10T11:11:39.734744+00:00,,8c7b0fe5-3dff-4881-896e-84fee7354be0,Message content 253,2026-01-10T13:42:39.734744+00:00,false,,,,
8bf6c5de-eb19-4f4f-9cb7-7e28340b53e6,Client 5,client.5@example.com,2025-05-08T11:11:39.733371+00:00,Company 5,55,free,75464306-96f6-47c8-9a39-382bf4baa64e,Operator 5,operator.5@example.com,2025-09-22T11:11:39.734300+00:00,OP-0005,tech,online,2,31ac0a08-b4d3-494e-8a0f-79eb77e13e33,closed,medium,2026-02-12T11:11:39.735753+00:00,2026-02-13T20:11:39.735753+00:00,4843ca83-a89a-46bf-b58a-83a7ebf8fe06,Message content 254,2026-02-12T14:10:39.735753+00:00,false,,,,
5faa6da9-33a3-408c-a571-b6625b43948e,Client 4,client.4@example.com,2025-03-25T11:11:39.733349+00:00,Company 4,95,free,13992f5b-13db-41f1-b7c6-e68ae67d889d,Operator 2,operator.2@example.com,2026-03-05T11:11:39.734236+00:00,OP-0002,billing,offline,6,4e6adde7-3686-419c-9bba-35d9b0858ea2,pending,medium,2026-01-25T11:11:39.735267+00:00,,00074f6b-6ae9-46e0-9030-5b4da87f52f2,Message content 255,2026-01-26T09:58:39.735267+00:00,true,,,,
c1d26b76-65a7-43fd-a884-ff8ace8e21f5,Client 36,client.36@example.com,2025-11-18T11:11:39.733912+00:00,Company 36,84,enterprise,8c273a5d-f06e-47e3-b4a7-da0ef6f06171,Operator 1,operator.1@example.com,2025-10-07T11:11:39.734205+00:00,OP-0001,tech,offline,5,85460c13-7a82-492d-87c5-dfa2cb9837d6,pending,low,2026-02-15T11:11:39.736182+00:00,,aa2b517c-e328-4936-9b62-25de1fadd73b,Message content 256,2026-02-15T21:05:39.736182+00:00,false,,,,
5faa6da9-33a3-408c-a571-b6625b43948e,Client 4,client.4@example.com,2025-03-25T11:11:39.733349+00:00,Company 4,95,free,4e2e12c9-fb99-41b0-a60f-4eb61b5e0f33,Operator 4,operator.4@example.com,2025-08-27T11:11:39.734281+00:00,OP-0004,sales,online,6,2fdc35b1-7fd7-4dba-9850-438a59ef2aa4,pending,medium,2026-01-12T11:11:39.736801+00:00,,a522c0bc-ff57-4743-92f6-cc3e55522ad8,Message content 257,2026-01-13T11:05:39.736801+00:00,false,,,,
0e833b5b-bec5-417c-86d1-31d364dba72e,Client 8,client.8@example.com,2025-05-23T11:11:39.733428+00:00,Company 8,26,enterprise,75464306-96f6-47c8-9a39-382bf4baa64e,Operator 5,operator.5@example.com,2025-09-22T11:11:39.734300+00:00,OP-0005,tech,online,2,4759550c-d33b-4924-b9cd-531a205dc23a,pending,high,2026-02-02T11:11:39.736043+00:00,,f06825b9-6edb-40b0-83df-568d3d339667,Message content 258,2026-02-02T18:50:39.736043+00:00,true,fb76da8a-7421-44f1-b1fc-b34a73bf0b3f,file_258.jpg,1995887,txt
f3a41c1c-78ab-41a3-afce-0fdd1b2b2d69,Client 38,client.38@example.com,2025-12-23T11:11:39.733948+00:00,Company 38,34,standard,cbe4ab29-47da-4080-be68-40c8076ffd1c,Operator 9,operator.9@example.com,2025-04-03T11:11:39.734371+00:00,OP-0009,tech,offline,4,a32d2ff4-0427-4efc-a9fc-73293b84612d,closed,low,2026-02-20T11:11:39.734478+00:00,2026-02-21T02:11:39.734478+00:00,99e7214d-7830-4d9b-b05d-73644c81c433,Message content 259,2026-02-20T23:30:39.734478+00:00,true,,,,
8067d26e-94c8-4b4f-8ab1-93053f706f51,Client 28,client.28@example.com,2025-04-29T11:11:39.733781+00:00,Company 28,82,standard,730d608c-8e10-4f7e-a51d-db0d13429f86,Operator 10,operator.10@example.com,2025-06-09T11:11:39.734388+00:00,OP-0010,tech,offline,6,9991b2a2-028b-449a-a7f7-beb0ca40ae35,closed,medium,2026-01-27T11:11:39.736207+00:00,2026-01-28T08:11:39.736207+00:00,d408c3ff-0305-435a-bd65-7a10f0f563b5,Message content 260,2026-01-27T15:36:39.736207+00:00,true,,,,
88ded20b-1cd1-4dab-8c10-4f1303231c40,Client 44,client.44@example.com,2025-04-19T11:11:39.734078+00:00,Company 44,21,enterprise,75464306-96f6-47c8-9a39-382bf4baa64e,Operator 5,operator.5@example.com,2025-09-22T11:11:39.734300+00:00,OP-0005,tech,online,2,e04df53b-00cd-434d-9f93-07c4f419a3ed,pending,medium,2026-02-02T11:11:39.735240+00:00,,421ba275-fc77-49f3-bd15-18f202874ea6,Message content 261,2026-02-03T00:46:39.735240+00:00,false,,,,
f0258ea9-5893-4b2b-a8b9-f60a1b13d4f5,Client 9,client.9@example.com,2025-11-14T11:11:39.733447+00:00,Company 9,58,premium,4e2e12c9-fb99-41b0-a60f-4eb61b5e0f33,Operator 4,operator.4@example.com,2025-08-27T11:11:39.734281+00:00,OP-0004,sales,online,6,9024ed73-9f0d-4ffe-a0c9-56610c316a8d,closed,high,2026-02-08T11:11:39.736106+00:00,2026-02-09T12:11:39.736106+00:00,c78c6b8a-9daf-4380-8ab9-442a9f2c821e,Message content 262,2026-02-09T01:12:39.736106+00:00,false,,,,
8067d26e-94c8-4b4f-8ab1-93053f706f51,Client 28,client.28@example.com,2025-04-29T11:11:39.733781+00:00,Company 28,82,standard,c567ed84-590b-4b94-8e2c-2c96c62d400b,Operator 6,operator.6@example.com,2025-09-02T11:11:39.734317+00:00,OP-0006,billing,offline,2,69e2f568-b6db-450d-82e0-2d0116a9da57,pending,medium,2026-02-07T11:11:39.734596+00:00,,e0918319-1a84-47e6-938d-fb0b1c9bcbb6,Message content 263,2026-02-07T15:27:39.734596+00:00,true,,,,
88ded20b-1cd1-4dab-8c10-4f1303231c40,Client 44,client.44@example.com,2025-04-19T11:11:39.734078+00:00,Company 44,21,enterprise,cbe4ab29-47da-4080-be68-40c8076ffd1c,Operator 9,operator.9@example.com,2025-04-03T11:11:39.734371+00:00,OP-0009,tech,offline,4,e8f1ede2-a205-4159-ba19-f13d7f0edab4,open,low,2026-02-13T11:11:39.735787+00:00,,6cc72eb7-6518-45b5-bd5a-e419620a85de,Message content 264,2026-02-14T03:05:39.735787+00:00,true,,,,
52fea20d-ccb0-42b4-82ec-0b205237569e,Client 35,client.35@example.com,2025-11-18T11:11:39.733896+00:00,Company 35,73,premium,8c273a5d-f06e-47e3-b4a7-da0ef6f06171,Operator 1,operator.1@example.com,2025-10-07T11:11:39.734205+00:00,OP-0001,tech,offline,5,842d941c-6fbb-4f6c-b37d-5daff267f8f1,pending,high,2026-01-07T11:11:39.737017+00:00,,563f3446-22f5-41c9-94c5-934141f378d7,Message content 265,2026-01-08T06:00:39.737017+00:00,true,,,,
0a272624-2c12-484e-8a21-5158a8d796cf,Client 49,client.49@example.com,2025-03-22T11:11:39.734164+00:00,Company 49,69,premium,4e2e12c9-fb99-41b0-a60f-4eb61b5e0f33,Operator 4,operator.4@example.com,2025-08-27T11:11:39.734281+00:00,OP-0004,sales,online,6,90bec7ed-7dea-4078-8ca0-3357d9b2fd4f,pending,medium,2026-02-24T11:11:39.734729+00:00,,503f6feb-3a31-40d2-acf3-226fa3e51d90,Message content 266,2026-02-25T01:57:39.734729+00:00,false,,,,
8f275979-555b-4725-9ef2-d59d15bef42c,Client 42,client.42@example.com,2025-06-19T11:11:39.734045+00:00,Company 42,64,free,cbe4ab29-47da-4080-be68-40c8076ffd1c,Operator 9,operator.9@example.com,2025-04-03T11:11:39.734371+00:00,OP-0009,tech,offline,4,8ee293dd-db19-4239-b929-ff2a807163a4,open,low,2026-01-12T11:11:39.734713+00:00,,1099e7b2-a61e-461d-8d49-796a8547dd5a,Message content 267,2026-01-13T04:52:39.734713+00:00,true,ce07f9b2-f427-4f3d-aa37-7bf68a22eead,file_267.pdf,1901381,pdf
c288e606-78c0-4a54-9184-54b69e7b45e4,Client 27,client.27@example.com,2025-03-12T11:11:39.733764+00:00,Company 27,88,free,c567ed84-590b-4b94-8e2c-2c96c62d400b,Operator 6,operator.6@example.com,2025-09-02T11:11:39.734317+00:00,OP-0006,billing,offline,2,57a62de5-6c3e-406d-b03e-ff3149e740dd,closed,high,2026-02-09T11:11:39.736072+00:00,2026-02-10T06:11:39.736072+00:00,e6b59fab-1ba8-4518-b88e-75dff35c8054,Message content 268,2026-02-09T20:52:39.736072+00:00,true,,,,
92e2cff6-5b04-44a7-b58c-4d0d1060260b,Client 16,client.16@example.com,2026-02-12T11:11:39.733572+00:00,Company 16,94,enterprise,13992f5b-13db-41f1-b7c6-e68ae67d889d,Operator 2,operator.2@example.com,2026-03-05T11:11:39.734236+00:00,OP-0002,billing,offline,6,289a2075-7af3-408a-a5e9-3e03fa0a0a3e,open,medium,2026-02-05T11:11:39.736523+00:00,,9473b644-3c8f-4db5-aba2-c35aa7ec725a,Message content 269,2026-02-06T05:59:39.736523+00:00,true,df2e3842-4c53-4a31-a7b3-e0e410c30652,file_269.png,4225889,jpg
be8e0951-42af-4432-9cc6-c69623522d28,Client 2,client.2@example.com,2025-10-17T11:11:39.733288+00:00,Company 2,32,standard,8c273a5d-f06e-47e3-b4a7-da0ef6f06171,Operator 1,operator.1@example.com,2025-10-07T11:11:39.734205+00:00,OP-0001,tech,offline,5,af0b6df4-46b0-430d-b0b1-5e35341dfd9f,pending,high,2026-02-19T11:11:39.736350+00:00,,5237c904-ff2e-4724-9742-0d49f6963d1b,Message content 270,2026-02-20T07:00:39.736350+00:00,true,4e3cf5cd-b92a-435a-a8fa-0de0b144799f,file_270.pdf,4737970,png
f3a41c1c-78ab-41a3-afce-0fdd1b2b2d69,Client 38,client.38@example.com,2025-12-23T11:11:39.733948+00:00,Company 38,34,standard,cbe4ab29-47da-4080-be68-40c8076ffd1c,Operator 9,operator.9@example.com,2025-04-03T11:11:39.734371+00:00,OP-0009,tech,offline,4,a32d2ff4-0427-4efc-a9fc-73293b84612d,closed,low,2026-02-20T11:11:39.734478+00:00,2026-02-21T02:11:39.734478+00:00,38edac32-f344-4672-aa4f-9fe73b9c9af8,Message content 271,2026-02-20T13:57:39.734478+00:00,true,c10ff155-19c0-48c2-a82a-c3c01166df33,file_271.pdf,1778388,txt
0a272624-2c12-484e-8a21-5158a8d796cf,Client 49,client.49@example.com,2025-03-22T11:11:39.734164+00:00,Company 49,69,premium,13992f5b-13db-41f1-b7c6-e68ae67d889d,Operator 2,operator.2@example.com,2026-03-05T11:11:39.734236+00:00,OP-0002,billing,offline,6,7c8b809b-ced1-4d6a-8aee-8d6e7294de8d,pending,low,2026-01-16T11:11:39.736475+00:00,,9e16e625-e9f5-4314-ae0d-19ac5a291620,Message content 272,2026-01-17T08:59:39.736475+00:00,false,7d494648-d31e-4bec-b77c-0d11f4d66366,file_272.pdf,2544149,txt
638081d3-bce7-40f6-b88c-d5b343b2e3d2,Client 1,client.1@example.com,2025-04-13T11:11:39.733210+00:00,Company 1,15,free,679fc6d7-3349-4897-ab8c-49f7d7afa9f5,Operator 8,operator.8@example.com,2025-07-01T11:11:39.734353+00:00,OP-0008,support,offline,3,7233beda-2ba0-453f-a2e4-265b04f963bf,closed,low,2026-01-26T11:11:39.735022+00:00,2026-01-26T18:11:39.735022+00:00,03343487-a3c7-4109-9832-58c74a7aa062,Message content 273,2026-01-27T10:33:39.735022+00:00,true,,,,
52fea20d-ccb0-42b4-82ec-0b205237569e,Client 35,client.35@example.com,2025-11-18T11:11:39.733896+00:00,Company 35,73,premium,13992f5b-13db-41f1-b7c6-e68ae67d889d,Operator 2,operator.2@example.com,2026-03-05T11:11:39.734236+00:00,OP-0002,billing,offline,6,75fd6177-233a-42c4-b8be-fc8b7fcf55c9,open,low,2026-02-26T11:11:39.736717+00:00,,c9249f91-2a02-4fac-840f-13aa5c09d5d3,Message content 274,2026-02-26T13:13:39.736717+00:00,true,e943dbe6-5eaa-40a9-8392-77a145cc3939,file_274.txt,1721469,pdf
0777c6d2-2b2c-4b94-86df-1d6f74cb3528,Client 37,client.37@example.com,2025-08-16T11:11:39.733928+00:00,Company 37,83,enterprise,4e2e12c9-fb99-41b0-a60f-4eb61b5e0f33,Operator 4,operator.4@example.com,2025-08-27T11:11:39.734281+00:00,OP-0004,sales,online,6,28557798-e9e8-4d9b-9a22-af77b48aee99,closed,medium,2026-01-20T11:11:39.736402+00:00,2026-01-21T12:11:39.736402+00:00,87b54393-7931-4209-8089-cf2f85e2083e,Message content 275,2026-01-20T16:05:39.736402+00:00,false,,,,
86ed07ac-9eb8-4057-ae3c-96c475cf5c56,Client 25,client.25@example.com,2025-12-13T11:11:39.733726+00:00,Company 25,48,premium,679fc6d7-3349-4897-ab8c-49f7d7afa9f5,Operator 8,operator.8@example.com,2025-07-01T11:11:39.734353+00:00,OP-0008,support,offline,3,032195c9-c67a-44a6-af10-3cccd3e78cb5,pending,medium,2026-03-06T11:11:39.736859+00:00,,ee3fd3ff-589b-4d1d-96c0-153d534b10ad,Message content 276,2026-03-06T22:58:39.736859+00:00,true,,,,
bd7acccc-242d-4c64-a3c2-ffa44b532474,Client 14,client.14@example.com,2025-08-24T11:11:39.733539+00:00,Company 14,13,premium,4e2e12c9-fb99-41b0-a60f-4eb61b5e0f33,Operator 4,operator.4@example.com,2025-08-27T11:11:39.734281+00:00,OP-0004,sales,online,6,63126192-a39d-4036-9c7f-30ecf3d3ca7d,open,medium,2026-01-23T11:11:39.735466+00:00,,9967944e-38f3-4b78-be47-358a3dcf859f,Message content 277,2026-01-24T04:45:39.735466+00:00,true,,,,
b2828c67-89ca-465b-8618-860cc4f09764,Client 7,client.7@example.com,2025-11-07T11:11:39.733410+00:00,Company 7,65,free,730d608c-8e10-4f7e-a51d-db0d13429f86,Operator 10,operator.10@example.com,2025-06-09T11:11:39.734388+00:00,OP-0010,tech,offline,6,f4a1d0b4-40f2-4537-a6fc-81aa1f37afda,pending,high,2026-02-07T11:11:39.735839+00:00,,11caa02c-d7d3-4a49-b46e-c37ee00e9441,Message content 278,2026-02-07T15:21:39.735839+00:00,true,7a8ce41a-4103-4c9c-84d7-e03317c4bc8f,file_278.png,434507,pdf
58a107b7-f3f3-4c7c-9ecf-0d8e2ed82e88,Client 48,client.48@example.com,2025-03-23T11:11:39.734148+00:00,Company 48,93,free,775f6de4-bf12-43dc-b8ee-eff74e7fca85,Operator 3,operator.3@example.com,2026-01-11T11:11:39.734260+00:00,OP-0003,billing,offline,3,305645ed-663d-400b-9df2-48b7b9b4ee07,open,low,2026-01-06T11:11:39.735526+00:00,,2920e6df-615e-4624-aee0-f88ab4f49b7c,Message content 279,2026-01-07T08:11:39.735526+00:00,false,,,,
4b73c797-4439-4f60-9085-0e61a6a2015d,Client 43,client.43@example.com,2026-02-10T11:11:39.734062+00:00,Company 43,15,standard,679fc6d7-3349-4897-ab8c-49f7d7afa9f5,Operator 8,operator.8@example.com,2025-07-01T11:11:39.734353+00:00,OP-0008,support,offline,3,9a1c5eb4-2754-49c1-9cff-731f8259ebe8,open,medium,2026-02-25T11:11:39.734799+00:00,,773940fd-6506-4873-8848-b6c00899cb0d,Message content 280,2026-02-25T22:21:39.734799+00:00,false,,,,
9573f1e3-e253-4a34-a620-aa47e4e21e12,Client 33,client.33@example.com,2025-11-09T11:11:39.733863+00:00,Company 33,5,premium,13992f5b-13db-41f1-b7c6-e68ae67d889d,Operator 2,operator.2@example.com,2026-03-05T11:11:39.734236+00:00,OP-0002,billing,offline,6,888fdcc2-1a22-41c0-88c1-7a11dd8081fc,open,low,2026-01-11T11:11:39.734879+00:00,,8817bca5-5ec0-4986-ae51-f8d74e68c0c6,Message content 281,2026-01-11T16:37:39.734879+00:00,true,,,,
58a107b7-f3f3-4c7c-9ecf-0d8e2ed82e88,Client 48,client.48@example.com,2025-03-23T11:11:39.734148+00:00,Company 48,93,free,4e2e12c9-fb99-41b0-a60f-4eb61b5e0f33,Operator 4,operator.4@example.com,2025-08-27T11:11:39.734281+00:00,OP-0004,sales,online,6,c12b2b8f-6bf0-4659-97c9-5b2ca3b9a26d,pending,low,2026-02-11T11:11:39.735986+00:00,,6fedfe08-96d6-48f7-91f4-362c343d9940,Message content 282,2026-02-11T21:42:39.735986+00:00,true,,,,
b3f0dc7a-8965-4fd0-8d96-015039504208,Client 12,client.12@example.com,2025-10-15T11:11:39.733506+00:00,Company 12,20,standard,7e797a74-cef7-4aac-8eec-dd396da1c475,Operator 7,operator.7@example.com,2025-11-03T11:11:39.734335+00:00,OP-0007,support,online,7,dfce2714-fa1a-41d7-b618-286f4371ece9,open,high,2026-03-05T11:11:39.735561+00:00,,2e08bf6c-1466-470c-97b8-088c255711ff,Message content 283,2026-03-06T04:26:39.735561+00:00,true,,,,
88ded20b-1cd1-4dab-8c10-4f1303231c40,Client 44,client.44@example.com,2025-04-19T11:11:39.734078+00:00,Company 44,21,enterprise,75464306-96f6-47c8-9a39-382bf4baa64e,Operator 5,operator.5@example.com,2025-09-22T11:11:39.734300+00:00,OP-0005,tech,online,2,6090be80-0f26-42d9-b62d-61cb2f3dd2bc,open,low,2026-02-20T11:11:39.736326+00:00,,acf0a1a8-f51a-4160-8d10-6251579c9634,Message content 284,2026-02-20T23:13:39.736326+00:00,true,10dcb21e-547b-4ba5-9c08-99d59541f62d,file_284.txt,2407031,png
8067d26e-94c8-4b4f-8ab1-93053f706f51,Client 28,client.28@example.com,2025-04-29T11:11:39.733781+00:00,Company 28,82,standard,775f6de4-bf12-43dc-b8ee-eff74e7fca85,Operator 3,operator.3@example.com,2026-01-11T11:11:39.734260+00:00,OP-0003,billing,offline,3,14fcb8c7-648f-4441-835b-856bce0df9b2,pending,low,2026-02-17T11:11:39.734672+00:00,,36fa777c-9556-4bf7-b824-c16eea59e58a,Message content 285,2026-02-18T01:53:39.734672+00:00,true,a9a176c2-d227-4f03-b930-5047e262550d,file_285.pdf,3392740,pdf
fd7d0456-43a1-4c22-9dfb-6a34f783ef0b,Client 22,client.22@example.com,2025-10-09T11:11:39.733674+00:00,Company 22,11,standard,13992f5b-13db-41f1-b7c6-e68ae67d889d,Operator 2,operator.2@example.com,2026-03-05T11:11:39.734236+00:00,OP-0002,billing,offline,6,bde9ddf7-b449-4841-b77b-4b68cc643a81,open,medium,2026-02-02T11:11:39.734522+00:00,,199675e4-cdfa-4aaf-a376-7cb0bd781f8d,Message content 286,2026-02-03T00:51:39.734522+00:00,true,2ac97e7a-78f9-4407-b3fd-a4fb3261a070,file_286.pdf,4650770,pdf
8067d26e-94c8-4b4f-8ab1-93053f706f51,Client 28,client.28@example.com,2025-04-29T11:11:39.733781+00:00,Company 28,82,standard,c567ed84-590b-4b94-8e2c-2c96c62d400b,Operator 6,operator.6@example.com,2025-09-02T11:11:39.734317+00:00,OP-0006,billing,offline,2,69e2f568-b6db-450d-82e0-2d0116a9da57,pending,medium,2026-02-07T11:11:39.734596+00:00,,5edcbf7b-c056-4971-a69a-0e7e5869d8bd,Message content 287,2026-02-08T00:22:39.734596+00:00,false,,,,
55ffb774-9524-46af-919c-2ad12b14fd74,Client 40,client.40@example.com,2025-05-11T11:11:39.734007+00:00,Company 40,55,enterprise,cbe4ab29-47da-4080-be68-40c8076ffd1c,Operator 9,operator.9@example.com,2025-04-03T11:11:39.734371+00:00,OP-0009,tech,offline,4,fed40572-ad2b-471c-9c8c-58da2fb945f1,closed,medium,2026-03-06T11:11:39.735121+00:00,2026-03-07T23:11:39.735121+00:00,08f3f046-e05f-4b31-8a2b-e80d2bf47abf,Message content 288,2026-03-07T08:27:39.735121+00:00,true,,,,
92e2cff6-5b04-44a7-b58c-4d0d1060260b,Client 16,client.16@example.com,2026-02-12T11:11:39.733572+00:00,Company 16,94,enterprise,4e2e12c9-fb99-41b0-a60f-4eb61b5e0f33,Operator 4,operator.4@example.com,2025-08-27T11:11:39.734281+00:00,OP-0004,sales,online,6,a1e90e84-590c-4f42-bfde-ec1ffba6455f,closed,low,2026-02-22T11:11:39.734650+00:00,2026-02-23T16:11:39.734650+00:00,c2f2512d-0570-41c1-a3f4-140e7a1c0482,Message content 289,2026-02-23T00:37:39.734650+00:00,false,,,,
50d18f17-5036-4d3d-af5f-300d47cfef98,Client 29,client.29@example.com,2025-06-06T11:11:39.733797+00:00,Company 29,94,standard,679fc6d7-3349-4897-ab8c-49f7d7afa9f5,Operator 8,operator.8@example.com,2025-07-01T11:11:39.734353+00:00,OP-0008,support,offline,3,258362b4-995e-46b8-81f2-979a069a45db,open,high,2026-01-22T11:11:39.736249+00:00,,c44019fb-7aa1-4b31-894d-6cb299ce708d,Message content 290,2026-01-22T23:39:39.736249+00:00,true,,,,
0e833b5b-bec5-417c-86d1-31d364dba72e,Client 8,client.8@example.com,2025-05-23T11:11:39.733428+00:00,Company 8,26,enterprise,75464306-96f6-47c8-9a39-382bf4baa64e,Operator 5,operator.5@example.com,2025-09-22T11:11:39.734300+00:00,OP-0005,tech,online,2,4759550c-d33b-4924-b9cd-531a205dc23a,pending,high,2026-02-02T11:11:39.736043+00:00,,1c3122f1-f478-4aca-8ce8-356c63d5f424,Message content 291,2026-02-03T00:53:39.736043+00:00,true,,,,
ecc24a2d-ea47-4b7a-a258-09210ce529f1,Client 31,client.31@example.com,2025-10-19T11:11:39.733830+00:00,Company 31,82,standard,4e2e12c9-fb99-41b0-a60f-4eb61b5e0f33,Operator 4,operator.4@example.com,2025-08-27T11:11:39.734281+00:00,OP-0004,sales,online,6,e5e20df2-be6f-4401-863d-aba5a1a31e3b,pending,low,2026-01-10T11:11:39.734744+00:00,,ec47fe37-3ce4-46fc-9607-9061691631b6,Message content 292,2026-01-10T22:33:39.734744+00:00,true,,,,
936d1ff9-8a2a-4433-b0f1-c232d8d82a6f,Client 30,client.30@example.com,2025-12-13T11:11:39.733814+00:00,Company 30,60,enterprise,75464306-96f6-47c8-9a39-382bf4baa64e,Operator 5,operator.5@example.com,2025-09-22T11:11:39.734300+00:00,OP-0005,tech,online,2,c828780d-2abf-400f-80fe-2bf0a239428f,closed,high,2026-02-07T11:11:39.734776+00:00,2026-02-09T10:11:39.734776+00:00,89506ea3-615f-4f98-934a-a93c40404460,Message content 293,2026-02-08T07:52:39.734776+00:00,true,,,,
3502abd7-7e93-4dc8-a792-1ae86c10f336,Client 26,client.26@example.com,2025-11-19T11:11:39.733748+00:00,Company 26,86,premium,4e2e12c9-fb99-41b0-a60f-4eb61b5e0f33,Operator 4,operator.4@example.com,2025-08-27T11:11:39.734281+00:00,OP-0004,sales,online,6,988fee83-e9f2-4c1c-ad1b-f19e07ec158a,closed,low,2026-02-25T11:11:39.736433+00:00,2026-02-27T08:11:39.736433+00:00,09f127f2-6b44-425d-8954-f5427ec130e4,Message content 294,2026-02-25T22:03:39.736433+00:00,false,84f4bf4b-a21f-405b-8399-fefbc8620a1a,file_294.pdf,4990523,pdf
4b73c797-4439-4f60-9085-0e61a6a2015d,Client 43,client.43@example.com,2026-02-10T11:11:39.734062+00:00,Company 43,15,standard,c567ed84-590b-4b94-8e2c-2c96c62d400b,Operator 6,operator.6@example.com,2025-09-02T11:11:39.734317+00:00,OP-0006,billing,offline,2,6d7adecd-8af9-4047-8917-5ae9aad2597b,pending,high,2026-01-26T11:11:39.736015+00:00,,4d926c7f-91e2-42d4-ae33-72fcd0ae15cb,Message content 295,2026-01-27T04:34:39.736015+00:00,false,,,,
02605a21-0cd4-4681-89e4-841a48af011f,Client 19,client.19@example.com,2025-04-19T11:11:39.733624+00:00,Company 19,80,premium,730d608c-8e10-4f7e-a51d-db0d13429f86,Operator 10,operator.10@example.com,2025-06-09T11:11:39.734388+00:00,OP-0010,tech,offline,6,37eeb618-1da8-4e27-9710-48189b5b1143,closed,low,2026-02-21T11:11:39.735208+00:00,2026-02-22T09:11:39.735208+00:00,163e4d41-bd14-4cca-bf10-cc60b2e6efdc,Message content 296,2026-02-22T03:23:39.735208+00:00,true,,,,
92e2cff6-5b04-44a7-b58c-4d0d1060260b,Client 16,client.16@example.com,2026-02-12T11:11:39.733572+00:00,Company 16,94,enterprise,75464306-96f6-47c8-9a39-382bf4baa64e,Operator 5,operator.5@example.com,2025-09-22T11:11:39.734300+00:00,OP-0005,tech,online,2,a9f57b39-55fb-4805-9143-fb55a6018bf0,open,high,2026-02-06T11:11:39.736669+00:00,,8337de04-0cda-42b6-9f0d-40938bf37e39,Message content 297,2026-02-06T14:55:39.736669+00:00,true,,,,
0fc60bab-9ce8-47f8-97e1-485d6ad75f21,Client 50,client.50@example.com,2025-04-12T11:11:39.734180+00:00,Company 50,44,free,730d608c-8e10-4f7e-a51d-db0d13429f86,Operator 10,operator.10@example.com,2025-06-09T11:11:39.734388+00:00,OP-0010,tech,offline,6,a1d9ce4c-b94a-4d7e-a3ad-cabe2877533a,open,high,2026-01-21T11:11:39.736825+00:00,,59a8c3b0-db56-4d1f-ad99-ad809760bf47,Message content 298,2026-01-22T10:40:39.736825+00:00,true,,,,
d826c7a0-bfe6-427f-8452-02427e211d02,Client 23,client.23@example.com,2026-01-14T11:11:39.733691+00:00,Company 23,49,premium,13992f5b-13db-41f1-b7c6-e68ae67d889d,Operator 2,operator.2@example.com,2026-03-05T11:11:39.734236+00:00,OP-0002,billing,offline,6,1542e91f-4330-4699-b7ee-8306c765a188,open,medium,2026-01-09T11:11:39.735060+00:00,,114b7adc-bfe1-4dfb-bcba-cf6bd357836e,Message content 299,2026-01-10T09:33:39.735060+00:00,false,,,,
9573f1e3-e253-4a34-a620-aa47e4e21e12,Client 33,client.33@example.com,2025-11-09T11:11:39.733863+00:00,Company 33,5,premium,730d608c-8e10-4f7e-a51d-db0d13429f86,Operator 10,operator.10@example.com,2025-06-09T11:11:39.734388+00:00,OP-0010,tech,offline,6,c62d9326-1dfd-47bd-912c-3c4e7f5a7930,open,low,2026-02-13T11:11:39.736300+00:00,,059f03a7-b916-4196-8d9f-6c1e01ce1ba4,Message content 300,2026-02-13T18:57:39.736300+00:00,true,,,,
bd7acccc-242d-4c64-a3c2-ffa44b532474,Client 14,client.14@example.com,2025-08-24T11:11:39.733539+00:00,Company 14,13,premium,8c273a5d-f06e-47e3-b4a7-da0ef6f06171,Operator 1,operator.1@example.com,2025-10-07T11:11:39.734205+00:00,OP-0001,tech,offline,5,46dbd875-f9f6-4cb4-83fa-26af5a11241b,closed,low,2026-01-28T11:11:39.734816+00:00,2026-01-29T22:11:39.734816+00:00,71824571-6cde-4177-8833-09175e2bfe85,Message content 301,2026-01-29T05:04:39.734816+00:00,true,,,,
0fc60bab-9ce8-47f8-97e1-485d6ad75f21,Client 50,client.50@example.com,2025-04-12T11:11:39.734180+00:00,Company 50,44,free,cbe4ab29-47da-4080-be68-40c8076ffd1c,Operator 9,operator.9@example.com,2025-04-03T11:11:39.734371+00:00,OP-0009,tech,offline,4,ede5b473-da51-4b24-afbd-20136c7a3499,pending,high,2026-01-09T11:11:39.735496+00:00,,609a48e6-3e7e-47f3-b616-fde9fc859fb5,Message content 302,2026-01-09T16:13:39.735496+00:00,true,,,,
9573f1e3-e253-4a34-a620-aa47e4e21e12,Client 33,client.33@example.com,2025-11-09T11:11:39.733863+00:00,Company 33,5,premium,730d608c-8e10-4f7e-a51d-db0d13429f86,Operator 10,operator.10@example.com,2025-06-09T11:11:39.734388+00:00,OP-0010,tech,offline,6,c62d9326-1dfd-47bd-912c-3c4e7f5a7930,open,low,2026-02-13T11:11:39.736300+00:00,,35ecd159-cacf-4817-97ff-e6f34519519e,Message content 303,2026-02-14T11:05:39.736300+00:00,true,322b5623-0cd0-49de-bb0a-1cd2e1293e8f,file_303.pdf,3522983,jpg
8ff38149-d4f0-4e94-ac93-245a113f1c68,Client 18,client.18@example.com,2026-01-25T11:11:39.733607+00:00,Company 18,71,premium,775f6de4-bf12-43dc-b8ee-eff74e7fca85,Operator 3,operator.3@example.com,2026-01-11T11:11:39.734260+00:00,OP-0003,billing,offline,3,1376f62e-cbbb-45c9-9f2c-dd1bf29bc4f5,closed,medium,2026-01-15T11:11:39.735627+00:00,2026-01-15T18:11:39.735627+00:00,db8fc325-cbec-473e-9b33-364d85e10487,Message content 304,2026-01-16T10:45:39.735627+00:00,true,b17ea087-3f29-4b9d-9ecd-757e0e6dbe02,file_304.txt,532453,jpg
c288e606-78c0-4a54-9184-54b69e7b45e4,Client 27,client.27@example.com,2025-03-12T11:11:39.733764+00:00,Company 27,88,free,c567ed84-590b-4b94-8e2c-2c96c62d400b,Operator 6,operator.6@example.com,2025-09-02T11:11:39.734317+00:00,OP-0006,billing,offline,2,57a62de5-6c3e-406d-b03e-ff3149e740dd,closed,high,2026-02-09T11:11:39.736072+00:00,2026-02-10T06:11:39.736072+00:00,5cc9f6cc-dbe6-4204-b690-2ca4d9ddba58,Message content 305,2026-02-09T18:15:39.736072+00:00,false,,,,
0777c6d2-2b2c-4b94-86df-1d6f74cb3528,Client 37,client.37@example.com,2025-08-16T11:11:39.733928+00:00,Company 37,83,enterprise,4e2e12c9-fb99-41b0-a60f-4eb61b5e0f33,Operator 4,operator.4@example.com,2025-08-27T11:11:39.734281+00:00,OP-0004,sales,online,6,c3a8d2ec-3958-4b7e-b0b6-3fd8ddc0c3f3,open,high,2026-02-18T11:11:39.735900+00:00,,cea11b37-f839-47a3-86f9-03b71d11c953,Message content 306,2026-02-19T05:07:39.735900+00:00,false,,,,
4cfd3965-0c74-47ca-8d1c-551fb947514c,Client 17,client.17@example.com,2025-06-05T11:11:39.733590+00:00,Company 17,16,enterprise,775f6de4-bf12-43dc-b8ee-eff74e7fca85,Operator 3,operator.3@example.com,2026-01-11T11:11:39.734260+00:00,OP-0003,billing,offline,3,b53c95c9-09a2-4fe6-99a6-55e8e65757aa,pending,low,2026-01-28T11:11:39.735813+00:00,,5f39d87c-3cbc-4381-92e0-64f897d74073,Message content 307,2026-01-29T05:22:39.735813+00:00,true,,,,
5caab472-47e3-4e7f-a3a7-3c61503d63e0,Client 11,client.11@example.com,2025-03-14T11:11:39.733488+00:00,Company 11,55,premium,679fc6d7-3349-4897-ab8c-49f7d7afa9f5,Operator 8,operator.8@example.com,2025-07-01T11:11:39.734353+00:00,OP-0008,support,offline,3,7605b37a-73eb-4a6c-baf4-bad0fc70b5ca,open,high,2026-01-07T11:11:39.737002+00:00,,060b9171-7c4b-4b42-ad1b-3f5cc3e53fd1,Message content 308,2026-01-08T10:25:39.737002+00:00,true,,,,
3502abd7-7e93-4dc8-a792-1ae86c10f336,Client 26,client.26@example.com,2025-11-19T11:11:39.733748+00:00,Company 26,86,premium,4e2e12c9-fb99-41b0-a60f-4eb61b5e0f33,Operator 4,operator.4@example.com,2025-08-27T11:11:39.734281+00:00,OP-0004,sales,online,6,988fee83-e9f2-4c1c-ad1b-f19e07ec158a,closed,low,2026-02-25T11:11:39.736433+00:00,2026-02-27T08:11:39.736433+00:00,92711489-bafc-4015-bbe4-8a645806684c,Message content 309,2026-02-26T03:42:39.736433+00:00,true,21787d49-fef5-4f4f-a5f9-46d4cfd3385b,file_309.pdf,1896321,pdf
5caab472-47e3-4e7f-a3a7-3c61503d63e0,Client 11,client.11@example.com,2025-03-14T11:11:39.733488+00:00,Company 11,55,premium,679fc6d7-3349-4897-ab8c-49f7d7afa9f5,Operator 8,operator.8@example.com,2025-07-01T11:11:39.734353+00:00,OP-0008,support,offline,3,7605b37a-73eb-4a6c-baf4-bad0fc70b5ca,open,high,2026-01-07T11:11:39.737002+00:00,,7c890077-6270-4dbf-9957-c30ae551bc0d,Message content 310,2026-01-07T21:02:39.737002+00:00,true,,,,
8067d26e-94c8-4b4f-8ab1-93053f706f51,Client 28,client.28@example.com,2025-04-29T11:11:39.733781+00:00,Company 28,82,standard,8c273a5d-f06e-47e3-b4a7-da0ef6f06171,Operator 1,operator.1@example.com,2025-10-07T11:11:39.734205+00:00,OP-0001,tech,offline,5,f2dbb391-1e67-44a5-a551-ee9fc9d3cfb4,closed,high,2026-02-01T11:11:39.735929+00:00,2026-02-03T07:11:39.735929+00:00,f66655f6-4a22-4496-a0a9-4c018f64fbe7,Message content 311,2026-02-01T22:00:39.735929+00:00,true,,,,
0fc60bab-9ce8-47f8-97e1-485d6ad75f21,Client 50,client.50@example.com,2025-04-12T11:11:39.734180+00:00,Company 50,44,free,730d608c-8e10-4f7e-a51d-db0d13429f86,Operator 10,operator.10@example.com,2025-06-09T11:11:39.734388+00:00,OP-0010,tech,offline,6,a1d9ce4c-b94a-4d7e-a3ad-cabe2877533a,open,high,2026-01-21T11:11:39.736825+00:00,,ead862e4-5453-4208-9062-bffc18ef092b,Message content 312,2026-01-21T20:31:39.736825+00:00,true,969e9c45-0640-47d9-b14d-1430159a9f82,file_312.txt,3319578,pdf
5caab472-47e3-4e7f-a3a7-3c61503d63e0,Client 11,client.11@example.com,2025-03-14T11:11:39.733488+00:00,Company 11,55,premium,679fc6d7-3349-4897-ab8c-49f7d7afa9f5,Operator 8,operator.8@example.com,2025-07-01T11:11:39.734353+00:00,OP-0008,support,offline,3,7605b37a-73eb-4a6c-baf4-bad0fc70b5ca,open,high,2026-01-07T11:11:39.737002+00:00,,d9c4b76e-712c-4eca-b0fb-0f967240ae9c,Message content 313,2026-01-07T16:10:39.737002+00:00,true,cf311297-3d98-419d-8c54-ac94b91f95c4,file_313.png,2915507,txt
55ffb774-9524-46af-919c-2ad12b14fd74,Client 40,client.40@example.com,2025-05-11T11:11:39.734007+00:00,Company 40,55,enterprise,cbe4ab29-47da-4080-be68-40c8076ffd1c,Operator 9,operator.9@example.com,2025-04-03T11:11:39.734371+00:00,OP-0009,tech,offline,4,4c5a93b7-c798-45f1-88f1-160a45fd49c2,closed,low,2026-02-07T11:11:39.736583+00:00,2026-02-08T16:11:39.736583+00:00,89b1d32d-838f-4a1a-b3ac-8ce9978b2929,Message content 314,2026-02-07T19:56:39.736583+00:00,true,,,,
58a107b7-f3f3-4c7c-9ecf-0d8e2ed82e88,Client 48,client.48@example.com,2025-03-23T11:11:39.734148+00:00,Company 48,93,free,775f6de4-bf12-43dc-b8ee-eff74e7fca85,Operator 3,operator.3@example.com,2026-01-11T11:11:39.734260+00:00,OP-0003,billing,offline,3,1bbf9cfb-6b5c-49c6-bcbe-43945017a295,closed,medium,2026-01-26T11:11:39.736144+00:00,2026-01-27T07:11:39.736144+00:00,bbf4f35e-1e1f-4ab4-8741-1cc16ebb5ed1,Message content 315,2026-01-26T20:26:39.736144+00:00,true,,,,
ecc24a2d-ea47-4b7a-a258-09210ce529f1,Client 31,client.31@example.com,2025-10-19T11:11:39.733830+00:00,Company 31,82,standard,4e2e12c9-fb99-41b0-a60f-4eb61b5e0f33,Operator 4,operator.4@example.com,2025-08-27T11:11:39.734281+00:00,OP-0004,sales,online,6,e5e20df2-be6f-4401-863d-aba5a1a31e3b,pending,low,2026-01-10T11:11:39.734744+00:00,,e6b03b31-8fe9-4665-902e-26ea39619e68,Message content 316,2026-01-10T14:54:39.734744+00:00,true,,,,
638081d3-bce7-40f6-b88c-d5b343b2e3d2,Client 1,client.1@example.com,2025-04-13T11:11:39.733210+00:00,Company 1,15,free,679fc6d7-3349-4897-ab8c-49f7d7afa9f5,Operator 8,operator.8@example.com,2025-07-01T11:11:39.734353+00:00,OP-0008,support,offline,3,7233beda-2ba0-453f-a2e4-265b04f963bf,closed,low,2026-01-26T11:11:39.735022+00:00,2026-01-26T18:11:39.735022+00:00,712b1c71-a1f4-4225-bd07-d2594c8c38f1,Message content 317,2026-01-26T12:54:39.735022+00:00,true,,,,
92e2cff6-5b04-44a7-b58c-4d0d1060260b,Client 16,client.16@example.com,2026-02-12T11:11:39.733572+00:00,Company 16,94,enterprise,13992f5b-13db-41f1-b7c6-e68ae67d889d,Operator 2,operator.2@example.com,2026-03-05T11:11:39.734236+00:00,OP-0002,billing,offline,6,289a2075-7af3-408a-a5e9-3e03fa0a0a3e,open,medium,2026-02-05T11:11:39.736523+00:00,,540e8dc4-10c6-4ca6-901d-4c273f6bc552,Message content 318,2026-02-05T19:07:39.736523+00:00,true,ee798ae3-f418-4446-9024-e6f0dee1ad35,file_318.txt,853431,jpg
0a272624-2c12-484e-8a21-5158a8d796cf,Client 49,client.49@example.com,2025-03-22T11:11:39.734164+00:00,Company 49,69,premium,4e2e12c9-fb99-41b0-a60f-4eb61b5e0f33,Operator 4,operator.4@example.com,2025-08-27T11:11:39.734281+00:00,OP-0004,sales,online,6,2339a806-fbef-4c1a-856c-5eb421dd1eaf,pending,medium,2026-01-20T11:11:39.734406+00:00,,3ef9fe94-2ffb-4f8f-8440-2acaec25c5fe,Message content 319,2026-01-21T05:58:39.734406+00:00,true,,,,
55ffb774-9524-46af-919c-2ad12b14fd74,Client 40,client.40@example.com,2025-05-11T11:11:39.734007+00:00,Company 40,55,enterprise,cbe4ab29-47da-4080-be68-40c8076ffd1c,Operator 9,operator.9@example.com,2025-04-03T11:11:39.734371+00:00,OP-0009,tech,offline,4,4c5a93b7-c798-45f1-88f1-160a45fd49c2,closed,low,2026-02-07T11:11:39.736583+00:00,2026-02-08T16:11:39.736583+00:00,d64ba37d-e1da-4a47-9136-129ac3f4360d,Message content 320,2026-02-08T03:25:39.736583+00:00,true,,,,
4b73c797-4439-4f60-9085-0e61a6a2015d,Client 43,client.43@example.com,2026-02-10T11:11:39.734062+00:00,Company 43,15,standard,13992f5b-13db-41f1-b7c6-e68ae67d889d,Operator 2,operator.2@example.com,2026-03-05T11:11:39.734236+00:00,OP-0002,billing,offline,6,2a2b9b60-f71a-4b63-841f-ad809db56934,open,medium,2026-01-09T11:11:39.735154+00:00,,86b4ce59-7c70-4e70-918e-39ab5f508d0c,Message content 321,2026-01-09T22:08:39.735154+00:00,true,f090ee72-dae4-4bb0-983e-3929beab1081,file_321.png,4826179,jpg
58a107b7-f3f3-4c7c-9ecf-0d8e2ed82e88,Client 48,client.48@example.com,2025-03-23T11:11:39.734148+00:00,Company 48,93,free,775f6de4-bf12-43dc-b8ee-eff74e7fca85,Operator 3,operator.3@example.com,2026-01-11T11:11:39.734260+00:00,OP-0003,billing,offline,3,1bbf9cfb-6b5c-49c6-bcbe-43945017a295,closed,medium,2026-01-26T11:11:39.736144+00:00,2026-01-27T07:11:39.736144+00:00,edd92448-e32c-4ede-8246-5dbd5ce10e7d,Message content 322,2026-01-26T12:27:39.736144+00:00,true,,,,
58a107b7-f3f3-4c7c-9ecf-0d8e2ed82e88,Client 48,client.48@example.com,2025-03-23T11:11:39.734148+00:00,Company 48,93,free,c567ed84-590b-4b94-8e2c-2c96c62d400b,Operator 6,operator.6@example.com,2025-09-02T11:11:39.734317+00:00,OP-0006,billing,offline,2,c026311f-4168-4e91-a58c-0293e7e6ac60,open,high,2026-03-03T11:11:39.734838+00:00,,9d6c4597-7673-42dd-b9f0-86585f330651,Message content 323,2026-03-03T12:25:39.734838+00:00,true,,,,
58a107b7-f3f3-4c7c-9ecf-0d8e2ed82e88,Client 48,client.48@example.com,2025-03-23T11:11:39.734148+00:00,Company 48,93,free,4e2e12c9-fb99-41b0-a60f-4eb61b5e0f33,Operator 4,operator.4@example.com,2025-08-27T11:11:39.734281+00:00,OP-0004,sales,online,6,c12b2b8f-6bf0-4659-97c9-5b2ca3b9a26d,pending,low,2026-02-11T11:11:39.735986+00:00,,5db3f3ab-1a51-44c2-82d2-649f16bce4ac,Message content 324,2026-02-11T17:32:39.735986+00:00,false,,,,
0e833b5b-bec5-417c-86d1-31d364dba72e,Client 8,client.8@example.com,2025-05-23T11:11:39.733428+00:00,Company 8,26,enterprise,13992f5b-13db-41f1-b7c6-e68ae67d889d,Operator 2,operator.2@example.com,2026-03-05T11:11:39.734236+00:00,OP-0002,billing,offline,6,1db27155-d627-49e7-a20f-1198b38053bc,closed,medium,2026-01-18T11:11:39.735177+00:00,2026-01-18T21:11:39.735177+00:00,63660238-946b-41e1-b56a-8e8e29870ed5,Message content 325,2026-01-18T12:27:39.735177+00:00,true,8024668d-5131-4718-850e-88149f7ecfa0,file_325.png,2820536,pdf
4cfd3965-0c74-47ca-8d1c-551fb947514c,Client 17,client.17@example.com,2025-06-05T11:11:39.733590+00:00,Company 17,16,enterprise,775f6de4-bf12-43dc-b8ee-eff74e7fca85,Operator 3,operator.3@example.com,2026-01-11T11:11:39.734260+00:00,OP-0003,billing,offline,3,b53c95c9-09a2-4fe6-99a6-55e8e65757aa,pending,low,2026-01-28T11:11:39.735813+00:00,,8e3b39f4-bdd4-43f0-990d-f10a61f80b53,Message content 326,2026-01-29T09:04:39.735813+00:00,true,,,,
ecc24a2d-ea47-4b7a-a258-09210ce529f1,Client 31,client.31@example.com,2025-10-19T11:11:39.733830+00:00,Company 31,82,standard,4e2e12c9-fb99-41b0-a60f-4eb61b5e0f33,Operator 4,operator.4@example.com,2025-08-27T11:11:39.734281+00:00,OP-0004,sales,online,6,e5e20df2-be6f-4401-863d-aba5a1a31e3b,pending,low,2026-01-10T11:11:39.734744+00:00,,2864022a-47b3-41fa-83f7-c81ed6718cc5,Message content 327,2026-01-11T04:23:39.734744+00:00,true,,,,
8bf6c5de-eb19-4f4f-9cb7-7e28340b53e6,Client 5,client.5@example.com,2025-05-08T11:11:39.733371+00:00,Company 5,55,free,679fc6d7-3349-4897-ab8c-49f7d7afa9f5,Operator 8,operator.8@example.com,2025-07-01T11:11:39.734353+00:00,OP-0008,support,offline,3,6004811b-18d1-46af-be6e-d71257dd3004,closed,low,2026-01-14T11:11:39.734687+00:00,2026-01-14T18:11:39.734687+00:00,399c72db-2542-46a8-8fe1-8767018d78d2,Message content 328,2026-01-14T22:28:39.734687+00:00,true,8dd068cb-0cdd-41ac-9abb-aa89aebf616e,file_328.pdf,1571951,png
0a272624-2c12-484e-8a21-5158a8d796cf,Client 49,client.49@example.com,2025-03-22T11:11:39.734164+00:00,Company 49,69,premium,7e797a74-cef7-4aac-8eec-dd396da1c475,Operator 7,operator.7@example.com,2025-11-03T11:11:39.734335+00:00,OP-0007,support,online,7,62c2d753-7eb6-4d50-850f-8112d2172eff,pending,high,2026-01-11T11:11:39.736887+00:00,,b6299fe9-4c45-45a9-a863-fb0c83fd6ac2,Message content 329,2026-01-11T22:41:39.736887+00:00,true,,,,
971cc598-3020-4bee-bf75-fb360c582f03,Client 15,client.15@example.com,2025-09-11T11:11:39.733555+00:00,Company 15,78,premium,75464306-96f6-47c8-9a39-382bf4baa64e,Operator 5,operator.5@example.com,2025-09-22T11:11:39.734300+00:00,OP-0005,tech,online,2,12903e5f-92c8-4036-9c76-3db8cdfe7997,pending,low,2026-02-07T11:11:39.736947+00:00,,2d34b4d2-ec51-4aad-b1aa-9ba0002bd25e,Message content 330,2026-02-07T17:46:39.736947+00:00,false,50db1eb0-5c4d-43d2-b350-71189b92570d,file_330.txt,3597834,pdf
5faa6da9-33a3-408c-a571-b6625b43948e,Client 4,client.4@example.com,2025-03-25T11:11:39.733349+00:00,Company 4,95,free,7e797a74-cef7-4aac-8eec-dd396da1c475,Operator 7,operator.7@example.com,2025-11-03T11:11:39.734335+00:00,OP-0007,support,online,7,19c95279-ff17-42d6-9e10-1fbcf226f9eb,pending,low,2026-01-19T11:11:39.734634+00:00,,240dfc0b-eb2e-45ed-a9ff-09005fc90571,Message content 331,2026-01-20T00:51:39.734634+00:00,true,,,,
ecc24a2d-ea47-4b7a-a258-09210ce529f1,Client 31,client.31@example.com,2025-10-19T11:11:39.733830+00:00,Company 31,82,standard,4e2e12c9-fb99-41b0-a60f-4eb61b5e0f33,Operator 4,operator.4@example.com,2025-08-27T11:11:39.734281+00:00,OP-0004,sales,online,6,e5e20df2-be6f-4401-863d-aba5a1a31e3b,pending,low,2026-01-10T11:11:39.734744+00:00,,daefc318-7c48-4574-b19a-15e46d8488cb,Message content 332,2026-01-11T03:28:39.734744+00:00,true,,,,
d826c7a0-bfe6-427f-8452-02427e211d02,Client 23,client.23@example.com,2026-01-14T11:11:39.733691+00:00,Company 23,49,premium,13992f5b-13db-41f1-b7c6-e68ae67d889d,Operator 2,operator.2@example.com,2026-03-05T11:11:39.734236+00:00,OP-0002,billing,offline,6,1542e91f-4330-4699-b7ee-8306c765a188,open,medium,2026-01-09T11:11:39.735060+00:00,,1b86d5a6-d4b2-43c9-be2e-90007d365f67,Message content 333,2026-01-10T00:16:39.735060+00:00,false,d1b5fbd9-fff3-4b38-a8ff-778f3cf329ad,file_333.pdf,2542905,png
d826c7a0-bfe6-427f-8452-02427e211d02,Client 23,client.23@example.com,2026-01-14T11:11:39.733691+00:00,Company 23,49,premium,13992f5b-13db-41f1-b7c6-e68ae67d889d,Operator 2,operator.2@example.com,2026-03-05T11:11:39.734236+00:00,OP-0002,billing,offline,6,1542e91f-4330-4699-b7ee-8306c765a188,open,medium,2026-01-09T11:11:39.735060+00:00,,4b74c708-11aa-4774-acfd-939dcf6d3eb4,Message content 334,2026-01-10T09:29:39.735060+00:00,true,,,,
bc58cd4e-7448-49c7-9d42-0f1f86fdfb7b,Client 41,client.41@example.com,2025-09-02T11:11:39.734024+00:00,Company 41,29,standard,75464306-96f6-47c8-9a39-382bf4baa64e,Operator 5,operator.5@example.com,2025-09-22T11:11:39.734300+00:00,OP-0005,tech,online,2,9619a752-d40c-4d1f-8df2-10f318e29832,closed,high,2026-01-16T11:11:39.736638+00:00,2026-01-17T19:11:39.736638+00:00,d3777460-f09b-49c2-9e54-528a07bf7057,Message content 335,2026-01-16T15:13:39.736638+00:00,true,,,,
02605a21-0cd4-4681-89e4-841a48af011f,Client 19,client.19@example.com,2025-04-19T11:11:39.733624+00:00,Company 19,80,premium,4e2e12c9-fb99-41b0-a60f-4eb61b5e0f33,Operator 4,operator.4@example.com,2025-08-27T11:11:39.734281+00:00,OP-0004,sales,online,6,ab687850-17bd-4cbe-b7e8-b843f8dae9bc,pending,medium,2026-02-17T11:11:39.736692+00:00,,7d3db908-2de9-4eb4-a063-95efebe04f4f,Message content 336,2026-02-18T04:20:39.736692+00:00,false,,,,
5caab472-47e3-4e7f-a3a7-3c61503d63e0,Client 11,client.11@example.com,2025-03-14T11:11:39.733488+00:00,Company 11,55,premium,679fc6d7-3349-4897-ab8c-49f7d7afa9f5,Operator 8,operator.8@example.com,2025-07-01T11:11:39.734353+00:00,OP-0008,support,offline,3,7605b37a-73eb-4a6c-baf4-bad0fc70b5ca,open,high,2026-01-07T11:11:39.737002+00:00,,152921dd-912d-424b-bc9e-2dba9b9a088f,Message content 337,2026-01-07T21:47:39.737002+00:00,true,,,,
0e833b5b-bec5-417c-86d1-31d364dba72e,Client 8,client.8@example.com,2025-05-23T11:11:39.733428+00:00,Company 8,26,enterprise,13992f5b-13db-41f1-b7c6-e68ae67d889d,Operator 2,operator.2@example.com,2026-03-05T11:11:39.734236+00:00,OP-0002,billing,offline,6,1db27155-d627-49e7-a20f-1198b38053bc,closed,medium,2026-01-18T11:11:39.735177+00:00,2026-01-18T21:11:39.735177+00:00,7f6bc53f-4339-4246-8efb-d5bbf24e3d10,Message content 338,2026-01-18T23:43:39.735177+00:00,true,,,,
ecc24a2d-ea47-4b7a-a258-09210ce529f1,Client 31,client.31@example.com,2025-10-19T11:11:39.733830+00:00,Company 31,82,standard,4e2e12c9-fb99-41b0-a60f-4eb61b5e0f33,Operator 4,operator.4@example.com,2025-08-27T11:11:39.734281+00:00,OP-0004,sales,online,6,e5e20df2-be6f-4401-863d-aba5a1a31e3b,pending,low,2026-01-10T11:11:39.734744+00:00,,a0c191cd-9a53-4ab3-9379-bdb03eafcdf5,Message content 339,2026-01-11T03:30:39.734744+00:00,false,79f53f24-3d6d-4df2-8577-8b1c80da76bc,file_339.pdf,3498365,txt
971cc598-3020-4bee-bf75-fb360c582f03,Client 15,client.15@example.com,2025-09-11T11:11:39.733555+00:00,Company 15,78,premium,75464306-96f6-47c8-9a39-382bf4baa64e,Operator 5,operator.5@example.com,2025-09-22T11:11:39.734300+00:00,OP-0005,tech,online,2,12903e5f-92c8-4036-9c76-3db8cdfe7997,pending,low,2026-02-07T11:11:39.736947+00:00,,9e9a2673-4b72-4cef-b4a7-5003052c1110,Message content 340,2026-02-08T05:31:39.736947+00:00,false,,,,
86ed07ac-9eb8-4057-ae3c-96c475cf5c56,Client 25,client.25@example.com,2025-12-13T11:11:39.733726+00:00,Company 25,48,premium,c567ed84-590b-4b94-8e2c-2c96c62d400b,Operator 6,operator.6@example.com,2025-09-02T11:11:39.734317+00:00,OP-0006,billing,offline,2,7647f22b-6357-46b6-8f55-20df71847d01,closed,high,2026-01-23T11:11:39.736979+00:00,2026-01-24T13:11:39.736979+00:00,2eeef304-c8ac-4efe-9ab1-28aa92e5cf99,Message content 341,2026-01-23T19:37:39.736979+00:00,true,,,,
dd2d5218-9c9f-4ea4-a2f5-2d90d93c7e31,Client 47,client.47@example.com,2025-06-09T11:11:39.734131+00:00,Company 47,33,free,8c273a5d-f06e-47e3-b4a7-da0ef6f06171,Operator 1,operator.1@example.com,2025-10-07T11:11:39.734205+00:00,OP-0001,tech,offline,5,91e7a664-4113-4ce8-a3bb-a401a4c4208b,closed,low,2026-01-22T11:11:39.734612+00:00,2026-01-24T05:11:39.734612+00:00,50bb5d38-7888-41a9-83b6-9553fd1febbd,Message content 342,2026-01-23T05:07:39.734612+00:00,false,,,,
8067d26e-94c8-4b4f-8ab1-93053f706f51,Client 28,client.28@example.com,2025-04-29T11:11:39.733781+00:00,Company 28,82,standard,c567ed84-590b-4b94-8e2c-2c96c62d400b,Operator 6,operator.6@example.com,2025-09-02T11:11:39.734317+00:00,OP-0006,billing,offline,2,69e2f568-b6db-450d-82e0-2d0116a9da57,pending,medium,2026-02-07T11:11:39.734596+00:00,,959f0967-09c3-4c0f-9284-7c27eb34aa91,Message content 343,2026-02-08T06:26:39.734596+00:00,false,e885d13c-2c19-4ebd-ac2f-dedc89c881d7,file_343.jpg,4814169,jpg
bd7acccc-242d-4c64-a3c2-ffa44b532474,Client 14,client.14@example.com,2025-08-24T11:11:39.733539+00:00,Company 14,13,premium,8c273a5d-f06e-47e3-b4a7-da0ef6f06171,Operator 1,operator.1@example.com,2025-10-07T11:11:39.734205+00:00,OP-0001,tech,offline,5,46dbd875-f9f6-4cb4-83fa-26af5a11241b,closed,low,2026-01-28T11:11:39.734816+00:00,2026-01-29T22:11:39.734816+00:00,4fa768a8-6118-4adc-a2f2-ba5102afbb44,Message content 344,2026-01-28T22:22:39.734816+00:00,true,,,,
02605a21-0cd4-4681-89e4-841a48af011f,Client 19,client.19@example.com,2025-04-19T11:11:39.733624+00:00,Company 19,80,premium,4e2e12c9-fb99-41b0-a60f-4eb61b5e0f33,Operator 4,operator.4@example.com,2025-08-27T11:11:39.734281+00:00,OP-0004,sales,online,6,ab687850-17bd-4cbe-b7e8-b843f8dae9bc,pending,medium,2026-02-17T11:11:39.736692+00:00,,4e98a50e-7e30-4645-84c5-5d4f41dfea91,Message content 345,2026-02-17T18:11:39.736692+00:00,true,,,,
0e833b5b-bec5-417c-86d1-31d364dba72e,Client 8,client.8@example.com,2025-05-23T11:11:39.733428+00:00,Company 8,26,enterprise,75464306-96f6-47c8-9a39-382bf4baa64e,Operator 5,operator.5@example.com,2025-09-22T11:11:39.734300+00:00,OP-0005,tech,online,2,4759550c-d33b-4924-b9cd-531a205dc23a,pending,high,2026-02-02T11:11:39.736043+00:00,,5dad8606-9610-40d3-bfdf-ba2f31a4918b,Message content 346,2026-02-03T02:23:39.736043+00:00,true,,,,
0e833b5b-bec5-417c-86d1-31d364dba72e,Client 8,client.8@example.com,2025-05-23T11:11:39.733428+00:00,Company 8,26,enterprise,75464306-96f6-47c8-9a39-382bf4baa64e,Operator 5,operator.5@example.com,2025-09-22T11:11:39.734300+00:00,OP-0005,tech,online,2,4759550c-d33b-4924-b9cd-531a205dc23a,pending,high,2026-02-02T11:11:39.736043+00:00,,0a1d7fed-1e80-4dbc-a5c5-fce001c5b168,Message content 347,2026-02-03T01:21:39.736043+00:00,true,,,,
b2828c67-89ca-465b-8618-860cc4f09764,Client 7,client.7@example.com,2025-11-07T11:11:39.733410+00:00,Company 7,65,free,730d608c-8e10-4f7e-a51d-db0d13429f86,Operator 10,operator.10@example.com,2025-06-09T11:11:39.734388+00:00,OP-0010,tech,offline,6,f4a1d0b4-40f2-4537-a6fc-81aa1f37afda,pending,high,2026-02-07T11:11:39.735839+00:00,,4cc0d158-0a43-4982-8f3f-f12e94e9ffc4,Message content 348,2026-02-08T10:08:39.735839+00:00,false,,,,
b3f0dc7a-8965-4fd0-8d96-015039504208,Client 12,client.12@example.com,2025-10-15T11:11:39.733506+00:00,Company 12,20,standard,7e797a74-cef7-4aac-8eec-dd396da1c475,Operator 7,operator.7@example.com,2025-11-03T11:11:39.734335+00:00,OP-0007,support,online,7,dfce2714-fa1a-41d7-b618-286f4371ece9,open,high,2026-03-05T11:11:39.735561+00:00,,454da0d7-b3e7-495a-b398-f559d16351d4,Message content 349,2026-03-05T19:52:39.735561+00:00,false,,,,
88ded20b-1cd1-4dab-8c10-4f1303231c40,Client 44,client.44@example.com,2025-04-19T11:11:39.734078+00:00,Company 44,21,enterprise,75464306-96f6-47c8-9a39-382bf4baa64e,Operator 5,operator.5@example.com,2025-09-22T11:11:39.734300+00:00,OP-0005,tech,online,2,6090be80-0f26-42d9-b62d-61cb2f3dd2bc,open,low,2026-02-20T11:11:39.736326+00:00,,a9b924c8-0fa2-4c65-8ea0-342aa964bd81,Message content 350,2026-02-20T13:40:39.736326+00:00,true,610c9c3f-8bf8-45c6-a059-07ab9cb29349,file_350.png,4549608,png
c288e606-78c0-4a54-9184-54b69e7b45e4,Client 27,client.27@example.com,2025-03-12T11:11:39.733764+00:00,Company 27,88,free,4e2e12c9-fb99-41b0-a60f-4eb61b5e0f33,Operator 4,operator.4@example.com,2025-08-27T11:11:39.734281+00:00,OP-0004,sales,online,6,6a6f76ee-4a00-4028-94b8-37b0350104f8,open,high,2026-02-28T11:11:39.734580+00:00,,0549d8c2-a95f-4ac8-8114-3fc5a5a27abe,Message content 351,2026-03-01T03:17:39.734580+00:00,true,40ed3ca9-477f-413e-94d6-81d942c801a4,file_351.jpg,3536251,pdf
0fc60bab-9ce8-47f8-97e1-485d6ad75f21,Client 50,client.50@example.com,2025-04-12T11:11:39.734180+00:00,Company 50,44,free,cbe4ab29-47da-4080-be68-40c8076ffd1c,Operator 9,operator.9@example.com,2025-04-03T11:11:39.734371+00:00,OP-0009,tech,offline,4,ede5b473-da51-4b24-afbd-20136c7a3499,pending,high,2026-01-09T11:11:39.735496+00:00,,86ed4e48-1f2d-4937-8d8f-9783ddcee1f5,Message content 352,2026-01-10T02:29:39.735496+00:00,false,,,,
0fc60bab-9ce8-47f8-97e1-485d6ad75f21,Client 50,client.50@example.com,2025-04-12T11:11:39.734180+00:00,Company 50,44,free,cbe4ab29-47da-4080-be68-40c8076ffd1c,Operator 9,operator.9@example.com,2025-04-03T11:11:39.734371+00:00,OP-0009,tech,offline,4,ede5b473-da51-4b24-afbd-20136c7a3499,pending,high,2026-01-09T11:11:39.735496+00:00,,2075fd16-c7dc-4423-a812-f90e7e1f04c6,Message content 353,2026-01-09T13:55:39.735496+00:00,true,,,,
c1d26b76-65a7-43fd-a884-ff8ace8e21f5,Client 36,client.36@example.com,2025-11-18T11:11:39.733912+00:00,Company 36,84,enterprise,8c273a5d-f06e-47e3-b4a7-da0ef6f06171,Operator 1,operator.1@example.com,2025-10-07T11:11:39.734205+00:00,OP-0001,tech,offline,5,85460c13-7a82-492d-87c5-dfa2cb9837d6,pending,low,2026-02-15T11:11:39.736182+00:00,,ed999d6e-d5bf-4073-9d1e-055b86858541,Message content 354,2026-02-15T15:43:39.736182+00:00,true,,,,
58a107b7-f3f3-4c7c-9ecf-0d8e2ed82e88,Client 48,client.48@example.com,2025-03-23T11:11:39.734148+00:00,Company 48,93,free,c567ed84-590b-4b94-8e2c-2c96c62d400b,Operator 6,operator.6@example.com,2025-09-02T11:11:39.734317+00:00,OP-0006,billing,offline,2,c026311f-4168-4e91-a58c-0293e7e6ac60,open,high,2026-03-03T11:11:39.734838+00:00,,93b25e35-76cd-49ba-bf1c-4b81d5b6115e,Message content 355,2026-03-04T05:31:39.734838+00:00,true,,,,
322d10ae-d002-4347-b879-783c9476871a,Client 34,client.34@example.com,2025-08-13T11:11:39.733880+00:00,Company 34,35,free,c567ed84-590b-4b94-8e2c-2c96c62d400b,Operator 6,operator.6@example.com,2025-09-02T11:11:39.734317+00:00,OP-0006,billing,offline,2,241d8272-6e9e-47e1-88d1-b57240b9eaf6,pending,low,2026-01-06T11:11:39.734971+00:00,,34f78889-28e4-427f-a52e-a4dff9f1ca00,Message content 356,2026-01-06T11:18:39.734971+00:00,false,,,,
b2828c67-89ca-465b-8618-860cc4f09764,Client 7,client.7@example.com,2025-11-07T11:11:39.733410+00:00,Company 7,65,free,730d608c-8e10-4f7e-a51d-db0d13429f86,Operator 10,operator.10@example.com,2025-06-09T11:11:39.734388+00:00,OP-0010,tech,offline,6,f4a1d0b4-40f2-4537-a6fc-81aa1f37afda,pending,high,2026-02-07T11:11:39.735839+00:00,,6ad04521-ae79-4a81-8796-a132d888cf14,Message content 357,2026-02-08T10:10:39.735839+00:00,true,,,,
0fc60bab-9ce8-47f8-97e1-485d6ad75f21,Client 50,client.50@example.com,2025-04-12T11:11:39.734180+00:00,Company 50,44,free,cbe4ab29-47da-4080-be68-40c8076ffd1c,Operator 9,operator.9@example.com,2025-04-03T11:11:39.734371+00:00,OP-0009,tech,offline,4,ede5b473-da51-4b24-afbd-20136c7a3499,pending,high,2026-01-09T11:11:39.735496+00:00,,9faec672-cdb5-45fd-a6a3-f3fb23f6c555,Message content 358,2026-01-09T19:01:39.735496+00:00,true,225c95a7-2ba9-4283-a68f-ac9718512736,file_358.pdf,1591088,png
8bf6c5de-eb19-4f4f-9cb7-7e28340b53e6,Client 5,client.5@example.com,2025-05-08T11:11:39.733371+00:00,Company 5,55,free,8c273a5d-f06e-47e3-b4a7-da0ef6f06171,Operator 1,operator.1@example.com,2025-10-07T11:11:39.734205+00:00,OP-0001,tech,offline,5,510e2651-b2d7-49e1-ad70-91951dc4ca84,open,low,2026-02-20T11:11:39.734504+00:00,,12a04ef3-0f9d-4303-ae33-0c33b0ecd811,Message content 359,2026-02-21T09:43:39.734504+00:00,false,,,,
92e2cff6-5b04-44a7-b58c-4d0d1060260b,Client 16,client.16@example.com,2026-02-12T11:11:39.733572+00:00,Company 16,94,enterprise,4e2e12c9-fb99-41b0-a60f-4eb61b5e0f33,Operator 4,operator.4@example.com,2025-08-27T11:11:39.734281+00:00,OP-0004,sales,online,6,26d868bf-9971-4190-91a4-2c1e5985e551,pending,low,2026-03-02T11:11:39.734461+00:00,,b0adad06-b631-40a7-bd48-13a507af16b4,Message content 360,2026-03-02T19:23:39.734461+00:00,true,c095293a-219a-451c-9491-7f295905f9f5,file_360.png,3755019,png
638081d3-bce7-40f6-b88c-d5b343b2e3d2,Client 1,client.1@example.com,2025-04-13T11:11:39.733210+00:00,Company 1,15,free,679fc6d7-3349-4897-ab8c-49f7d7afa9f5,Operator 8,operator.8@example.com,2025-07-01T11:11:39.734353+00:00,OP-0008,support,offline,3,7233beda-2ba0-453f-a2e4-265b04f963bf,closed,low,2026-01-26T11:11:39.735022+00:00,2026-01-26T18:11:39.735022+00:00,bc3fbf42-3734-4acb-9f19-6e1b8c254bca,Message content 361,2026-01-26T12:41:39.735022+00:00,true,,,,
55ffb774-9524-46af-919c-2ad12b14fd74,Client 40,client.40@example.com,2025-05-11T11:11:39.734007+00:00,Company 40,55,enterprise,13992f5b-13db-41f1-b7c6-e68ae67d889d,Operator 2,operator.2@example.com,2026-03-05T11:11:39.734236+00:00,OP-0002,billing,offline,6,664b38d6-b107-41cf-9be4-193324da2607,closed,high,2026-02-08T11:11:39.734937+00:00,2026-02-10T01:11:39.734937+00:00,e49dff4c-cb8d-4395-afd2-5ef4a3ddfcc8,Message content 362,2026-02-08T13:06:39.734937+00:00,false,7836d359-5aff-402f-a29b-859f8181531b,file_362.jpg,4842763,pdf
9573f1e3-e253-4a34-a620-aa47e4e21e12,Client 33,client.33@example.com,2025-11-09T11:11:39.733863+00:00,Company 33,5,premium,730d608c-8e10-4f7e-a51d-db0d13429f86,Operator 10,operator.10@example.com,2025-06-09T11:11:39.734388+00:00,OP-0010,tech,offline,6,c62d9326-1dfd-47bd-912c-3c4e7f5a7930,open,low,2026-02-13T11:11:39.736300+00:00,,269b38de-5c3b-4dea-88e2-4f87b7548f7d,Message content 363,2026-02-14T07:35:39.736300+00:00,false,,,,
f0258ea9-5893-4b2b-a8b9-f60a1b13d4f5,Client 9,client.9@example.com,2025-11-14T11:11:39.733447+00:00,Company 9,58,premium,75464306-96f6-47c8-9a39-382bf4baa64e,Operator 5,operator.5@example.com,2025-09-22T11:11:39.734300+00:00,OP-0005,tech,online,2,6c5d75fd-c327-4bfc-9633-bd6a6a85d1f9,pending,low,2026-02-05T11:11:39.735005+00:00,,d365b2b0-15e4-4e6d-87f9-4f811cad4487,Message content 364,2026-02-05T21:29:39.735005+00:00,false,,,,
c288e606-78c0-4a54-9184-54b69e7b45e4,Client 27,client.27@example.com,2025-03-12T11:11:39.733764+00:00,Company 27,88,free,c567ed84-590b-4b94-8e2c-2c96c62d400b,Operator 6,operator.6@example.com,2025-09-02T11:11:39.734317+00:00,OP-0006,billing,offline,2,57a62de5-6c3e-406d-b03e-ff3149e740dd,closed,high,2026-02-09T11:11:39.736072+00:00,2026-02-10T06:11:39.736072+00:00,d94bb52a-2e7c-4b79-ae19-26b53d587b66,Message content 365,2026-02-09T18:43:39.736072+00:00,true,,,,
50d18f17-5036-4d3d-af5f-300d47cfef98,Client 29,client.29@example.com,2025-06-06T11:11:39.733797+00:00,Company 29,94,standard,679fc6d7-3349-4897-ab8c-49f7d7afa9f5,Operator 8,operator.8@example.com,2025-07-01T11:11:39.734353+00:00,OP-0008,support,offline,3,258362b4-995e-46b8-81f2-979a069a45db,open,high,2026-01-22T11:11:39.736249+00:00,,65caa2be-a0f6-4262-bc9a-40a30b90154a,Message content 366,2026-01-23T07:22:39.736249+00:00,false,,,,
b3f0dc7a-8965-4fd0-8d96-015039504208,Client 12,client.12@example.com,2025-10-15T11:11:39.733506+00:00,Company 12,20,standard,cbe4ab29-47da-4080-be68-40c8076ffd1c,Operator 9,operator.9@example.com,2025-04-03T11:11:39.734371+00:00,OP-0009,tech,offline,4,aed4d1de-b5f5-4286-b511-d7b2d09117c4,open,high,2026-02-05T11:11:39.736498+00:00,,726a5d6c-68b7-4c41-81d7-006c2495eb64,Message content 367,2026-02-06T10:21:39.736498+00:00,true,,,,
8bf6c5de-eb19-4f4f-9cb7-7e28340b53e6,Client 5,client.5@example.com,2025-05-08T11:11:39.733371+00:00,Company 5,55,free,775f6de4-bf12-43dc-b8ee-eff74e7fca85,Operator 3,operator.3@example.com,2026-01-11T11:11:39.734260+00:00,OP-0003,billing,offline,3,afebdb6f-af18-4a5b-90f2-8de8f46b5271,open,medium,2026-01-31T11:11:39.735379+00:00,,9715a300-4cd6-455c-8104-94cb99da2c60,Message content 368,2026-02-01T09:08:39.735379+00:00,false,,,,
5faa6da9-33a3-408c-a571-b6625b43948e,Client 4,client.4@example.com,2025-03-25T11:11:39.733349+00:00,Company 4,95,free,13992f5b-13db-41f1-b7c6-e68ae67d889d,Operator 2,operator.2@example.com,2026-03-05T11:11:39.734236+00:00,OP-0002,billing,offline,6,4e6adde7-3686-419c-9bba-35d9b0858ea2,pending,medium,2026-01-25T11:11:39.735267+00:00,,99dfd9e5-fa32-4618-a084-90ef1478a7d9,Message content 369,2026-01-26T10:57:39.735267+00:00,true,,,,
0fc60bab-9ce8-47f8-97e1-485d6ad75f21,Client 50,client.50@example.com,2025-04-12T11:11:39.734180+00:00,Company 50,44,free,cbe4ab29-47da-4080-be68-40c8076ffd1c,Operator 9,operator.9@example.com,2025-04-03T11:11:39.734371+00:00,OP-0009,tech,offline,4,ede5b473-da51-4b24-afbd-20136c7a3499,pending,high,2026-01-09T11:11:39.735496+00:00,,54055671-bf2d-4719-b814-150c0a165de6,Message content 370,2026-01-09T17:27:39.735496+00:00,true,,,,
322d10ae-d002-4347-b879-783c9476871a,Client 34,client.34@example.com,2025-08-13T11:11:39.733880+00:00,Company 34,35,free,c567ed84-590b-4b94-8e2c-2c96c62d400b,Operator 6,operator.6@example.com,2025-09-02T11:11:39.734317+00:00,OP-0006,billing,offline,2,241d8272-6e9e-47e1-88d1-b57240b9eaf6,pending,low,2026-01-06T11:11:39.734971+00:00,,0e50d7a3-e695-46d2-8315-ea220fc29924,Message content 371,2026-01-06T21:26:39.734971+00:00,true,,,,
b2828c67-89ca-465b-8618-860cc4f09764,Client 7,client.7@example.com,2025-11-07T11:11:39.733410+00:00,Company 7,65,free,730d608c-8e10-4f7e-a51d-db0d13429f86,Operator 10,operator.10@example.com,2025-06-09T11:11:39.734388+00:00,OP-0010,tech,offline,6,f4a1d0b4-40f2-4537-a6fc-81aa1f37afda,pending,high,2026-02-07T11:11:39.735839+00:00,,bda3f557-0e5c-4c97-b101-f3779b8f4e3c,Message content 372,2026-02-07T13:09:39.735839+00:00,false,,,,
50d18f17-5036-4d3d-af5f-300d47cfef98,Client 29,client.29@example.com,2025-06-06T11:11:39.733797+00:00,Company 29,94,standard,679fc6d7-3349-4897-ab8c-49f7d7afa9f5,Operator 8,operator.8@example.com,2025-07-01T11:11:39.734353+00:00,OP-0008,support,offline,3,258362b4-995e-46b8-81f2-979a069a45db,open,high,2026-01-22T11:11:39.736249+00:00,,cce93681-6481-4565-b86b-fe653aad3506,Message content 373,2026-01-23T05:16:39.736249+00:00,true,3cda1dcf-615f-41fa-8e47-a1fd8df1c64c,file_373.jpg,2780446,png
88ded20b-1cd1-4dab-8c10-4f1303231c40,Client 44,client.44@example.com,2025-04-19T11:11:39.734078+00:00,Company 44,21,enterprise,cbe4ab29-47da-4080-be68-40c8076ffd1c,Operator 9,operator.9@example.com,2025-04-03T11:11:39.734371+00:00,OP-0009,tech,offline,4,e8f1ede2-a205-4159-ba19-f13d7f0edab4,open,low,2026-02-13T11:11:39.735787+00:00,,ed0a891f-d945-40a5-835d-bad81ea1d394,Message content 374,2026-02-13T23:50:39.735787+00:00,false,8af1778e-e9cc-419c-8ccf-f95c48feca56,file_374.jpg,442320,pdf
0fc60bab-9ce8-47f8-97e1-485d6ad75f21,Client 50,client.50@example.com,2025-04-12T11:11:39.734180+00:00,Company 50,44,free,cbe4ab29-47da-4080-be68-40c8076ffd1c,Operator 9,operator.9@example.com,2025-04-03T11:11:39.734371+00:00,OP-0009,tech,offline,4,ede5b473-da51-4b24-afbd-20136c7a3499,pending,high,2026-01-09T11:11:39.735496+00:00,,1df8e7f3-a595-4ee6-add8-ef0a3b59167a,Message content 375,2026-01-10T10:10:39.735496+00:00,true,,,,
8067d26e-94c8-4b4f-8ab1-93053f706f51,Client 28,client.28@example.com,2025-04-29T11:11:39.733781+00:00,Company 28,82,standard,c567ed84-590b-4b94-8e2c-2c96c62d400b,Operator 6,operator.6@example.com,2025-09-02T11:11:39.734317+00:00,OP-0006,billing,offline,2,69e2f568-b6db-450d-82e0-2d0116a9da57,pending,medium,2026-02-07T11:11:39.734596+00:00,,827b4536-95de-4881-991b-0be7eceb4964,Message content 376,2026-02-07T17:36:39.734596+00:00,true,,,,
bc58cd4e-7448-49c7-9d42-0f1f86fdfb7b,Client 41,client.41@example.com,2025-09-02T11:11:39.734024+00:00,Company 41,29,standard,75464306-96f6-47c8-9a39-382bf4baa64e,Operator 5,operator.5@example.com,2025-09-22T11:11:39.734300+00:00,OP-0005,tech,online,2,9619a752-d40c-4d1f-8df2-10f318e29832,closed,high,2026-01-16T11:11:39.736638+00:00,2026-01-17T19:11:39.736638+00:00,144bb94f-46a5-409e-9b62-be191a64e7df,Message content 377,2026-01-17T06:15:39.736638+00:00,true,181f699f-5080-41d9-949c-c5d8c9f4f636,file_377.pdf,2553325,png
55ffb774-9524-46af-919c-2ad12b14fd74,Client 40,client.40@example.com,2025-05-11T11:11:39.734007+00:00,Company 40,55,enterprise,13992f5b-13db-41f1-b7c6-e68ae67d889d,Operator 2,operator.2@example.com,2026-03-05T11:11:39.734236+00:00,OP-0002,billing,offline,6,664b38d6-b107-41cf-9be4-193324da2607,closed,high,2026-02-08T11:11:39.734937+00:00,2026-02-10T01:11:39.734937+00:00,90cafe3d-e741-4562-8639-3d2e8bc9820e,Message content 378,2026-02-08T17:40:39.734937+00:00,true,,,,
971cc598-3020-4bee-bf75-fb360c582f03,Client 15,client.15@example.com,2025-09-11T11:11:39.733555+00:00,Company 15,78,premium,75464306-96f6-47c8-9a39-382bf4baa64e,Operator 5,operator.5@example.com,2025-09-22T11:11:39.734300+00:00,OP-0005,tech,online,2,12903e5f-92c8-4036-9c76-3db8cdfe7997,pending,low,2026-02-07T11:11:39.736947+00:00,,36fbb3dc-f708-490d-9117-b1f6c2c16b08,Message content 379,2026-02-08T03:31:39.736947+00:00,true,,,,
c288e606-78c0-4a54-9184-54b69e7b45e4,Client 27,client.27@example.com,2025-03-12T11:11:39.733764+00:00,Company 27,88,free,7e797a74-cef7-4aac-8eec-dd396da1c475,Operator 7,operator.7@example.com,2025-11-03T11:11:39.734335+00:00,OP-0007,support,online,7,53a3ddae-2387-487f-871a-cf564d5a3c0c,closed,medium,2026-02-13T11:11:39.736768+00:00,2026-02-14T17:11:39.736768+00:00,77b89dbe-cee9-43bc-b53b-927803a54f6c,Message content 380,2026-02-13T18:09:39.736768+00:00,true,,,,
17543439-3080-4320-9450-fde238897d38,Client 3,client.3@example.com,2025-12-25T11:11:39.733325+00:00,Company 3,95,free,8c273a5d-f06e-47e3-b4a7-da0ef6f06171,Operator 1,operator.1@example.com,2025-10-07T11:11:39.734205+00:00,OP-0001,tech,offline,5,9871d710-6730-430d-b4a0-0c88e046d70e,open,high,2026-02-13T11:11:39.735296+00:00,,52f10f15-f11f-4cb3-b657-11b37a67a340,Message content 381,2026-02-13T20:50:39.735296+00:00,true,,,,
f3a41c1c-78ab-41a3-afce-0fdd1b2b2d69,Client 38,client.38@example.com,2025-12-23T11:11:39.733948+00:00,Company 38,34,standard,cbe4ab29-47da-4080-be68-40c8076ffd1c,Operator 9,operator.9@example.com,2025-04-03T11:11:39.734371+00:00,OP-0009,tech,offline,4,489e454f-bc30-4f2f-857d-d74c171f21e6,pending,low,2026-02-25T11:11:39.735407+00:00,,af8ba06d-f960-4309-9fac-56544ccf45f0,Message content 382,2026-02-25T21:42:39.735407+00:00,true,23951541-e61c-4edc-877d-a0447e6c3501,file_382.txt,3919125,png
0fc60bab-9ce8-47f8-97e1-485d6ad75f21,Client 50,client.50@example.com,2025-04-12T11:11:39.734180+00:00,Company 50,44,free,730d608c-8e10-4f7e-a51d-db0d13429f86,Operator 10,operator.10@example.com,2025-06-09T11:11:39.734388+00:00,OP-0010,tech,offline,6,a1d9ce4c-b94a-4d7e-a3ad-cabe2877533a,open,high,2026-01-21T11:11:39.736825+00:00,,a1c255df-9418-49df-8b75-e8198ac9ccc7,Message content 383,2026-01-22T03:12:39.736825+00:00,true,,,,
0e833b5b-bec5-417c-86d1-31d364dba72e,Client 8,client.8@example.com,2025-05-23T11:11:39.733428+00:00,Company 8,26,enterprise,730d608c-8e10-4f7e-a51d-db0d13429f86,Operator 10,operator.10@example.com,2025-06-09T11:11:39.734388+00:00,OP-0010,tech,offline,6,14b08486-0b72-4fa8-8a50-772573dd5225,closed,low,2026-02-19T11:11:39.734911+00:00,2026-02-21T02:11:39.734911+00:00,482c87d6-a952-45f1-8818-56dd583d4240,Message content 384,2026-02-19T23:50:39.734911+00:00,true,,,,
322d10ae-d002-4347-b879-783c9476871a,Client 34,client.34@example.com,2025-08-13T11:11:39.733880+00:00,Company 34,35,free,c567ed84-590b-4b94-8e2c-2c96c62d400b,Operator 6,operator.6@example.com,2025-09-02T11:11:39.734317+00:00,OP-0006,billing,offline,2,241d8272-6e9e-47e1-88d1-b57240b9eaf6,pending,low,2026-01-06T11:11:39.734971+00:00,,66ba7a12-b144-4870-af3e-77358c6b8c9d,Message content 385,2026-01-06T16:09:39.734971+00:00,true,12bb13c4-f42c-4b81-858b-29872bd16aea,file_385.txt,2486252,jpg
a5ba550d-ddaa-4ddc-a65a-88442d3adc93,Client 39,client.39@example.com,2025-10-31T11:11:39.733985+00:00,Company 39,96,premium,13992f5b-13db-41f1-b7c6-e68ae67d889d,Operator 2,operator.2@example.com,2026-03-05T11:11:39.734236+00:00,OP-0002,billing,offline,6,fda6239e-2bea-4a68-a8d8-191b3f83214a,open,medium,2026-01-22T11:11:39.734895+00:00,,6e86653f-8508-4126-b9b8-b3b881ea3cc9,Message content 386,2026-01-22T22:26:39.734895+00:00,true,ec19541f-6fc4-446d-80d1-53d72008978f,file_386.jpg,4198444,pdf
52fea20d-ccb0-42b4-82ec-0b205237569e,Client 35,client.35@example.com,2025-11-18T11:11:39.733896+00:00,Company 35,73,premium,4e2e12c9-fb99-41b0-a60f-4eb61b5e0f33,Operator 4,operator.4@example.com,2025-08-27T11:11:39.734281+00:00,OP-0004,sales,online,6,0bc42958-ba58-43e9-8761-998dbe002df4,pending,low,2026-02-02T11:11:39.735044+00:00,,b7920cd3-83d3-4717-af05-fb04f327684d,Message content 387,2026-02-03T03:51:39.735044+00:00,true,,,,
8067d26e-94c8-4b4f-8ab1-93053f706f51,Client 28,client.28@example.com,2025-04-29T11:11:39.733781+00:00,Company 28,82,standard,8c273a5d-f06e-47e3-b4a7-da0ef6f06171,Operator 1,operator.1@example.com,2025-10-07T11:11:39.734205+00:00,OP-0001,tech,offline,5,f2dbb391-1e67-44a5-a551-ee9fc9d3cfb4,closed,high,2026-02-01T11:11:39.735929+00:00,2026-02-03T07:11:39.735929+00:00,1b3c32dd-1deb-4b08-866e-f48927f739aa,Message content 388,2026-02-02T02:54:39.735929+00:00,false,7c7b4f33-6008-4982-9bf7-7d83efab977d,file_388.jpg,1184057,txt
ecc24a2d-ea47-4b7a-a258-09210ce529f1,Client 31,client.31@example.com,2025-10-19T11:11:39.733830+00:00,Company 31,82,standard,cbe4ab29-47da-4080-be68-40c8076ffd1c,Operator 9,operator.9@example.com,2025-04-03T11:11:39.734371+00:00,OP-0009,tech,offline,4,e60ff276-f9f1-4f20-ab19-7a7b33ac2c24,closed,low,2026-01-07T11:11:39.734854+00:00,2026-01-07T22:11:39.734854+00:00,7cbb7a24-599a-4952-acb3-af755bcfe2a5,Message content 389,2026-01-08T05:41:39.734854+00:00,false,,,,
f0258ea9-5893-4b2b-a8b9-f60a1b13d4f5,Client 9,client.9@example.com,2025-11-14T11:11:39.733447+00:00,Company 9,58,premium,4e2e12c9-fb99-41b0-a60f-4eb61b5e0f33,Operator 4,operator.4@example.com,2025-08-27T11:11:39.734281+00:00,OP-0004,sales,online,6,9024ed73-9f0d-4ffe-a0c9-56610c316a8d,closed,high,2026-02-08T11:11:39.736106+00:00,2026-02-09T12:11:39.736106+00:00,754fbd05-e3b4-4ec7-90da-3820965af49d,Message content 390,2026-02-08T12:20:39.736106+00:00,true,,,,
bc58cd4e-7448-49c7-9d42-0f1f86fdfb7b,Client 41,client.41@example.com,2025-09-02T11:11:39.734024+00:00,Company 41,29,standard,75464306-96f6-47c8-9a39-382bf4baa64e,Operator 5,operator.5@example.com,2025-09-22T11:11:39.734300+00:00,OP-0005,tech,online,2,9619a752-d40c-4d1f-8df2-10f318e29832,closed,high,2026-01-16T11:11:39.736638+00:00,2026-01-17T19:11:39.736638+00:00,47a022b3-78e1-429f-b40d-a3b09f99e23a,Message content 391,2026-01-16T12:50:39.736638+00:00,true,,,,
b3f0dc7a-8965-4fd0-8d96-015039504208,Client 12,client.12@example.com,2025-10-15T11:11:39.733506+00:00,Company 12,20,standard,cbe4ab29-47da-4080-be68-40c8076ffd1c,Operator 9,operator.9@example.com,2025-04-03T11:11:39.734371+00:00,OP-0009,tech,offline,4,aed4d1de-b5f5-4286-b511-d7b2d09117c4,open,high,2026-02-05T11:11:39.736498+00:00,,d1f4cce6-e9e3-4754-b5f5-a58c9ad214dd,Message content 392,2026-02-05T19:04:39.736498+00:00,true,a3f82fbf-3748-45e0-b3a8-e10371f16fcf,file_392.jpg,4252395,txt
bd7acccc-242d-4c64-a3c2-ffa44b532474,Client 14,client.14@example.com,2025-08-24T11:11:39.733539+00:00,Company 14,13,premium,4e2e12c9-fb99-41b0-a60f-4eb61b5e0f33,Operator 4,operator.4@example.com,2025-08-27T11:11:39.734281+00:00,OP-0004,sales,online,6,63126192-a39d-4036-9c7f-30ecf3d3ca7d,open,medium,2026-01-23T11:11:39.735466+00:00,,ba143e5d-e461-477d-963f-fbf37b953e31,Message content 393,2026-01-23T13:14:39.735466+00:00,true,,,,
3502abd7-7e93-4dc8-a792-1ae86c10f336,Client 26,client.26@example.com,2025-11-19T11:11:39.733748+00:00,Company 26,86,premium,4e2e12c9-fb99-41b0-a60f-4eb61b5e0f33,Operator 4,operator.4@example.com,2025-08-27T11:11:39.734281+00:00,OP-0004,sales,online,6,988fee83-e9f2-4c1c-ad1b-f19e07ec158a,closed,low,2026-02-25T11:11:39.736433+00:00,2026-02-27T08:11:39.736433+00:00,963c1252-9b9d-408c-8da9-29be484a5729,Message content 394,2026-02-26T03:40:39.736433+00:00,true,,,,
58a107b7-f3f3-4c7c-9ecf-0d8e2ed82e88,Client 48,client.48@example.com,2025-03-23T11:11:39.734148+00:00,Company 48,93,free,775f6de4-bf12-43dc-b8ee-eff74e7fca85,Operator 3,operator.3@example.com,2026-01-11T11:11:39.734260+00:00,OP-0003,billing,offline,3,1bbf9cfb-6b5c-49c6-bcbe-43945017a295,closed,medium,2026-01-26T11:11:39.736144+00:00,2026-01-27T07:11:39.736144+00:00,5aac6726-8688-465f-b050-a0efbc01481b,Message content 395,2026-01-27T06:00:39.736144+00:00,true,,,,
0fc60bab-9ce8-47f8-97e1-485d6ad75f21,Client 50,client.50@example.com,2025-04-12T11:11:39.734180+00:00,Company 50,44,free,730d608c-8e10-4f7e-a51d-db0d13429f86,Operator 10,operator.10@example.com,2025-06-09T11:11:39.734388+00:00,OP-0010,tech,offline,6,a1d9ce4c-b94a-4d7e-a3ad-cabe2877533a,open,high,2026-01-21T11:11:39.736825+00:00,,9f585be5-6fc8-4162-a06a-8d83215723a4,Message content 396,2026-01-21T20:33:39.736825+00:00,true,,,,
4b73c797-4439-4f60-9085-0e61a6a2015d,Client 43,client.43@example.com,2026-02-10T11:11:39.734062+00:00,Company 43,15,standard,c567ed84-590b-4b94-8e2c-2c96c62d400b,Operator 6,operator.6@example.com,2025-09-02T11:11:39.734317+00:00,OP-0006,billing,offline,2,6d7adecd-8af9-4047-8917-5ae9aad2597b,pending,high,2026-01-26T11:11:39.736015+00:00,,c60b1724-d4b8-433d-bed0-4664956518d8,Message content 397,2026-01-27T11:00:39.736015+00:00,false,,,,
58a107b7-f3f3-4c7c-9ecf-0d8e2ed82e88,Client 48,client.48@example.com,2025-03-23T11:11:39.734148+00:00,Company 48,93,free,c567ed84-590b-4b94-8e2c-2c96c62d400b,Operator 6,operator.6@example.com,2025-09-02T11:11:39.734317+00:00,OP-0006,billing,offline,2,c026311f-4168-4e91-a58c-0293e7e6ac60,open,high,2026-03-03T11:11:39.734838+00:00,,708ac078-62fa-47d7-946d-8c06dbd35661,Message content 398,2026-03-03T14:50:39.734838+00:00,true,,,,
f0258ea9-5893-4b2b-a8b9-f60a1b13d4f5,Client 9,client.9@example.com,2025-11-14T11:11:39.733447+00:00,Company 9,58,premium,75464306-96f6-47c8-9a39-382bf4baa64e,Operator 5,operator.5@example.com,2025-09-22T11:11:39.734300+00:00,OP-0005,tech,online,2,6c5d75fd-c327-4bfc-9633-bd6a6a85d1f9,pending,low,2026-02-05T11:11:39.735005+00:00,,a1f8da9c-2a27-40d2-a57f-488439b7692c,Message content 399,2026-02-05T17:44:39.735005+00:00,true,,,,
f3a41c1c-78ab-41a3-afce-0fdd1b2b2d69,Client 38,client.38@example.com,2025-12-23T11:11:39.733948+00:00,Company 38,34,standard,cbe4ab29-47da-4080-be68-40c8076ffd1c,Operator 9,operator.9@example.com,2025-04-03T11:11:39.734371+00:00,OP-0009,tech,offline,4,489e454f-bc30-4f2f-857d-d74c171f21e6,pending,low,2026-02-25T11:11:39.735407+00:00,,6a9a933c-8108-48fe-af65-9310cf9db548,Message content 400,2026-02-25T20:18:39.735407+00:00,true,,,,
fd7d0456-43a1-4c22-9dfb-6a34f783ef0b,Client 22,client.22@example.com,2025-10-09T11:11:39.733674+00:00,Company 22,11,standard,7e797a74-cef7-4aac-8eec-dd396da1c475,Operator 7,operator.7@example.com,2025-11-03T11:11:39.734335+00:00,OP-0007,support,online,7,427bd460-e074-4611-8889-a950906f01a4,closed,low,2026-01-14T11:11:39.735590+00:00,2026-01-16T11:11:39.735590+00:00,4782ff10-c84c-42fa-9ee0-0dbeca06bd23,Message content 401,2026-01-15T02:51:39.735590+00:00,false,,,,
322d10ae-d002-4347-b879-783c9476871a,Client 34,client.34@example.com,2025-08-13T11:11:39.733880+00:00,Company 34,35,free,c567ed84-590b-4b94-8e2c-2c96c62d400b,Operator 6,operator.6@example.com,2025-09-02T11:11:39.734317+00:00,OP-0006,billing,offline,2,241d8272-6e9e-47e1-88d1-b57240b9eaf6,pending,low,2026-01-06T11:11:39.734971+00:00,,9558039d-d056-415a-bc64-a3dd3752096f,Message content 402,2026-01-06T21:25:39.734971+00:00,false,,,,
55ffb774-9524-46af-919c-2ad12b14fd74,Client 40,client.40@example.com,2025-05-11T11:11:39.734007+00:00,Company 40,55,enterprise,cbe4ab29-47da-4080-be68-40c8076ffd1c,Operator 9,operator.9@example.com,2025-04-03T11:11:39.734371+00:00,OP-0009,tech,offline,4,4c5a93b7-c798-45f1-88f1-160a45fd49c2,closed,low,2026-02-07T11:11:39.736583+00:00,2026-02-08T16:11:39.736583+00:00,32a2f1ea-032d-4eb5-8b3c-05ced0d2fa48,Message content 403,2026-02-08T09:21:39.736583+00:00,true,,,,
0fc60bab-9ce8-47f8-97e1-485d6ad75f21,Client 50,client.50@example.com,2025-04-12T11:11:39.734180+00:00,Company 50,44,free,cbe4ab29-47da-4080-be68-40c8076ffd1c,Operator 9,operator.9@example.com,2025-04-03T11:11:39.734371+00:00,OP-0009,tech,offline,4,ede5b473-da51-4b24-afbd-20136c7a3499,pending,high,2026-01-09T11:11:39.735496+00:00,,be4fc2b9-f9f2-48ee-ac1a-35c1190e635f,Message content 404,2026-01-10T00:03:39.735496+00:00,true,,,,
4b73c797-4439-4f60-9085-0e61a6a2015d,Client 43,client.43@example.com,2026-02-10T11:11:39.734062+00:00,Company 43,15,standard,c567ed84-590b-4b94-8e2c-2c96c62d400b,Operator 6,operator.6@example.com,2025-09-02T11:11:39.734317+00:00,OP-0006,billing,offline,2,45f0a610-5ff1-49c0-870f-fc327b2ff074,closed,low,2026-02-06T11:11:39.734431+00:00,2026-02-07T16:11:39.734431+00:00,9121d37f-b1b1-4c49-a992-3dee1f721d9d,Message content 405,2026-02-07T11:10:39.734431+00:00,true,749c3f18-d2eb-441c-a9aa-b621a842962e,file_405.txt,2788899,png
f0258ea9-5893-4b2b-a8b9-f60a1b13d4f5,Client 9,client.9@example.com,2025-11-14T11:11:39.733447+00:00,Company 9,58,premium,4e2e12c9-fb99-41b0-a60f-4eb61b5e0f33,Operator 4,operator.4@example.com,2025-08-27T11:11:39.734281+00:00,OP-0004,sales,online,6,9024ed73-9f0d-4ffe-a0c9-56610c316a8d,closed,high,2026-02-08T11:11:39.736106+00:00,2026-02-09T12:11:39.736106+00:00,54f4382b-6806-4e55-8ecf-2972a87c6dad,Message content 406,2026-02-08T12:38:39.736106+00:00,false,43589f0c-a514-4768-9662-6bc65e723440,file_406.txt,2284110,png
8067d26e-94c8-4b4f-8ab1-93053f706f51,Client 28,client.28@example.com,2025-04-29T11:11:39.733781+00:00,Company 28,82,standard,c567ed84-590b-4b94-8e2c-2c96c62d400b,Operator 6,operator.6@example.com,2025-09-02T11:11:39.734317+00:00,OP-0006,billing,offline,2,69e2f568-b6db-450d-82e0-2d0116a9da57,pending,medium,2026-02-07T11:11:39.734596+00:00,,c98fb0e1-e8d9-442e-9d19-4ba19c799364,Message content 407,2026-02-08T10:32:39.734596+00:00,false,,,,
ecc24a2d-ea47-4b7a-a258-09210ce529f1,Client 31,client.31@example.com,2025-10-19T11:11:39.733830+00:00,Company 31,82,standard,775f6de4-bf12-43dc-b8ee-eff74e7fca85,Operator 3,operator.3@example.com,2026-01-11T11:11:39.734260+00:00,OP-0003,billing,offline,3,4cded7cb-9a4f-40f9-9b30-6a0b517e3880,open,medium,2026-01-23T11:11:39.736274+00:00,,8e5d6556-e676-486d-8a85-b781351b53cf,Message content 408,2026-01-24T09:38:39.736274+00:00,false,ee05f81c-3cc8-4b1a-959a-4f99587077f2,file_408.pdf,141349,jpg
be8e0951-42af-4432-9cc6-c69623522d28,Client 2,client.2@example.com,2025-10-17T11:11:39.733288+00:00,Company 2,32,standard,8c273a5d-f06e-47e3-b4a7-da0ef6f06171,Operator 1,operator.1@example.com,2025-10-07T11:11:39.734205+00:00,OP-0001,tech,offline,5,af0b6df4-46b0-430d-b0b1-5e35341dfd9f,pending,high,2026-02-19T11:11:39.736350+00:00,,b714e089-86d3-48d1-bb77-c33d41f2b5b0,Message content 409,2026-02-19T16:06:39.736350+00:00,false,,,,
b3f0dc7a-8965-4fd0-8d96-015039504208,Client 12,client.12@example.com,2025-10-15T11:11:39.733506+00:00,Company 12,20,standard,7e797a74-cef7-4aac-8eec-dd396da1c475,Operator 7,operator.7@example.com,2025-11-03T11:11:39.734335+00:00,OP-0007,support,online,7,dfce2714-fa1a-41d7-b618-286f4371ece9,open,high,2026-03-05T11:11:39.735561+00:00,,fca0e7ce-9fb2-474b-b7e4-91e2026f3fee,Message content 410,2026-03-05T13:48:39.735561+00:00,true,528928b2-d651-48c7-98f6-ed1c2d18bf6b,file_410.txt,4544566,pdf
58a107b7-f3f3-4c7c-9ecf-0d8e2ed82e88,Client 48,client.48@example.com,2025-03-23T11:11:39.734148+00:00,Company 48,93,free,775f6de4-bf12-43dc-b8ee-eff74e7fca85,Operator 3,operator.3@example.com,2026-01-11T11:11:39.734260+00:00,OP-0003,billing,offline,3,305645ed-663d-400b-9df2-48b7b9b4ee07,open,low,2026-01-06T11:11:39.735526+00:00,,34ba81fc-b7aa-482e-a08b-b5d691f97f79,Message content 411,2026-01-06T15:57:39.735526+00:00,true,,,,
dd2d5218-9c9f-4ea4-a2f5-2d90d93c7e31,Client 47,client.47@example.com,2025-06-09T11:11:39.734131+00:00,Company 47,33,free,8c273a5d-f06e-47e3-b4a7-da0ef6f06171,Operator 1,operator.1@example.com,2025-10-07T11:11:39.734205+00:00,OP-0001,tech,offline,5,91e7a664-4113-4ce8-a3bb-a401a4c4208b,closed,low,2026-01-22T11:11:39.734612+00:00,2026-01-24T05:11:39.734612+00:00,84ed5306-cadf-421a-98f8-01ee77b4d77b,Message content 412,2026-01-23T04:16:39.734612+00:00,true,,,,
92e2cff6-5b04-44a7-b58c-4d0d1060260b,Client 16,client.16@example.com,2026-02-12T11:11:39.733572+00:00,Company 16,94,enterprise,4e2e12c9-fb99-41b0-a60f-4eb61b5e0f33,Operator 4,operator.4@example.com,2025-08-27T11:11:39.734281+00:00,OP-0004,sales,online,6,a1e90e84-590c-4f42-bfde-ec1ffba6455f,closed,low,2026-02-22T11:11:39.734650+00:00,2026-02-23T16:11:39.734650+00:00,242a328b-4462-4bb9-9e23-6feaf288676f,Message content 413,2026-02-23T02:06:39.734650+00:00,true,38eb399f-8740-4979-b627-d622604c1b40,file_413.txt,2747845,png
92e2cff6-5b04-44a7-b58c-4d0d1060260b,Client 16,client.16@example.com,2026-02-12T11:11:39.733572+00:00,Company 16,94,enterprise,13992f5b-13db-41f1-b7c6-e68ae67d889d,Operator 2,operator.2@example.com,2026-03-05T11:11:39.734236+00:00,OP-0002,billing,offline,6,289a2075-7af3-408a-a5e9-3e03fa0a0a3e,open,medium,2026-02-05T11:11:39.736523+00:00,,910f3a16-0fe4-4012-a961-fafc680c92b6,Message content 414,2026-02-05T20:30:39.736523+00:00,true,,,,
4b73c797-4439-4f60-9085-0e61a6a2015d,Client 43,client.43@example.com,2026-02-10T11:11:39.734062+00:00,Company 43,15,standard,c567ed84-590b-4b94-8e2c-2c96c62d400b,Operator 6,operator.6@example.com,2025-09-02T11:11:39.734317+00:00,OP-0006,billing,offline,2,2fcbc563-0699-4f5f-aec2-dd4e54f28a6f,pending,medium,2026-02-19T11:11:39.734989+00:00,,dda252d8-6df1-4a9c-bf8d-9e4510d2e10b,Message content 415,2026-02-19T23:19:39.734989+00:00,true,,,,
ecc24a2d-ea47-4b7a-a258-09210ce529f1,Client 31,client.31@example.com,2025-10-19T11:11:39.733830+00:00,Company 31,82,standard,cbe4ab29-47da-4080-be68-40c8076ffd1c,Operator 9,operator.9@example.com,2025-04-03T11:11:39.734371+00:00,OP-0009,tech,offline,4,e60ff276-f9f1-4f20-ab19-7a7b33ac2c24,closed,low,2026-01-07T11:11:39.734854+00:00,2026-01-07T22:11:39.734854+00:00,329153a8-4d99-4df3-88f7-d32084deab20,Message content 416,2026-01-08T10:23:39.734854+00:00,true,,,,
5caab472-47e3-4e7f-a3a7-3c61503d63e0,Client 11,client.11@example.com,2025-03-14T11:11:39.733488+00:00,Company 11,55,premium,679fc6d7-3349-4897-ab8c-49f7d7afa9f5,Operator 8,operator.8@example.com,2025-07-01T11:11:39.734353+00:00,OP-0008,support,offline,3,7605b37a-73eb-4a6c-baf4-bad0fc70b5ca,open,high,2026-01-07T11:11:39.737002+00:00,,046b1875-b5ed-467d-9f1c-4b71ed7a14a0,Message content 417,2026-01-08T08:17:39.737002+00:00,true,b7cc3987-bd85-4580-9c8d-ba786ea30919,file_417.png,698184,pdf
936d1ff9-8a2a-4433-b0f1-c232d8d82a6f,Client 30,client.30@example.com,2025-12-13T11:11:39.733814+00:00,Company 30,60,enterprise,75464306-96f6-47c8-9a39-382bf4baa64e,Operator 5,operator.5@example.com,2025-09-22T11:11:39.734300+00:00,OP-0005,tech,online,2,c828780d-2abf-400f-80fe-2bf0a239428f,closed,high,2026-02-07T11:11:39.734776+00:00,2026-02-09T10:11:39.734776+00:00,6db46d58-69e5-4989-b041-5d795ecdd308,Message content 418,2026-02-08T00:09:39.734776+00:00,true,,,,
0a272624-2c12-484e-8a21-5158a8d796cf,Client 49,client.49@example.com,2025-03-22T11:11:39.734164+00:00,Company 49,69,premium,7e797a74-cef7-4aac-8eec-dd396da1c475,Operator 7,operator.7@example.com,2025-11-03T11:11:39.734335+00:00,OP-0007,support,online,7,62c2d753-7eb6-4d50-850f-8112d2172eff,pending,high,2026-01-11T11:11:39.736887+00:00,,664586a1-5ebb-450f-b32e-d8e816240fe6,Message content 419,2026-01-12T00:28:39.736887+00:00,true,,,,
0a272624-2c12-484e-8a21-5158a8d796cf,Client 49,client.49@example.com,2025-03-22T11:11:39.734164+00:00,Company 49,69,premium,4e2e12c9-fb99-41b0-a60f-4eb61b5e0f33,Operator 4,operator.4@example.com,2025-08-27T11:11:39.734281+00:00,OP-0004,sales,online,6,2339a806-fbef-4c1a-856c-5eb421dd1eaf,pending,medium,2026-01-20T11:11:39.734406+00:00,,16236d88-fe30-41ea-bfdc-d9117969e60d,Message content 420,2026-01-20T21:42:39.734406+00:00,false,,,,
8067d26e-94c8-4b4f-8ab1-93053f706f51,Client 28,client.28@example.com,2025-04-29T11:11:39.733781+00:00,Company 28,82,standard,775f6de4-bf12-43dc-b8ee-eff74e7fca85,Operator 3,operator.3@example.com,2026-01-11T11:11:39.734260+00:00,OP-0003,billing,offline,3,14fcb8c7-648f-4441-835b-856bce0df9b2,pending,low,2026-02-17T11:11:39.734672+00:00,,2fddf02e-1ec6-4122-9e36-c335b77c02cd,Message content 421,2026-02-17T15:42:39.734672+00:00,true,4fcbea50-212c-4bdc-a3c9-407627580546,file_421.txt,876483,png
5faa6da9-33a3-408c-a571-b6625b43948e,Client 4,client.4@example.com,2025-03-25T11:11:39.733349+00:00,Company 4,95,free,7e797a74-cef7-4aac-8eec-dd396da1c475,Operator 7,operator.7@example.com,2025-11-03T11:11:39.734335+00:00,OP-0007,support,online,7,19c95279-ff17-42d6-9e10-1fbcf226f9eb,pending,low,2026-01-19T11:11:39.734634+00:00,,6e5a6b5e-fdaa-4b98-b463-ec413f5f122a,Message content 422,2026-01-19T23:15:39.734634+00:00,true,,,,
17543439-3080-4320-9450-fde238897d38,Client 3,client.3@example.com,2025-12-25T11:11:39.733325+00:00,Company 3,95,free,8c273a5d-f06e-47e3-b4a7-da0ef6f06171,Operator 1,operator.1@example.com,2025-10-07T11:11:39.734205+00:00,OP-0001,tech,offline,5,9871d710-6730-430d-b4a0-0c88e046d70e,open,high,2026-02-13T11:11:39.735296+00:00,,6f7934d6-4246-4001-ae3c-8f68ca1d1bc9,Message content 423,2026-02-14T00:19:39.735296+00:00,true,8f0664d0-3430-4bdd-ac58-a4d72a608f77,file_423.png,4703732,jpg
9573f1e3-e253-4a34-a620-aa47e4e21e12,Client 33,client.33@example.com,2025-11-09T11:11:39.733863+00:00,Company 33,5,premium,730d608c-8e10-4f7e-a51d-db0d13429f86,Operator 10,operator.10@example.com,2025-06-09T11:11:39.734388+00:00,OP-0010,tech,offline,6,c62d9326-1dfd-47bd-912c-3c4e7f5a7930,open,low,2026-02-13T11:11:39.736300+00:00,,12c13502-1edc-44a6-8da8-4f6a823662ab,Message content 424,2026-02-14T04:58:39.736300+00:00,true,09d8b67f-ccc0-4d4e-a49a-6d4607f800af,file_424.jpg,2265855,pdf
02605a21-0cd4-4681-89e4-841a48af011f,Client 19,client.19@example.com,2025-04-19T11:11:39.733624+00:00,Company 19,80,premium,775f6de4-bf12-43dc-b8ee-eff74e7fca85,Operator 3,operator.3@example.com,2026-01-11T11:11:39.734260+00:00,OP-0003,billing,offline,3,dc2d98d3-9cc9-4bae-b622-a136687e08f6,closed,medium,2026-02-06T11:11:39.735084+00:00,2026-02-08T09:11:39.735084+00:00,3df56188-b5df-4264-b517-7ec58181cf40,Message content 425,2026-02-07T04:00:39.735084+00:00,true,652746b3-9df9-4930-aed5-495ed63de630,file_425.pdf,3542462,pdf
0777c6d2-2b2c-4b94-86df-1d6f74cb3528,Client 37,client.37@example.com,2025-08-16T11:11:39.733928+00:00,Company 37,83,enterprise,4e2e12c9-fb99-41b0-a60f-4eb61b5e0f33,Operator 4,operator.4@example.com,2025-08-27T11:11:39.734281+00:00,OP-0004,sales,online,6,c3a8d2ec-3958-4b7e-b0b6-3fd8ddc0c3f3,open,high,2026-02-18T11:11:39.735900+00:00,,3cfa5461-0f1a-453a-820b-e9c523103c28,Message content 426,2026-02-18T13:48:39.735900+00:00,false,,,,
0fc60bab-9ce8-47f8-97e1-485d6ad75f21,Client 50,client.50@example.com,2025-04-12T11:11:39.734180+00:00,Company 50,44,free,730d608c-8e10-4f7e-a51d-db0d13429f86,Operator 10,operator.10@example.com,2025-06-09T11:11:39.734388+00:00,OP-0010,tech,offline,6,a1d9ce4c-b94a-4d7e-a3ad-cabe2877533a,open,high,2026-01-21T11:11:39.736825+00:00,,f8208491-c898-4c1b-904a-6ada4f3abde5,Message content 427,2026-01-22T08:31:39.736825+00:00,true,,,,
4cfd3965-0c74-47ca-8d1c-551fb947514c,Client 17,client.17@example.com,2025-06-05T11:11:39.733590+00:00,Company 17,16,enterprise,775f6de4-bf12-43dc-b8ee-eff74e7fca85,Operator 3,operator.3@example.com,2026-01-11T11:11:39.734260+00:00,OP-0003,billing,offline,3,b53c95c9-09a2-4fe6-99a6-55e8e65757aa,pending,low,2026-01-28T11:11:39.735813+00:00,,68123802-6bac-498f-a98e-b72fb1be48c5,Message content 428,2026-01-28T14:50:39.735813+00:00,true,d62b26ef-cc0f-4bc0-ba74-a771ce6048d3,file_428.txt,2796839,txt
4cfd3965-0c74-47ca-8d1c-551fb947514c,Client 17,client.17@example.com,2025-06-05T11:11:39.733590+00:00,Company 17,16,enterprise,775f6de4-bf12-43dc-b8ee-eff74e7fca85,Operator 3,operator.3@example.com,2026-01-11T11:11:39.734260+00:00,OP-0003,billing,offline,3,e105a3dd-db0d-43ec-9ae1-7c3972d99e03,pending,high,2026-01-18T11:11:39.735321+00:00,,be353a50-e479-4802-9086-6d73321b1d1a,Message content 429,2026-01-19T02:12:39.735321+00:00,false,,,,
55ffb774-9524-46af-919c-2ad12b14fd74,Client 40,client.40@example.com,2025-05-11T11:11:39.734007+00:00,Company 40,55,enterprise,cbe4ab29-47da-4080-be68-40c8076ffd1c,Operator 9,operator.9@example.com,2025-04-03T11:11:39.734371+00:00,OP-0009,tech,offline,4,4c5a93b7-c798-45f1-88f1-160a45fd49c2,closed,low,2026-02-07T11:11:39.736583+00:00,2026-02-08T16:11:39.736583+00:00,07d50cea-bd7b-4ac3-a78e-806041ba54f6,Message content 430,2026-02-08T07:28:39.736583+00:00,true,5a2d6161-cd83-43a1-9375-40e3e1bbdebf,file_430.jpg,4028224,pdf
58a107b7-f3f3-4c7c-9ecf-0d8e2ed82e88,Client 48,client.48@example.com,2025-03-23T11:11:39.734148+00:00,Company 48,93,free,c567ed84-590b-4b94-8e2c-2c96c62d400b,Operator 6,operator.6@example.com,2025-09-02T11:11:39.734317+00:00,OP-0006,billing,offline,2,c026311f-4168-4e91-a58c-0293e7e6ac60,open,high,2026-03-03T11:11:39.734838+00:00,,f0b80b19-f934-4d11-8621-7cc2a7c5e5ca,Message content 431,2026-03-04T00:46:39.734838+00:00,true,,,,
52fea20d-ccb0-42b4-82ec-0b205237569e,Client 35,client.35@example.com,2025-11-18T11:11:39.733896+00:00,Company 35,73,premium,13992f5b-13db-41f1-b7c6-e68ae67d889d,Operator 2,operator.2@example.com,2026-03-05T11:11:39.734236+00:00,OP-0002,billing,offline,6,75fd6177-233a-42c4-b8be-fc8b7fcf55c9,open,low,2026-02-26T11:11:39.736717+00:00,,34b11447-5789-42ab-ab1c-8008c35b2360,Message content 432,2026-02-27T08:47:39.736717+00:00,true,,,,
638081d3-bce7-40f6-b88c-d5b343b2e3d2,Client 1,client.1@example.com,2025-04-13T11:11:39.733210+00:00,Company 1,15,free,679fc6d7-3349-4897-ab8c-49f7d7afa9f5,Operator 8,operator.8@example.com,2025-07-01T11:11:39.734353+00:00,OP-0008,support,offline,3,7233beda-2ba0-453f-a2e4-265b04f963bf,closed,low,2026-01-26T11:11:39.735022+00:00,2026-01-26T18:11:39.735022+00:00,b0819603-f427-498b-b914-c926ea12b92c,Message content 433,2026-01-26T22:18:39.735022+00:00,false,,,,
b3f0dc7a-8965-4fd0-8d96-015039504208,Client 12,client.12@example.com,2025-10-15T11:11:39.733506+00:00,Company 12,20,standard,7e797a74-cef7-4aac-8eec-dd396da1c475,Operator 7,operator.7@example.com,2025-11-03T11:11:39.734335+00:00,OP-0007,support,online,7,dfce2714-fa1a-41d7-b618-286f4371ece9,open,high,2026-03-05T11:11:39.735561+00:00,,3569b7dc-4c64-4d9d-a182-7d1ae136fbf9,Message content 434,2026-03-05T23:38:39.735561+00:00,true,b99088ba-3425-4fda-932b-4af95870053f,file_434.jpg,4624566,png
86ed07ac-9eb8-4057-ae3c-96c475cf5c56,Client 25,client.25@example.com,2025-12-13T11:11:39.733726+00:00,Company 25,48,premium,679fc6d7-3349-4897-ab8c-49f7d7afa9f5,Operator 8,operator.8@example.com,2025-07-01T11:11:39.734353+00:00,OP-0008,support,offline,3,032195c9-c67a-44a6-af10-3cccd3e78cb5,pending,medium,2026-03-06T11:11:39.736859+00:00,,d2596f92-632d-46a4-a2b1-e7d51fda1a4f,Message content 435,2026-03-07T02:56:39.736859+00:00,true,,,,
0e833b5b-bec5-417c-86d1-31d364dba72e,Client 8,client.8@example.com,2025-05-23T11:11:39.733428+00:00,Company 8,26,enterprise,13992f5b-13db-41f1-b7c6-e68ae67d889d,Operator 2,operator.2@example.com,2026-03-05T11:11:39.734236+00:00,OP-0002,billing,offline,6,1db27155-d627-49e7-a20f-1198b38053bc,closed,medium,2026-01-18T11:11:39.735177+00:00,2026-01-18T21:11:39.735177+00:00,0bfd986c-0b17-4cbb-97b6-9ed77683d1fd,Message content 436,2026-01-19T10:49:39.735177+00:00,false,fb19f137-885d-4392-968d-94eaabd21c2d,file_436.txt,4198458,jpg
92e2cff6-5b04-44a7-b58c-4d0d1060260b,Client 16,client.16@example.com,2026-02-12T11:11:39.733572+00:00,Company 16,94,enterprise,13992f5b-13db-41f1-b7c6-e68ae67d889d,Operator 2,operator.2@example.com,2026-03-05T11:11:39.734236+00:00,OP-0002,billing,offline,6,289a2075-7af3-408a-a5e9-3e03fa0a0a3e,open,medium,2026-02-05T11:11:39.736523+00:00,,f01a785c-dbbe-4770-aa12-544e5be9e48e,Message content 437,2026-02-05T21:31:39.736523+00:00,true,1b7be908-12e0-4d42-8ffc-dfcefa5e7358,file_437.txt,3172428,png
88ded20b-1cd1-4dab-8c10-4f1303231c40,Client 44,client.44@example.com,2025-04-19T11:11:39.734078+00:00,Company 44,21,enterprise,cbe4ab29-47da-4080-be68-40c8076ffd1c,Operator 9,operator.9@example.com,2025-04-03T11:11:39.734371+00:00,OP-0009,tech,offline,4,e8f1ede2-a205-4159-ba19-f13d7f0edab4,open,low,2026-02-13T11:11:39.735787+00:00,,8c4401d9-9592-4a85-8410-16e6b7427e23,Message content 438,2026-02-14T07:35:39.735787+00:00,true,,,,
4b73c797-4439-4f60-9085-0e61a6a2015d,Client 43,client.43@example.com,2026-02-10T11:11:39.734062+00:00,Company 43,15,standard,c567ed84-590b-4b94-8e2c-2c96c62d400b,Operator 6,operator.6@example.com,2025-09-02T11:11:39.734317+00:00,OP-0006,billing,offline,2,6d7adecd-8af9-4047-8917-5ae9aad2597b,pending,high,2026-01-26T11:11:39.736015+00:00,,c9108c8b-bc2c-4cac-bdb2-fa2f0eff2e1a,Message content 439,2026-01-27T10:47:39.736015+00:00,true,,,,
17543439-3080-4320-9450-fde238897d38,Client 3,client.3@example.com,2025-12-25T11:11:39.733325+00:00,Company 3,95,free,75464306-96f6-47c8-9a39-382bf4baa64e,Operator 5,operator.5@example.com,2025-09-22T11:11:39.734300+00:00,OP-0005,tech,online,2,736c6aa9-0c81-4e95-b8f7-e791ea110805,open,medium,2026-02-11T11:11:39.735431+00:00,,f1d43fa2-faab-49e9-9088-e2ea5a783abf,Message content 440,2026-02-12T11:07:39.735431+00:00,true,,,,
92e2cff6-5b04-44a7-b58c-4d0d1060260b,Client 16,client.16@example.com,2026-02-12T11:11:39.733572+00:00,Company 16,94,enterprise,13992f5b-13db-41f1-b7c6-e68ae67d889d,Operator 2,operator.2@example.com,2026-03-05T11:11:39.734236+00:00,OP-0002,billing,offline,6,289a2075-7af3-408a-a5e9-3e03fa0a0a3e,open,medium,2026-02-05T11:11:39.736523+00:00,,d9a972a5-b1a5-4732-9854-1454fa08c080,Message content 441,2026-02-05T14:05:39.736523+00:00,true,98c53012-591b-46ef-82cc-ea18e7e45f33,file_441.pdf,1405348,png
ecc24a2d-ea47-4b7a-a258-09210ce529f1,Client 31,client.31@example.com,2025-10-19T11:11:39.733830+00:00,Company 31,82,standard,775f6de4-bf12-43dc-b8ee-eff74e7fca85,Operator 3,operator.3@example.com,2026-01-11T11:11:39.734260+00:00,OP-0003,billing,offline,3,4cded7cb-9a4f-40f9-9b30-6a0b517e3880,open,medium,2026-01-23T11:11:39.736274+00:00,,167c345c-1d39-4e06-854b-c3f44ecc5225,Message content 442,2026-01-24T09:12:39.736274+00:00,true,,,,
971cc598-3020-4bee-bf75-fb360c582f03,Client 15,client.15@example.com,2025-09-11T11:11:39.733555+00:00,Company 15,78,premium,75464306-96f6-47c8-9a39-382bf4baa64e,Operator 5,operator.5@example.com,2025-09-22T11:11:39.734300+00:00,OP-0005,tech,online,2,12903e5f-92c8-4036-9c76-3db8cdfe7997,pending,low,2026-02-07T11:11:39.736947+00:00,,0c2387e1-139d-4249-a853-06f25513fac3,Message content 443,2026-02-07T22:30:39.736947+00:00,true,,,,
4b73c797-4439-4f60-9085-0e61a6a2015d,Client 43,client.43@example.com,2026-02-10T11:11:39.734062+00:00,Company 43,15,standard,c567ed84-590b-4b94-8e2c-2c96c62d400b,Operator 6,operator.6@example.com,2025-09-02T11:11:39.734317+00:00,OP-0006,billing,offline,2,45f0a610-5ff1-49c0-870f-fc327b2ff074,closed,low,2026-02-06T11:11:39.734431+00:00,2026-02-07T16:11:39.734431+00:00,fd67ac8c-9142-4daa-91a1-648b98c87c85,Message content 444,2026-02-06T14:32:39.734431+00:00,true,412e36d5-60b7-42f9-8828-71612504036a,file_444.jpg,3749461,pdf
b3f0dc7a-8965-4fd0-8d96-015039504208,Client 12,client.12@example.com,2025-10-15T11:11:39.733506+00:00,Company 12,20,standard,7e797a74-cef7-4aac-8eec-dd396da1c475,Operator 7,operator.7@example.com,2025-11-03T11:11:39.734335+00:00,OP-0007,support,online,7,dfce2714-fa1a-41d7-b618-286f4371ece9,open,high,2026-03-05T11:11:39.735561+00:00,,97f7b774-43c7-45fb-9ec5-b19cd446c641,Message content 445,2026-03-06T02:59:39.735561+00:00,true,,,,
4b73c797-4439-4f60-9085-0e61a6a2015d,Client 43,client.43@example.com,2026-02-10T11:11:39.734062+00:00,Company 43,15,standard,c567ed84-590b-4b94-8e2c-2c96c62d400b,Operator 6,operator.6@example.com,2025-09-02T11:11:39.734317+00:00,OP-0006,billing,offline,2,6d7adecd-8af9-4047-8917-5ae9aad2597b,pending,high,2026-01-26T11:11:39.736015+00:00,,de081673-44df-4296-a810-b0ce01174d4d,Message content 446,2026-01-26T16:19:39.736015+00:00,true,,,,
8067d26e-94c8-4b4f-8ab1-93053f706f51,Client 28,client.28@example.com,2025-04-29T11:11:39.733781+00:00,Company 28,82,standard,775f6de4-bf12-43dc-b8ee-eff74e7fca85,Operator 3,operator.3@example.com,2026-01-11T11:11:39.734260+00:00,OP-0003,billing,offline,3,14fcb8c7-648f-4441-835b-856bce0df9b2,pending,low,2026-02-17T11:11:39.734672+00:00,,0a705809-2565-4a9e-8728-7b8ef48f65be,Message content 447,2026-02-17T21:16:39.734672+00:00,false,,,,
8bf6c5de-eb19-4f4f-9cb7-7e28340b53e6,Client 5,client.5@example.com,2025-05-08T11:11:39.733371+00:00,Company 5,55,free,679fc6d7-3349-4897-ab8c-49f7d7afa9f5,Operator 8,operator.8@example.com,2025-07-01T11:11:39.734353+00:00,OP-0008,support,offline,3,6004811b-18d1-46af-be6e-d71257dd3004,closed,low,2026-01-14T11:11:39.734687+00:00,2026-01-14T18:11:39.734687+00:00,2cfbf39c-c9fa-464c-aba2-aee873688c47,Message content 448,2026-01-14T16:01:39.734687+00:00,true,,,,
0e833b5b-bec5-417c-86d1-31d364dba72e,Client 8,client.8@example.com,2025-05-23T11:11:39.733428+00:00,Company 8,26,enterprise,730d608c-8e10-4f7e-a51d-db0d13429f86,Operator 10,operator.10@example.com,2025-06-09T11:11:39.734388+00:00,OP-0010,tech,offline,6,14b08486-0b72-4fa8-8a50-772573dd5225,closed,low,2026-02-19T11:11:39.734911+00:00,2026-02-21T02:11:39.734911+00:00,4324e609-14b5-4b9f-8035-706ce5093c4a,Message content 449,2026-02-20T04:58:39.734911+00:00,true,,,,
8bf6c5de-eb19-4f4f-9cb7-7e28340b53e6,Client 5,client.5@example.com,2025-05-08T11:11:39.733371+00:00,Company 5,55,free,75464306-96f6-47c8-9a39-382bf4baa64e,Operator 5,operator.5@example.com,2025-09-22T11:11:39.734300+00:00,OP-0005,tech,online,2,31ac0a08-b4d3-494e-8a0f-79eb77e13e33,closed,medium,2026-02-12T11:11:39.735753+00:00,2026-02-13T20:11:39.735753+00:00,011b86dd-efd1-4741-bc36-9f4a87fcdcf2,Message content 450,2026-02-13T10:57:39.735753+00:00,true,,,,
fd7d0456-43a1-4c22-9dfb-6a34f783ef0b,Client 22,client.22@example.com,2025-10-09T11:11:39.733674+00:00,Company 22,11,standard,13992f5b-13db-41f1-b7c6-e68ae67d889d,Operator 2,operator.2@example.com,2026-03-05T11:11:39.734236+00:00,OP-0002,billing,offline,6,bde9ddf7-b449-4841-b77b-4b68cc643a81,open,medium,2026-02-02T11:11:39.734522+00:00,,050aca68-c3ce-45cd-b796-c81c1f1bbab3,Message content 451,2026-02-02T15:06:39.734522+00:00,true,0e3b5af5-3232-488d-bb96-9ed0852e2574,file_451.png,1388702,jpg
c288e606-78c0-4a54-9184-54b69e7b45e4,Client 27,client.27@example.com,2025-03-12T11:11:39.733764+00:00,Company 27,88,free,c567ed84-590b-4b94-8e2c-2c96c62d400b,Operator 6,operator.6@example.com,2025-09-02T11:11:39.734317+00:00,OP-0006,billing,offline,2,57a62de5-6c3e-406d-b03e-ff3149e740dd,closed,high,2026-02-09T11:11:39.736072+00:00,2026-02-10T06:11:39.736072+00:00,44d9ecf3-7c0e-4469-a4f0-8acc89252944,Message content 452,2026-02-09T17:08:39.736072+00:00,true,,,,
d826c7a0-bfe6-427f-8452-02427e211d02,Client 23,client.23@example.com,2026-01-14T11:11:39.733691+00:00,Company 23,49,premium,75464306-96f6-47c8-9a39-382bf4baa64e,Operator 5,operator.5@example.com,2025-09-22T11:11:39.734300+00:00,OP-0005,tech,online,2,fde21d8d-9ed4-4f68-a411-ea075e09230a,open,low,2026-01-13T11:11:39.735698+00:00,,362fefe8-7a3c-4cf5-97ec-ae1cbc3f015b,Message content 453,2026-01-14T02:57:39.735698+00:00,true,1af33b28-d5cc-40fa-ae85-aa74e4213537,file_453.jpg,1573526,txt
b3f0dc7a-8965-4fd0-8d96-015039504208,Client 12,client.12@example.com,2025-10-15T11:11:39.733506+00:00,Company 12,20,standard,7e797a74-cef7-4aac-8eec-dd396da1c475,Operator 7,operator.7@example.com,2025-11-03T11:11:39.734335+00:00,OP-0007,support,online,7,dfce2714-fa1a-41d7-b618-286f4371ece9,open,high,2026-03-05T11:11:39.735561+00:00,,a02857a0-622c-4e0e-977b-9bb2170dd6de,Message content 454,2026-03-05T12:10:39.735561+00:00,false,,,,
88ded20b-1cd1-4dab-8c10-4f1303231c40,Client 44,client.44@example.com,2025-04-19T11:11:39.734078+00:00,Company 44,21,enterprise,cbe4ab29-47da-4080-be68-40c8076ffd1c,Operator 9,operator.9@example.com,2025-04-03T11:11:39.734371+00:00,OP-0009,tech,offline,4,e8f1ede2-a205-4159-ba19-f13d7f0edab4,open,low,2026-02-13T11:11:39.735787+00:00,,29b3d7d0-6b0b-41c7-aba7-eb5951ca8d3d,Message content 455,2026-02-14T07:23:39.735787+00:00,true,,,,
55ffb774-9524-46af-919c-2ad12b14fd74,Client 40,client.40@example.com,2025-05-11T11:11:39.734007+00:00,Company 40,55,enterprise,13992f5b-13db-41f1-b7c6-e68ae67d889d,Operator 2,operator.2@example.com,2026-03-05T11:11:39.734236+00:00,OP-0002,billing,offline,6,664b38d6-b107-41cf-9be4-193324da2607,closed,high,2026-02-08T11:11:39.734937+00:00,2026-02-10T01:11:39.734937+00:00,4c39c28f-4d32-4eda-81c1-7b7528d31664,Message content 456,2026-02-08T18:12:39.734937+00:00,false,82577b92-4779-4ca6-8b6b-635f244f277d,file_456.png,4853145,png
58a107b7-f3f3-4c7c-9ecf-0d8e2ed82e88,Client 48,client.48@example.com,2025-03-23T11:11:39.734148+00:00,Company 48,93,free,775f6de4-bf12-43dc-b8ee-eff74e7fca85,Operator 3,operator.3@example.com,2026-01-11T11:11:39.734260+00:00,OP-0003,billing,offline,3,1bbf9cfb-6b5c-49c6-bcbe-43945017a295,closed,medium,2026-01-26T11:11:39.736144+00:00,2026-01-27T07:11:39.736144+00:00,33755efc-eb6c-441e-a237-d0fb0b3b303d,Message content 457,2026-01-26T17:33:39.736144+00:00,true,,,,
8bf6c5de-eb19-4f4f-9cb7-7e28340b53e6,Client 5,client.5@example.com,2025-05-08T11:11:39.733371+00:00,Company 5,55,free,679fc6d7-3349-4897-ab8c-49f7d7afa9f5,Operator 8,operator.8@example.com,2025-07-01T11:11:39.734353+00:00,OP-0008,support,offline,3,6004811b-18d1-46af-be6e-d71257dd3004,closed,low,2026-01-14T11:11:39.734687+00:00,2026-01-14T18:11:39.734687+00:00,74d3e1d0-fd68-4c1e-a80b-03a31a6ed6c7,Message content 458,2026-01-14T20:08:39.734687+00:00,true,,,,
92e2cff6-5b04-44a7-b58c-4d0d1060260b,Client 16,client.16@example.com,2026-02-12T11:11:39.733572+00:00,Company 16,94,enterprise,13992f5b-13db-41f1-b7c6-e68ae67d889d,Operator 2,operator.2@example.com,2026-03-05T11:11:39.734236+00:00,OP-0002,billing,offline,6,289a2075-7af3-408a-a5e9-3e03fa0a0a3e,open,medium,2026-02-05T11:11:39.736523+00:00,,9a79e7f4-5b0f-44f6-ad38-44a6658244aa,Message content 459,2026-02-05T21:52:39.736523+00:00,true,,,,
be8e0951-42af-4432-9cc6-c69623522d28,Client 2,client.2@example.com,2025-10-17T11:11:39.733288+00:00,Company 2,32,standard,8c273a5d-f06e-47e3-b4a7-da0ef6f06171,Operator 1,operator.1@example.com,2025-10-07T11:11:39.734205+00:00,OP-0001,tech,offline,5,af0b6df4-46b0-430d-b0b1-5e35341dfd9f,pending,high,2026-02-19T11:11:39.736350+00:00,,577a8688-12f7-4f16-9ecd-fcb25f848915,Message content 460,2026-02-19T15:04:39.736350+00:00,false,,,,
0a272624-2c12-484e-8a21-5158a8d796cf,Client 49,client.49@example.com,2025-03-22T11:11:39.734164+00:00,Company 49,69,premium,13992f5b-13db-41f1-b7c6-e68ae67d889d,Operator 2,operator.2@example.com,2026-03-05T11:11:39.734236+00:00,OP-0002,billing,offline,6,7c8b809b-ced1-4d6a-8aee-8d6e7294de8d,pending,low,2026-01-16T11:11:39.736475+00:00,,4c205e8e-0231-4db2-8d32-b33cd9c4c013,Message content 461,2026-01-16T17:04:39.736475+00:00,false,,,,
02605a21-0cd4-4681-89e4-841a48af011f,Client 19,client.19@example.com,2025-04-19T11:11:39.733624+00:00,Company 19,80,premium,730d608c-8e10-4f7e-a51d-db0d13429f86,Operator 10,operator.10@example.com,2025-06-09T11:11:39.734388+00:00,OP-0010,tech,offline,6,37eeb618-1da8-4e27-9710-48189b5b1143,closed,low,2026-02-21T11:11:39.735208+00:00,2026-02-22T09:11:39.735208+00:00,9466779e-0d25-4f23-aa6b-9acc46311c1f,Message content 462,2026-02-22T08:09:39.735208+00:00,true,,,,
5faa6da9-33a3-408c-a571-b6625b43948e,Client 4,client.4@example.com,2025-03-25T11:11:39.733349+00:00,Company 4,95,free,13992f5b-13db-41f1-b7c6-e68ae67d889d,Operator 2,operator.2@example.com,2026-03-05T11:11:39.734236+00:00,OP-0002,billing,offline,6,4e6adde7-3686-419c-9bba-35d9b0858ea2,pending,medium,2026-01-25T11:11:39.735267+00:00,,00513ebb-63f5-401a-9bb9-06bb89ed5cb3,Message content 463,2026-01-25T15:12:39.735267+00:00,true,b9278dc2-1d2b-43c9-a8e1-54e9d40bef80,file_463.pdf,1195801,txt
17543439-3080-4320-9450-fde238897d38,Client 3,client.3@example.com,2025-12-25T11:11:39.733325+00:00,Company 3,95,free,679fc6d7-3349-4897-ab8c-49f7d7afa9f5,Operator 8,operator.8@example.com,2025-07-01T11:11:39.734353+00:00,OP-0008,support,offline,3,f39345d0-d50a-4854-b445-e880ee27ea4d,open,medium,2026-02-20T11:11:39.735669+00:00,,2d7932e2-0833-47ea-9600-8258514e8209,Message content 464,2026-02-21T07:32:39.735669+00:00,true,c2ea2a80-4e38-4d81-842c-bbfae402c8b8,file_464.jpg,4092485,jpg
50d18f17-5036-4d3d-af5f-300d47cfef98,Client 29,client.29@example.com,2025-06-06T11:11:39.733797+00:00,Company 29,94,standard,679fc6d7-3349-4897-ab8c-49f7d7afa9f5,Operator 8,operator.8@example.com,2025-07-01T11:11:39.734353+00:00,OP-0008,support,offline,3,258362b4-995e-46b8-81f2-979a069a45db,open,high,2026-01-22T11:11:39.736249+00:00,,22f0abec-8185-4c0c-a311-5f25b16f0b11,Message content 465,2026-01-22T16:52:39.736249+00:00,true,,,,
5faa6da9-33a3-408c-a571-b6625b43948e,Client 4,client.4@example.com,2025-03-25T11:11:39.733349+00:00,Company 4,95,free,13992f5b-13db-41f1-b7c6-e68ae67d889d,Operator 2,operator.2@example.com,2026-03-05T11:11:39.734236+00:00,OP-0002,billing,offline,6,4e6adde7-3686-419c-9bba-35d9b0858ea2,pending,medium,2026-01-25T11:11:39.735267+00:00,,eb0d2cc7-b352-4407-8ea7-147a4ef79644,Message content 466,2026-01-26T02:34:39.735267+00:00,false,,,,
4b73c797-4439-4f60-9085-0e61a6a2015d,Client 43,client.43@example.com,2026-02-10T11:11:39.734062+00:00,Company 43,15,standard,c567ed84-590b-4b94-8e2c-2c96c62d400b,Operator 6,operator.6@example.com,2025-09-02T11:11:39.734317+00:00,OP-0006,billing,offline,2,45f0a610-5ff1-49c0-870f-fc327b2ff074,closed,low,2026-02-06T11:11:39.734431+00:00,2026-02-07T16:11:39.734431+00:00,344f009c-b521-4610-8ee6-0c058584e057,Message content 467,2026-02-07T03:43:39.734431+00:00,false,5fb49466-3723-4fdb-9ea9-122aae235be4,file_467.txt,3442067,txt
17543439-3080-4320-9450-fde238897d38,Client 3,client.3@example.com,2025-12-25T11:11:39.733325+00:00,Company 3,95,free,679fc6d7-3349-4897-ab8c-49f7d7afa9f5,Operator 8,operator.8@example.com,2025-07-01T11:11:39.734353+00:00,OP-0008,support,offline,3,f39345d0-d50a-4854-b445-e880ee27ea4d,open,medium,2026-02-20T11:11:39.735669+00:00,,2d431b6b-32ce-4c55-85e8-8b3ee5a21375,Message content 468,2026-02-21T02:20:39.735669+00:00,true,,,,
f3a41c1c-78ab-41a3-afce-0fdd1b2b2d69,Client 38,client.38@example.com,2025-12-23T11:11:39.733948+00:00,Company 38,34,standard,cbe4ab29-47da-4080-be68-40c8076ffd1c,Operator 9,operator.9@example.com,2025-04-03T11:11:39.734371+00:00,OP-0009,tech,offline,4,a32d2ff4-0427-4efc-a9fc-73293b84612d,closed,low,2026-02-20T11:11:39.734478+00:00,2026-02-21T02:11:39.734478+00:00,8a826200-ca59-4267-8cc4-2b6c18dd25ce,Message content 469,2026-02-20T18:42:39.734478+00:00,true,abf6e1e4-06c7-41b6-a665-b9d62e795f0c,file_469.pdf,1421039,txt
ecc24a2d-ea47-4b7a-a258-09210ce529f1,Client 31,client.31@example.com,2025-10-19T11:11:39.733830+00:00,Company 31,82,standard,775f6de4-bf12-43dc-b8ee-eff74e7fca85,Operator 3,operator.3@example.com,2026-01-11T11:11:39.734260+00:00,OP-0003,billing,offline,3,4cded7cb-9a4f-40f9-9b30-6a0b517e3880,open,medium,2026-01-23T11:11:39.736274+00:00,,b472f952-0284-47e6-a730-86e1a14c37e4,Message content 470,2026-01-24T04:05:39.736274+00:00,true,,,,
8bf6c5de-eb19-4f4f-9cb7-7e28340b53e6,Client 5,client.5@example.com,2025-05-08T11:11:39.733371+00:00,Company 5,55,free,679fc6d7-3349-4897-ab8c-49f7d7afa9f5,Operator 8,operator.8@example.com,2025-07-01T11:11:39.734353+00:00,OP-0008,support,offline,3,6004811b-18d1-46af-be6e-d71257dd3004,closed,low,2026-01-14T11:11:39.734687+00:00,2026-01-14T18:11:39.734687+00:00,8983d39c-10bb-4da6-b7c7-5f8ae4d649ef,Message content 471,2026-01-14T20:19:39.734687+00:00,false,,,,
17543439-3080-4320-9450-fde238897d38,Client 3,client.3@example.com,2025-12-25T11:11:39.733325+00:00,Company 3,95,free,75464306-96f6-47c8-9a39-382bf4baa64e,Operator 5,operator.5@example.com,2025-09-22T11:11:39.734300+00:00,OP-0005,tech,online,2,736c6aa9-0c81-4e95-b8f7-e791ea110805,open,medium,2026-02-11T11:11:39.735431+00:00,,de411431-8882-4eb1-9d20-3f72a055b350,Message content 472,2026-02-12T05:41:39.735431+00:00,true,,,,
0fc60bab-9ce8-47f8-97e1-485d6ad75f21,Client 50,client.50@example.com,2025-04-12T11:11:39.734180+00:00,Company 50,44,free,730d608c-8e10-4f7e-a51d-db0d13429f86,Operator 10,operator.10@example.com,2025-06-09T11:11:39.734388+00:00,OP-0010,tech,offline,6,a1d9ce4c-b94a-4d7e-a3ad-cabe2877533a,open,high,2026-01-21T11:11:39.736825+00:00,,61494c21-0759-4958-b450-00cfdc82711b,Message content 473,2026-01-22T02:14:39.736825+00:00,false,,,,
8067d26e-94c8-4b4f-8ab1-93053f706f51,Client 28,client.28@example.com,2025-04-29T11:11:39.733781+00:00,Company 28,82,standard,775f6de4-bf12-43dc-b8ee-eff74e7fca85,Operator 3,operator.3@example.com,2026-01-11T11:11:39.734260+00:00,OP-0003,billing,offline,3,14fcb8c7-648f-4441-835b-856bce0df9b2,pending,low,2026-02-17T11:11:39.734672+00:00,,07fd72f5-5b87-4a70-9dd0-baf9ddb86b16,Message content 474,2026-02-18T09:29:39.734672+00:00,true,,,,
8bf6c5de-eb19-4f4f-9cb7-7e28340b53e6,Client 5,client.5@example.com,2025-05-08T11:11:39.733371+00:00,Company 5,55,free,8c273a5d-f06e-47e3-b4a7-da0ef6f06171,Operator 1,operator.1@example.com,2025-10-07T11:11:39.734205+00:00,OP-0001,tech,offline,5,510e2651-b2d7-49e1-ad70-91951dc4ca84,open,low,2026-02-20T11:11:39.734504+00:00,,70dd468d-b092-4fef-a72d-baddc00b5dd6,Message content 475,2026-02-21T02:32:39.734504+00:00,false,d3ce2b69-ef25-421e-9bb4-a3920b2afe14,file_475.png,3693185,png
52fea20d-ccb0-42b4-82ec-0b205237569e,Client 35,client.35@example.com,2025-11-18T11:11:39.733896+00:00,Company 35,73,premium,8c273a5d-f06e-47e3-b4a7-da0ef6f06171,Operator 1,operator.1@example.com,2025-10-07T11:11:39.734205+00:00,OP-0001,tech,offline,5,842d941c-6fbb-4f6c-b37d-5daff267f8f1,pending,high,2026-01-07T11:11:39.737017+00:00,,8b41fe31-74b5-40d8-9546-002f9b12890a,Message content 476,2026-01-07T19:16:39.737017+00:00,false,fdbffe00-9929-4307-ab3f-26370e7a510c,file_476.pdf,3601725,jpg
3502abd7-7e93-4dc8-a792-1ae86c10f336,Client 26,client.26@example.com,2025-11-19T11:11:39.733748+00:00,Company 26,86,premium,4e2e12c9-fb99-41b0-a60f-4eb61b5e0f33,Operator 4,operator.4@example.com,2025-08-27T11:11:39.734281+00:00,OP-0004,sales,online,6,988fee83-e9f2-4c1c-ad1b-f19e07ec158a,closed,low,2026-02-25T11:11:39.736433+00:00,2026-02-27T08:11:39.736433+00:00,aac75f78-b71d-4901-aa7b-1547071120a5,Message content 477,2026-02-25T15:56:39.736433+00:00,false,,,,
0777c6d2-2b2c-4b94-86df-1d6f74cb3528,Client 37,client.37@example.com,2025-08-16T11:11:39.733928+00:00,Company 37,83,enterprise,730d608c-8e10-4f7e-a51d-db0d13429f86,Operator 10,operator.10@example.com,2025-06-09T11:11:39.734388+00:00,OP-0010,tech,offline,6,096d9467-8e42-4ada-9b69-3fd4ee1705da,open,medium,2026-02-04T11:11:39.734564+00:00,,6fd96fa4-9a07-47be-b3c5-75b7719ae806,Message content 478,2026-02-05T06:38:39.734564+00:00,true,,,,
58a107b7-f3f3-4c7c-9ecf-0d8e2ed82e88,Client 48,client.48@example.com,2025-03-23T11:11:39.734148+00:00,Company 48,93,free,775f6de4-bf12-43dc-b8ee-eff74e7fca85,Operator 3,operator.3@example.com,2026-01-11T11:11:39.734260+00:00,OP-0003,billing,offline,3,1bbf9cfb-6b5c-49c6-bcbe-43945017a295,closed,medium,2026-01-26T11:11:39.736144+00:00,2026-01-27T07:11:39.736144+00:00,53b6d256-0bf8-49ad-a487-923ba06b0cbf,Message content 479,2026-01-26T16:55:39.736144+00:00,false,,,,
0e833b5b-bec5-417c-86d1-31d364dba72e,Client 8,client.8@example.com,2025-05-23T11:11:39.733428+00:00,Company 8,26,enterprise,13992f5b-13db-41f1-b7c6-e68ae67d889d,Operator 2,operator.2@example.com,2026-03-05T11:11:39.734236+00:00,OP-0002,billing,offline,6,1db27155-d627-49e7-a20f-1198b38053bc,closed,medium,2026-01-18T11:11:39.735177+00:00,2026-01-18T21:11:39.735177+00:00,992d979e-1fc4-4605-8db1-37d93818eb02,Message content 480,2026-01-19T06:43:39.735177+00:00,false,46793295-536e-47ee-89f4-37baca53cb5b,file_480.png,1147402,txt
0777c6d2-2b2c-4b94-86df-1d6f74cb3528,Client 37,client.37@example.com,2025-08-16T11:11:39.733928+00:00,Company 37,83,enterprise,730d608c-8e10-4f7e-a51d-db0d13429f86,Operator 10,operator.10@example.com,2025-06-09T11:11:39.734388+00:00,OP-0010,tech,offline,6,096d9467-8e42-4ada-9b69-3fd4ee1705da,open,medium,2026-02-04T11:11:39.734564+00:00,,75f6bcf5-d5f3-4d67-b543-51c619100aad,Message content 481,2026-02-04T20:38:39.734564+00:00,true,,,,
0a272624-2c12-484e-8a21-5158a8d796cf,Client 49,client.49@example.com,2025-03-22T11:11:39.734164+00:00,Company 49,69,premium,4e2e12c9-fb99-41b0-a60f-4eb61b5e0f33,Operator 4,operator.4@example.com,2025-08-27T11:11:39.734281+00:00,OP-0004,sales,online,6,90bec7ed-7dea-4078-8ca0-3357d9b2fd4f,pending,medium,2026-02-24T11:11:39.734729+00:00,,8628703f-a55d-41e0-8cec-02507da43e85,Message content 482,2026-02-24T19:42:39.734729+00:00,true,76f3bb9a-de0c-4c55-8393-6a7858dccafc,file_482.jpg,3304212,txt
5caab472-47e3-4e7f-a3a7-3c61503d63e0,Client 11,client.11@example.com,2025-03-14T11:11:39.733488+00:00,Company 11,55,premium,7e797a74-cef7-4aac-8eec-dd396da1c475,Operator 7,operator.7@example.com,2025-11-03T11:11:39.734335+00:00,OP-0007,support,online,7,1d53ad4e-5f63-40ca-b89b-9c47139a9c06,pending,medium,2026-03-06T11:11:39.734760+00:00,,03efe2d6-29d8-4780-9373-3eb8c4258f31,Message content 483,2026-03-07T06:53:39.734760+00:00,true,,,,
0fc60bab-9ce8-47f8-97e1-485d6ad75f21,Client 50,client.50@example.com,2025-04-12T11:11:39.734180+00:00,Company 50,44,free,cbe4ab29-47da-4080-be68-40c8076ffd1c,Operator 9,operator.9@example.com,2025-04-03T11:11:39.734371+00:00,OP-0009,tech,offline,4,ede5b473-da51-4b24-afbd-20136c7a3499,pending,high,2026-01-09T11:11:39.735496+00:00,,c7a7754c-c2f0-4620-90b2-ff2576f3853a,Message content 484,2026-01-10T02:36:39.735496+00:00,false,88f400e5-b8ef-457d-a847-adf8d42060de,file_484.png,3389357,pdf
52fea20d-ccb0-42b4-82ec-0b205237569e,Client 35,client.35@example.com,2025-11-18T11:11:39.733896+00:00,Company 35,73,premium,13992f5b-13db-41f1-b7c6-e68ae67d889d,Operator 2,operator.2@example.com,2026-03-05T11:11:39.734236+00:00,OP-0002,billing,offline,6,75fd6177-233a-42c4-b8be-fc8b7fcf55c9,open,low,2026-02-26T11:11:39.736717+00:00,,8008f6d7-5360-46fe-976a-2118fd9f8404,Message content 485,2026-02-26T23:46:39.736717+00:00,true,,,,
88ded20b-1cd1-4dab-8c10-4f1303231c40,Client 44,client.44@example.com,2025-04-19T11:11:39.734078+00:00,Company 44,21,enterprise,75464306-96f6-47c8-9a39-382bf4baa64e,Operator 5,operator.5@example.com,2025-09-22T11:11:39.734300+00:00,OP-0005,tech,online,2,6090be80-0f26-42d9-b62d-61cb2f3dd2bc,open,low,2026-02-20T11:11:39.736326+00:00,,62003178-297d-4fc9-ad40-01241d2f2798,Message content 486,2026-02-20T11:16:39.736326+00:00,false,,,,
5faa6da9-33a3-408c-a571-b6625b43948e,Client 4,client.4@example.com,2025-03-25T11:11:39.733349+00:00,Company 4,95,free,7e797a74-cef7-4aac-8eec-dd396da1c475,Operator 7,operator.7@example.com,2025-11-03T11:11:39.734335+00:00,OP-0007,support,online,7,19c95279-ff17-42d6-9e10-1fbcf226f9eb,pending,low,2026-01-19T11:11:39.734634+00:00,,ee968bb4-1ba6-4186-b51c-7fa3eeac4321,Message content 487,2026-01-20T02:49:39.734634+00:00,true,,,,
c288e606-78c0-4a54-9184-54b69e7b45e4,Client 27,client.27@example.com,2025-03-12T11:11:39.733764+00:00,Company 27,88,free,4e2e12c9-fb99-41b0-a60f-4eb61b5e0f33,Operator 4,operator.4@example.com,2025-08-27T11:11:39.734281+00:00,OP-0004,sales,online,6,6a6f76ee-4a00-4028-94b8-37b0350104f8,open,high,2026-02-28T11:11:39.734580+00:00,,d80bdb17-85fe-40b2-8a9c-5bbc68962d13,Message content 488,2026-03-01T05:25:39.734580+00:00,false,,,,
55ffb774-9524-46af-919c-2ad12b14fd74,Client 40,client.40@example.com,2025-05-11T11:11:39.734007+00:00,Company 40,55,enterprise,13992f5b-13db-41f1-b7c6-e68ae67d889d,Operator 2,operator.2@example.com,2026-03-05T11:11:39.734236+00:00,OP-0002,billing,offline,6,664b38d6-b107-41cf-9be4-193324da2607,closed,high,2026-02-08T11:11:39.734937+00:00,2026-02-10T01:11:39.734937+00:00,69027f01-8c3c-4bd1-bd80-f7e7249213c4,Message content 489,2026-02-09T04:04:39.734937+00:00,false,330a8b99-61a0-4cb3-b5ff-8072fefd51c4,file_489.pdf,4601173,jpg
ecc24a2d-ea47-4b7a-a258-09210ce529f1,Client 31,client.31@example.com,2025-10-19T11:11:39.733830+00:00,Company 31,82,standard,775f6de4-bf12-43dc-b8ee-eff74e7fca85,Operator 3,operator.3@example.com,2026-01-11T11:11:39.734260+00:00,OP-0003,billing,offline,3,4cded7cb-9a4f-40f9-9b30-6a0b517e3880,open,medium,2026-01-23T11:11:39.736274+00:00,,920ff0ee-cd98-452c-bfab-8d34b2154a88,Message content 490,2026-01-24T03:44:39.736274+00:00,false,,,,
86ed07ac-9eb8-4057-ae3c-96c475cf5c56,Client 25,client.25@example.com,2025-12-13T11:11:39.733726+00:00,Company 25,48,premium,c567ed84-590b-4b94-8e2c-2c96c62d400b,Operator 6,operator.6@example.com,2025-09-02T11:11:39.734317+00:00,OP-0006,billing,offline,2,7647f22b-6357-46b6-8f55-20df71847d01,closed,high,2026-01-23T11:11:39.736979+00:00,2026-01-24T13:11:39.736979+00:00,5556705b-a808-41db-8459-42b7ffdf5450,Message content 491,2026-01-23T12:50:39.736979+00:00,true,a970cdf2-e76d-4e20-8586-91c2f216b20f,file_491.txt,146577,png
4b73c797-4439-4f60-9085-0e61a6a2015d,Client 43,client.43@example.com,2026-02-10T11:11:39.734062+00:00,Company 43,15,standard,679fc6d7-3349-4897-ab8c-49f7d7afa9f5,Operator 8,operator.8@example.com,2025-07-01T11:11:39.734353+00:00,OP-0008,support,offline,3,9a1c5eb4-2754-49c1-9cff-731f8259ebe8,open,medium,2026-02-25T11:11:39.734799+00:00,,cc923b49-0f60-4eb0-af12-0c63b3ee4400,Message content 492,2026-02-26T02:14:39.734799+00:00,false,,,,
d826c7a0-bfe6-427f-8452-02427e211d02,Client 23,client.23@example.com,2026-01-14T11:11:39.733691+00:00,Company 23,49,premium,75464306-96f6-47c8-9a39-382bf4baa64e,Operator 5,operator.5@example.com,2025-09-22T11:11:39.734300+00:00,OP-0005,tech,online,2,fde21d8d-9ed4-4f68-a411-ea075e09230a,open,low,2026-01-13T11:11:39.735698+00:00,,d673ed6d-82e2-4fe4-8d9d-86870eae9e6b,Message content 493,2026-01-13T18:05:39.735698+00:00,false,,,,
55ffb774-9524-46af-919c-2ad12b14fd74,Client 40,client.40@example.com,2025-05-11T11:11:39.734007+00:00,Company 40,55,enterprise,cbe4ab29-47da-4080-be68-40c8076ffd1c,Operator 9,operator.9@example.com,2025-04-03T11:11:39.734371+00:00,OP-0009,tech,offline,4,4c5a93b7-c798-45f1-88f1-160a45fd49c2,closed,low,2026-02-07T11:11:39.736583+00:00,2026-02-08T16:11:39.736583+00:00,8f609170-96d1-4ec5-aca1-1478293d3e0f,Message content 494,2026-02-07T21:29:39.736583+00:00,false,eb55d58e-3cb0-465b-a1b3-2ead6441c3c9,file_494.pdf,792992,pdf
52fea20d-ccb0-42b4-82ec-0b205237569e,Client 35,client.35@example.com,2025-11-18T11:11:39.733896+00:00,Company 35,73,premium,4e2e12c9-fb99-41b0-a60f-4eb61b5e0f33,Operator 4,operator.4@example.com,2025-08-27T11:11:39.734281+00:00,OP-0004,sales,online,6,0bc42958-ba58-43e9-8761-998dbe002df4,pending,low,2026-02-02T11:11:39.735044+00:00,,651b86de-3464-46e6-a95e-3669c886a76d,Message content 495,2026-02-02T13:59:39.735044+00:00,false,,,,
bd7acccc-242d-4c64-a3c2-ffa44b532474,Client 14,client.14@example.com,2025-08-24T11:11:39.733539+00:00,Company 14,13,premium,8c273a5d-f06e-47e3-b4a7-da0ef6f06171,Operator 1,operator.1@example.com,2025-10-07T11:11:39.734205+00:00,OP-0001,tech,offline,5,46dbd875-f9f6-4cb4-83fa-26af5a11241b,closed,low,2026-01-28T11:11:39.734816+00:00,2026-01-29T22:11:39.734816+00:00,f441959d-4f7f-4549-a878-6ac98db1b1ba,Message content 496,2026-01-28T12:57:39.734816+00:00,true,,,,
86ed07ac-9eb8-4057-ae3c-96c475cf5c56,Client 25,client.25@example.com,2025-12-13T11:11:39.733726+00:00,Company 25,48,premium,775f6de4-bf12-43dc-b8ee-eff74e7fca85,Operator 3,operator.3@example.com,2026-01-11T11:11:39.734260+00:00,OP-0003,billing,offline,3,4094ee53-4cff-4849-aab1-6f93a0864a4d,open,low,2026-01-20T11:11:39.736743+00:00,,f1b79fbc-7f28-493b-b95c-f3d35320f696,Message content 497,2026-01-20T19:10:39.736743+00:00,true,,,,
92e2cff6-5b04-44a7-b58c-4d0d1060260b,Client 16,client.16@example.com,2026-02-12T11:11:39.733572+00:00,Company 16,94,enterprise,4e2e12c9-fb99-41b0-a60f-4eb61b5e0f33,Operator 4,operator.4@example.com,2025-08-27T11:11:39.734281+00:00,OP-0004,sales,online,6,a1e90e84-590c-4f42-bfde-ec1ffba6455f,closed,low,2026-02-22T11:11:39.734650+00:00,2026-02-23T16:11:39.734650+00:00,2ebd1e92-2080-47d0-addf-9fe78f49a222,Message content 498,2026-02-22T11:13:39.734650+00:00,true,cdb81511-75f9-4339-bf78-829c99ee48be,file_498.jpg,4367414,txt
4b73c797-4439-4f60-9085-0e61a6a2015d,Client 43,client.43@example.com,2026-02-10T11:11:39.734062+00:00,Company 43,15,standard,c567ed84-590b-4b94-8e2c-2c96c62d400b,Operator 6,operator.6@example.com,2025-09-02T11:11:39.734317+00:00,OP-0006,billing,offline,2,45f0a610-5ff1-49c0-870f-fc327b2ff074,closed,low,2026-02-06T11:11:39.734431+00:00,2026-02-07T16:11:39.734431+00:00,118a9e32-623f-4d09-abb6-f9457de4d104,Message content 499,2026-02-06T11:27:39.734431+00:00,false,,,,
d826c7a0-bfe6-427f-8452-02427e211d02,Client 23,client.23@example.com,2026-01-14T11:11:39.733691+00:00,Company 23,49,premium,75464306-96f6-47c8-9a39-382bf4baa64e,Operator 5,operator.5@example.com,2025-09-22T11:11:39.734300+00:00,OP-0005,tech,online,2,fde21d8d-9ed4-4f68-a411-ea075e09230a,open,low,2026-01-13T11:11:39.735698+00:00,,26692872-9d45-480d-822c-89b357125691,Message content 500,2026-01-14T10:52:39.735698+00:00,true,86902f44-b6b0-4e2e-b0a0-f7880419b8c2,file_500.txt,759363,png
8067d26e-94c8-4b4f-8ab1-93053f706f51,Client 28,client.28@example.com,2025-04-29T11:11:39.733781+00:00,Company 28,82,standard,775f6de4-bf12-43dc-b8ee-eff74e7fca85,Operator 3,operator.3@example.com,2026-01-11T11:11:39.734260+00:00,OP-0003,billing,offline,3,14fcb8c7-648f-4441-835b-856bce0df9b2,pending,low,2026-02-17T11:11:39.734672+00:00,,61534bec-7780-40a5-b2d1-01335884f0fd,Message content 501,2026-02-17T21:52:39.734672+00:00,true,,,,
0fc60bab-9ce8-47f8-97e1-485d6ad75f21,Client 50,client.50@example.com,2025-04-12T11:11:39.734180+00:00,Company 50,44,free,cbe4ab29-47da-4080-be68-40c8076ffd1c,Operator 9,operator.9@example.com,2025-04-03T11:11:39.734371+00:00,OP-0009,tech,offline,4,ede5b473-da51-4b24-afbd-20136c7a3499,pending,high,2026-01-09T11:11:39.735496+00:00,,30643dac-42e6-4995-9c7f-fa4c28288a01,Message content 502,2026-01-09T15:43:39.735496+00:00,true,,,,
c288e606-78c0-4a54-9184-54b69e7b45e4,Client 27,client.27@example.com,2025-03-12T11:11:39.733764+00:00,Company 27,88,free,4e2e12c9-fb99-41b0-a60f-4eb61b5e0f33,Operator 4,operator.4@example.com,2025-08-27T11:11:39.734281+00:00,OP-0004,sales,online,6,6a6f76ee-4a00-4028-94b8-37b0350104f8,open,high,2026-02-28T11:11:39.734580+00:00,,d29d6b63-e815-4622-a4cb-516ea6c88ce6,Message content 503,2026-03-01T05:17:39.734580+00:00,true,,,,
bd7acccc-242d-4c64-a3c2-ffa44b532474,Client 14,client.14@example.com,2025-08-24T11:11:39.733539+00:00,Company 14,13,premium,8c273a5d-f06e-47e3-b4a7-da0ef6f06171,Operator 1,operator.1@example.com,2025-10-07T11:11:39.734205+00:00,OP-0001,tech,offline,5,46dbd875-f9f6-4cb4-83fa-26af5a11241b,closed,low,2026-01-28T11:11:39.734816+00:00,2026-01-29T22:11:39.734816+00:00,80311b1f-90f1-4529-986c-5088693a1532,Message content 504,2026-01-29T02:12:39.734816+00:00,true,,,,
58a107b7-f3f3-4c7c-9ecf-0d8e2ed82e88,Client 48,client.48@example.com,2025-03-23T11:11:39.734148+00:00,Company 48,93,free,cbe4ab29-47da-4080-be68-40c8076ffd1c,Operator 9,operator.9@example.com,2025-04-03T11:11:39.734371+00:00,OP-0009,tech,offline,4,7cf2c268-9c00-4c2a-9eb7-66429dcddb95,closed,medium,2026-01-14T11:11:39.736915+00:00,2026-01-15T02:11:39.736915+00:00,d520262d-1a0e-446f-85fb-95b45a5bd8d7,Message content 505,2026-01-14T16:21:39.736915+00:00,true,,,,
8bf6c5de-eb19-4f4f-9cb7-7e28340b53e6,Client 5,client.5@example.com,2025-05-08T11:11:39.733371+00:00,Company 5,55,free,75464306-96f6-47c8-9a39-382bf4baa64e,Operator 5,operator.5@example.com,2025-09-22T11:11:39.734300+00:00,OP-0005,tech,online,2,31ac0a08-b4d3-494e-8a0f-79eb77e13e33,closed,medium,2026-02-12T11:11:39.735753+00:00,2026-02-13T20:11:39.735753+00:00,41f87a09-3ed3-4d0b-a76c-c8c10155f16f,Message content 506,2026-02-12T18:35:39.735753+00:00,true,150bcb94-15ef-44f1-bcbf-a42c00b4ebfb,file_506.png,4955704,txt
8bf6c5de-eb19-4f4f-9cb7-7e28340b53e6,Client 5,client.5@example.com,2025-05-08T11:11:39.733371+00:00,Company 5,55,free,775f6de4-bf12-43dc-b8ee-eff74e7fca85,Operator 3,operator.3@example.com,2026-01-11T11:11:39.734260+00:00,OP-0003,billing,offline,3,afebdb6f-af18-4a5b-90f2-8de8f46b5271,open,medium,2026-01-31T11:11:39.735379+00:00,,31284e84-ede6-440a-882f-fcdd82720b72,Message content 507,2026-02-01T01:50:39.735379+00:00,true,,,,
55ffb774-9524-46af-919c-2ad12b14fd74,Client 40,client.40@example.com,2025-05-11T11:11:39.734007+00:00,Company 40,55,enterprise,cbe4ab29-47da-4080-be68-40c8076ffd1c,Operator 9,operator.9@example.com,2025-04-03T11:11:39.734371+00:00,OP-0009,tech,offline,4,fed40572-ad2b-471c-9c8c-58da2fb945f1,closed,medium,2026-03-06T11:11:39.735121+00:00,2026-03-07T23:11:39.735121+00:00,84f0de90-257e-438d-b801-08f4007711f5,Message content 508,2026-03-07T09:11:39.735121+00:00,true,52d99522-ddb5-4af8-90a2-97ac5cb1247c,file_508.pdf,235019,pdf
0e833b5b-bec5-417c-86d1-31d364dba72e,Client 8,client.8@example.com,2025-05-23T11:11:39.733428+00:00,Company 8,26,enterprise,730d608c-8e10-4f7e-a51d-db0d13429f86,Operator 10,operator.10@example.com,2025-06-09T11:11:39.734388+00:00,OP-0010,tech,offline,6,14b08486-0b72-4fa8-8a50-772573dd5225,closed,low,2026-02-19T11:11:39.734911+00:00,2026-02-21T02:11:39.734911+00:00,a305d1eb-7c6c-4e63-999d-cd69f9e7c663,Message content 509,2026-02-20T04:51:39.734911+00:00,true,,,,
b3f0dc7a-8965-4fd0-8d96-015039504208,Client 12,client.12@example.com,2025-10-15T11:11:39.733506+00:00,Company 12,20,standard,7e797a74-cef7-4aac-8eec-dd396da1c475,Operator 7,operator.7@example.com,2025-11-03T11:11:39.734335+00:00,OP-0007,support,online,7,dfce2714-fa1a-41d7-b618-286f4371ece9,open,high,2026-03-05T11:11:39.735561+00:00,,38bba1a2-46f3-4e3f-ab8d-b7f4f95c7a12,Message content 510,2026-03-05T21:16:39.735561+00:00,false,,,,
f0258ea9-5893-4b2b-a8b9-f60a1b13d4f5,Client 9,client.9@example.com,2025-11-14T11:11:39.733447+00:00,Company 9,58,premium,75464306-96f6-47c8-9a39-382bf4baa64e,Operator 5,operator.5@example.com,2025-09-22T11:11:39.734300+00:00,OP-0005,tech,online,2,6c5d75fd-c327-4bfc-9633-bd6a6a85d1f9,pending,low,2026-02-05T11:11:39.735005+00:00,,76760878-8651-41db-80fc-76d64bb1ec6e,Message content 511,2026-02-06T04:04:39.735005+00:00,true,,,,
92e2cff6-5b04-44a7-b58c-4d0d1060260b,Client 16,client.16@example.com,2026-02-12T11:11:39.733572+00:00,Company 16,94,enterprise,13992f5b-13db-41f1-b7c6-e68ae67d889d,Operator 2,operator.2@example.com,2026-03-05T11:11:39.734236+00:00,OP-0002,billing,offline,6,289a2075-7af3-408a-a5e9-3e03fa0a0a3e,open,medium,2026-02-05T11:11:39.736523+00:00,,1393ba9c-9c47-4c36-9324-1e7f93568ce4,Message content 512,2026-02-06T07:27:39.736523+00:00,false,3e552280-3559-412e-8c25-6445b587d28f,file_512.png,3039111,pdf
0a272624-2c12-484e-8a21-5158a8d796cf,Client 49,client.49@example.com,2025-03-22T11:11:39.734164+00:00,Company 49,69,premium,4e2e12c9-fb99-41b0-a60f-4eb61b5e0f33,Operator 4,operator.4@example.com,2025-08-27T11:11:39.734281+00:00,OP-0004,sales,online,6,90bec7ed-7dea-4078-8ca0-3357d9b2fd4f,pending,medium,2026-02-24T11:11:39.734729+00:00,,f8122313-8d45-4b83-a309-aba6e1d1ce80,Message content 513,2026-02-25T00:23:39.734729+00:00,true,,,,
17543439-3080-4320-9450-fde238897d38,Client 3,client.3@example.com,2025-12-25T11:11:39.733325+00:00,Company 3,95,free,75464306-96f6-47c8-9a39-382bf4baa64e,Operator 5,operator.5@example.com,2025-09-22T11:11:39.734300+00:00,OP-0005,tech,online,2,736c6aa9-0c81-4e95-b8f7-e791ea110805,open,medium,2026-02-11T11:11:39.735431+00:00,,c2d7eae9-9773-4d08-930b-a148ca7e98f2,Message content 514,2026-02-12T05:49:39.735431+00:00,false,,,,
5caab472-47e3-4e7f-a3a7-3c61503d63e0,Client 11,client.11@example.com,2025-03-14T11:11:39.733488+00:00,Company 11,55,premium,679fc6d7-3349-4897-ab8c-49f7d7afa9f5,Operator 8,operator.8@example.com,2025-07-01T11:11:39.734353+00:00,OP-0008,support,offline,3,7605b37a-73eb-4a6c-baf4-bad0fc70b5ca,open,high,2026-01-07T11:11:39.737002+00:00,,f7701e66-adf0-4257-8041-5aebff21da8c,Message content 515,2026-01-07T13:40:39.737002+00:00,true,682b4d95-fc24-4671-be1e-f072bc27d763,file_515.pdf,1819782,png
0777c6d2-2b2c-4b94-86df-1d6f74cb3528,Client 37,client.37@example.com,2025-08-16T11:11:39.733928+00:00,Company 37,83,enterprise,730d608c-8e10-4f7e-a51d-db0d13429f86,Operator 10,operator.10@example.com,2025-06-09T11:11:39.734388+00:00,OP-0010,tech,offline,6,096d9467-8e42-4ada-9b69-3fd4ee1705da,open,medium,2026-02-04T11:11:39.734564+00:00,,73ac0281-6d54-49c3-9a5a-7da08ba3f7d9,Message content 516,2026-02-05T00:46:39.734564+00:00,true,,,,
4b73c797-4439-4f60-9085-0e61a6a2015d,Client 43,client.43@example.com,2026-02-10T11:11:39.734062+00:00,Company 43,15,standard,c567ed84-590b-4b94-8e2c-2c96c62d400b,Operator 6,operator.6@example.com,2025-09-02T11:11:39.734317+00:00,OP-0006,billing,offline,2,6d7adecd-8af9-4047-8917-5ae9aad2597b,pending,high,2026-01-26T11:11:39.736015+00:00,,d1ddc7c1-1352-46ad-bc0f-edc7707c12b5,Message content 517,2026-01-27T01:21:39.736015+00:00,true,,,,
92e2cff6-5b04-44a7-b58c-4d0d1060260b,Client 16,client.16@example.com,2026-02-12T11:11:39.733572+00:00,Company 16,94,enterprise,13992f5b-13db-41f1-b7c6-e68ae67d889d,Operator 2,operator.2@example.com,2026-03-05T11:11:39.734236+00:00,OP-0002,billing,offline,6,289a2075-7af3-408a-a5e9-3e03fa0a0a3e,open,medium,2026-02-05T11:11:39.736523+00:00,,c8538914-645d-41ed-8e75-d9652320fe6d,Message content 518,2026-02-06T05:29:39.736523+00:00,true,,,,
dd2d5218-9c9f-4ea4-a2f5-2d90d93c7e31,Client 47,client.47@example.com,2025-06-09T11:11:39.734131+00:00,Company 47,33,free,8c273a5d-f06e-47e3-b4a7-da0ef6f06171,Operator 1,operator.1@example.com,2025-10-07T11:11:39.734205+00:00,OP-0001,tech,offline,5,91e7a664-4113-4ce8-a3bb-a401a4c4208b,closed,low,2026-01-22T11:11:39.734612+00:00,2026-01-24T05:11:39.734612+00:00,527f4c18-15f7-4a8a-9061-b6da09da7a3c,Message content 519,2026-01-22T21:45:39.734612+00:00,false,03ce03aa-2d76-4543-b443-9174cc4de127,file_519.jpg,4509566,pdf
b3f0dc7a-8965-4fd0-8d96-015039504208,Client 12,client.12@example.com,2025-10-15T11:11:39.733506+00:00,Company 12,20,standard,7e797a74-cef7-4aac-8eec-dd396da1c475,Operator 7,operator.7@example.com,2025-11-03T11:11:39.734335+00:00,OP-0007,support,online,7,dfce2714-fa1a-41d7-b618-286f4371ece9,open,high,2026-03-05T11:11:39.735561+00:00,,07acb8d0-4f8e-4129-a536-2b8c19c8a3db,Message content 520,2026-03-06T07:12:39.735561+00:00,false,,,,
02605a21-0cd4-4681-89e4-841a48af011f,Client 19,client.19@example.com,2025-04-19T11:11:39.733624+00:00,Company 19,80,premium,4e2e12c9-fb99-41b0-a60f-4eb61b5e0f33,Operator 4,operator.4@example.com,2025-08-27T11:11:39.734281+00:00,OP-0004,sales,online,6,ab687850-17bd-4cbe-b7e8-b843f8dae9bc,pending,medium,2026-02-17T11:11:39.736692+00:00,,8f2434b4-f117-4dc3-b693-92cbaf9afb09,Message content 521,2026-02-18T09:08:39.736692+00:00,true,3bbaeeac-0ae9-4df4-adce-768b15aca180,file_521.jpg,495750,jpg
5faa6da9-33a3-408c-a571-b6625b43948e,Client 4,client.4@example.com,2025-03-25T11:11:39.733349+00:00,Company 4,95,free,7e797a74-cef7-4aac-8eec-dd396da1c475,Operator 7,operator.7@example.com,2025-11-03T11:11:39.734335+00:00,OP-0007,support,online,7,19c95279-ff17-42d6-9e10-1fbcf226f9eb,pending,low,2026-01-19T11:11:39.734634+00:00,,cbb053e4-daff-482b-bcf3-60026537017e,Message content 522,2026-01-20T02:00:39.734634+00:00,true,ad3d38e4-573d-49a4-8244-ab2c5b5613c7,file_522.png,2604513,jpg
8f275979-555b-4725-9ef2-d59d15bef42c,Client 42,client.42@example.com,2025-06-19T11:11:39.734045+00:00,Company 42,64,free,cbe4ab29-47da-4080-be68-40c8076ffd1c,Operator 9,operator.9@example.com,2025-04-03T11:11:39.734371+00:00,OP-0009,tech,offline,4,8ee293dd-db19-4239-b929-ff2a807163a4,open,low,2026-01-12T11:11:39.734713+00:00,,25df4c2a-df2d-4a50-8b7b-b344d919812e,Message content 523,2026-01-12T11:36:39.734713+00:00,false,,,,
4b73c797-4439-4f60-9085-0e61a6a2015d,Client 43,client.43@example.com,2026-02-10T11:11:39.734062+00:00,Company 43,15,standard,679fc6d7-3349-4897-ab8c-49f7d7afa9f5,Operator 8,operator.8@example.com,2025-07-01T11:11:39.734353+00:00,OP-0008,support,offline,3,9a1c5eb4-2754-49c1-9cff-731f8259ebe8,open,medium,2026-02-25T11:11:39.734799+00:00,,85dcdf16-a744-40f1-85fa-fa37557135a5,Message content 524,2026-02-26T04:07:39.734799+00:00,true,,,,
0fc60bab-9ce8-47f8-97e1-485d6ad75f21,Client 50,client.50@example.com,2025-04-12T11:11:39.734180+00:00,Company 50,44,free,730d608c-8e10-4f7e-a51d-db0d13429f86,Operator 10,operator.10@example.com,2025-06-09T11:11:39.734388+00:00,OP-0010,tech,offline,6,a1d9ce4c-b94a-4d7e-a3ad-cabe2877533a,open,high,2026-01-21T11:11:39.736825+00:00,,7c3e5e64-16fc-48f3-883d-f84aaa25513f,Message content 525,2026-01-21T20:01:39.736825+00:00,true,261b47e6-ff90-40fc-b0b6-8978687de828,file_525.pdf,1000331,png
4cfd3965-0c74-47ca-8d1c-551fb947514c,Client 17,client.17@example.com,2025-06-05T11:11:39.733590+00:00,Company 17,16,enterprise,775f6de4-bf12-43dc-b8ee-eff74e7fca85,Operator 3,operator.3@example.com,2026-01-11T11:11:39.734260+00:00,OP-0003,billing,offline,3,e105a3dd-db0d-43ec-9ae1-7c3972d99e03,pending,high,2026-01-18T11:11:39.735321+00:00,,8bc37366-cc44-476c-8afe-4e9f8561f87b,Message content 526,2026-01-19T01:50:39.735321+00:00,true,094b5304-76b2-4eaf-bc6d-8f0f7d222a8b,file_526.png,4171987,txt
0e833b5b-bec5-417c-86d1-31d364dba72e,Client 8,client.8@example.com,2025-05-23T11:11:39.733428+00:00,Company 8,26,enterprise,75464306-96f6-47c8-9a39-382bf4baa64e,Operator 5,operator.5@example.com,2025-09-22T11:11:39.734300+00:00,OP-0005,tech,online,2,4759550c-d33b-4924-b9cd-531a205dc23a,pending,high,2026-02-02T11:11:39.736043+00:00,,f56d2da4-f4d2-4d7b-bbe8-a8272fe42c18,Message content 527,2026-02-02T23:28:39.736043+00:00,false,723fcff5-236f-427f-b0b2-c48736b7a6ae,file_527.jpg,3094388,jpg
52fea20d-ccb0-42b4-82ec-0b205237569e,Client 35,client.35@example.com,2025-11-18T11:11:39.733896+00:00,Company 35,73,premium,4e2e12c9-fb99-41b0-a60f-4eb61b5e0f33,Operator 4,operator.4@example.com,2025-08-27T11:11:39.734281+00:00,OP-0004,sales,online,6,0bc42958-ba58-43e9-8761-998dbe002df4,pending,low,2026-02-02T11:11:39.735044+00:00,,031b3738-70a0-4f58-9607-a405490724e3,Message content 528,2026-02-02T14:41:39.735044+00:00,true,,,,
8bf6c5de-eb19-4f4f-9cb7-7e28340b53e6,Client 5,client.5@example.com,2025-05-08T11:11:39.733371+00:00,Company 5,55,free,679fc6d7-3349-4897-ab8c-49f7d7afa9f5,Operator 8,operator.8@example.com,2025-07-01T11:11:39.734353+00:00,OP-0008,support,offline,3,6004811b-18d1-46af-be6e-d71257dd3004,closed,low,2026-01-14T11:11:39.734687+00:00,2026-01-14T18:11:39.734687+00:00,103ebb4c-0698-4569-aac8-40be677e0aee,Message content 529,2026-01-14T18:58:39.734687+00:00,true,,,,
4b73c797-4439-4f60-9085-0e61a6a2015d,Client 43,client.43@example.com,2026-02-10T11:11:39.734062+00:00,Company 43,15,standard,c567ed84-590b-4b94-8e2c-2c96c62d400b,Operator 6,operator.6@example.com,2025-09-02T11:11:39.734317+00:00,OP-0006,billing,offline,2,45f0a610-5ff1-49c0-870f-fc327b2ff074,closed,low,2026-02-06T11:11:39.734431+00:00,2026-02-07T16:11:39.734431+00:00,f95f7c9e-99aa-4044-872c-bfe587d6462a,Message content 530,2026-02-06T19:31:39.734431+00:00,true,f05cd032-f80c-45cf-a132-341b1fc68add,file_530.jpg,1511233,png
8067d26e-94c8-4b4f-8ab1-93053f706f51,Client 28,client.28@example.com,2025-04-29T11:11:39.733781+00:00,Company 28,82,standard,730d608c-8e10-4f7e-a51d-db0d13429f86,Operator 10,operator.10@example.com,2025-06-09T11:11:39.734388+00:00,OP-0010,tech,offline,6,9991b2a2-028b-449a-a7f7-beb0ca40ae35,closed,medium,2026-01-27T11:11:39.736207+00:00,2026-01-28T08:11:39.736207+00:00,420c8b38-9eb9-4bab-a3b3-4edb0201b71e,Message content 531,2026-01-28T09:33:39.736207+00:00,true,,,,
17543439-3080-4320-9450-fde238897d38,Client 3,client.3@example.com,2025-12-25T11:11:39.733325+00:00,Company 3,95,free,679fc6d7-3349-4897-ab8c-49f7d7afa9f5,Operator 8,operator.8@example.com,2025-07-01T11:11:39.734353+00:00,OP-0008,support,offline,3,f39345d0-d50a-4854-b445-e880ee27ea4d,open,medium,2026-02-20T11:11:39.735669+00:00,,6dcc6999-5848-4e84-bb98-fdb79430b0bc,Message content 532,2026-02-20T22:06:39.735669+00:00,true,3d966e19-2b73-4ebb-8072-f9e54c459f5f,file_532.pdf,1011607,png
58a107b7-f3f3-4c7c-9ecf-0d8e2ed82e88,Client 48,client.48@example.com,2025-03-23T11:11:39.734148+00:00,Company 48,93,free,c567ed84-590b-4b94-8e2c-2c96c62d400b,Operator 6,operator.6@example.com,2025-09-02T11:11:39.734317+00:00,OP-0006,billing,offline,2,c026311f-4168-4e91-a58c-0293e7e6ac60,open,high,2026-03-03T11:11:39.734838+00:00,,ad01e0d3-0388-42f7-9ff8-cfea84ca98c8,Message content 533,2026-03-03T18:48:39.734838+00:00,false,,,,
fd7d0456-43a1-4c22-9dfb-6a34f783ef0b,Client 22,client.22@example.com,2025-10-09T11:11:39.733674+00:00,Company 22,11,standard,7e797a74-cef7-4aac-8eec-dd396da1c475,Operator 7,operator.7@example.com,2025-11-03T11:11:39.734335+00:00,OP-0007,support,online,7,427bd460-e074-4611-8889-a950906f01a4,closed,low,2026-01-14T11:11:39.735590+00:00,2026-01-16T11:11:39.735590+00:00,93236e7f-1dfc-4417-b44d-bc2941c009c8,Message content 534,2026-01-14T13:32:39.735590+00:00,false,,,,
52fea20d-ccb0-42b4-82ec-0b205237569e,Client 35,client.35@example.com,2025-11-18T11:11:39.733896+00:00,Company 35,73,premium,8c273a5d-f06e-47e3-b4a7-da0ef6f06171,Operator 1,operator.1@example.com,2025-10-07T11:11:39.734205+00:00,OP-0001,tech,offline,5,842d941c-6fbb-4f6c-b37d-5daff267f8f1,pending,high,2026-01-07T11:11:39.737017+00:00,,7c998297-244f-4eb7-9ccb-e7fd29cb613a,Message content 535,2026-01-07T21:47:39.737017+00:00,true,,,,
4b73c797-4439-4f60-9085-0e61a6a2015d,Client 43,client.43@example.com,2026-02-10T11:11:39.734062+00:00,Company 43,15,standard,c567ed84-590b-4b94-8e2c-2c96c62d400b,Operator 6,operator.6@example.com,2025-09-02T11:11:39.734317+00:00,OP-0006,billing,offline,2,45f0a610-5ff1-49c0-870f-fc327b2ff074,closed,low,2026-02-06T11:11:39.734431+00:00,2026-02-07T16:11:39.734431+00:00,a4c81384-005c-4571-b90c-253fe155bac4,Message content 536,2026-02-06T23:46:39.734431+00:00,true,564e2ce0-50b4-460c-acc6-e7229da57274,file_536.pdf,2044942,txt
bd7acccc-242d-4c64-a3c2-ffa44b532474,Client 14,client.14@example.com,2025-08-24T11:11:39.733539+00:00,Company 14,13,premium,4e2e12c9-fb99-41b0-a60f-4eb61b5e0f33,Operator 4,operator.4@example.com,2025-08-27T11:11:39.734281+00:00,OP-0004,sales,online,6,63126192-a39d-4036-9c7f-30ecf3d3ca7d,open,medium,2026-01-23T11:11:39.735466+00:00,,56a23dfc-c43a-48d8-8209-6517d4179cb1,Message content 537,2026-01-24T07:22:39.735466+00:00,false,,,,
52fea20d-ccb0-42b4-82ec-0b205237569e,Client 35,client.35@example.com,2025-11-18T11:11:39.733896+00:00,Company 35,73,premium,8c273a5d-f06e-47e3-b4a7-da0ef6f06171,Operator 1,operator.1@example.com,2025-10-07T11:11:39.734205+00:00,OP-0001,tech,offline,5,842d941c-6fbb-4f6c-b37d-5daff267f8f1,pending,high,2026-01-07T11:11:39.737017+00:00,,8ec06568-2c38-4d4c-833a-adee123def5c,Message content 538,2026-01-07T17:51:39.737017+00:00,true,,,,
638081d3-bce7-40f6-b88c-d5b343b2e3d2,Client 1,client.1@example.com,2025-04-13T11:11:39.733210+00:00,Company 1,15,free,679fc6d7-3349-4897-ab8c-49f7d7afa9f5,Operator 8,operator.8@example.com,2025-07-01T11:11:39.734353+00:00,OP-0008,support,offline,3,7233beda-2ba0-453f-a2e4-265b04f963bf,closed,low,2026-01-26T11:11:39.735022+00:00,2026-01-26T18:11:39.735022+00:00,66ad9573-56dd-41cd-ae0d-b338584da46d,Message content 539,2026-01-26T16:19:39.735022+00:00,true,a982930a-1b9c-494f-813d-f74aee86f789,file_539.jpg,4552810,pdf
92e2cff6-5b04-44a7-b58c-4d0d1060260b,Client 16,client.16@example.com,2026-02-12T11:11:39.733572+00:00,Company 16,94,enterprise,13992f5b-13db-41f1-b7c6-e68ae67d889d,Operator 2,operator.2@example.com,2026-03-05T11:11:39.734236+00:00,OP-0002,billing,offline,6,289a2075-7af3-408a-a5e9-3e03fa0a0a3e,open,medium,2026-02-05T11:11:39.736523+00:00,,0449bb97-3715-4591-9b87-551e402e406c,Message content 540,2026-02-06T10:51:39.736523+00:00,false,,,,
0a272624-2c12-484e-8a21-5158a8d796cf,Client 49,client.49@example.com,2025-03-22T11:11:39.734164+00:00,Company 49,69,premium,4e2e12c9-fb99-41b0-a60f-4eb61b5e0f33,Operator 4,operator.4@example.com,2025-08-27T11:11:39.734281+00:00,OP-0004,sales,online,6,2339a806-fbef-4c1a-856c-5eb421dd1eaf,pending,medium,2026-01-20T11:11:39.734406+00:00,,d34021d8-02a5-4129-971a-3e6d656a1f63,Message content 541,2026-01-21T09:37:39.734406+00:00,false,,,,
88ded20b-1cd1-4dab-8c10-4f1303231c40,Client 44,client.44@example.com,2025-04-19T11:11:39.734078+00:00,Company 44,21,enterprise,75464306-96f6-47c8-9a39-382bf4baa64e,Operator 5,operator.5@example.com,2025-09-22T11:11:39.734300+00:00,OP-0005,tech,online,2,e04df53b-00cd-434d-9f93-07c4f419a3ed,pending,medium,2026-02-02T11:11:39.735240+00:00,,c7f12cc3-fd53-44c8-94bc-c85eb4ecb8e3,Message content 542,2026-02-02T14:43:39.735240+00:00,false,04280641-6e28-4425-ba33-83e745ef7b73,file_542.txt,4137437,png
5caab472-47e3-4e7f-a3a7-3c61503d63e0,Client 11,client.11@example.com,2025-03-14T11:11:39.733488+00:00,Company 11,55,premium,7e797a74-cef7-4aac-8eec-dd396da1c475,Operator 7,operator.7@example.com,2025-11-03T11:11:39.734335+00:00,OP-0007,support,online,7,1d53ad4e-5f63-40ca-b89b-9c47139a9c06,pending,medium,2026-03-06T11:11:39.734760+00:00,,c3bba127-014c-4c35-8892-10351f58685b,Message content 543,2026-03-06T20:44:39.734760+00:00,false,a79b21fa-44c2-434b-af18-8ff9d17046df,file_543.txt,3134689,txt
58a107b7-f3f3-4c7c-9ecf-0d8e2ed82e88,Client 48,client.48@example.com,2025-03-23T11:11:39.734148+00:00,Company 48,93,free,cbe4ab29-47da-4080-be68-40c8076ffd1c,Operator 9,operator.9@example.com,2025-04-03T11:11:39.734371+00:00,OP-0009,tech,offline,4,7cf2c268-9c00-4c2a-9eb7-66429dcddb95,closed,medium,2026-01-14T11:11:39.736915+00:00,2026-01-15T02:11:39.736915+00:00,0acf8413-62fe-4220-a5f3-234508defb63,Message content 544,2026-01-14T14:04:39.736915+00:00,true,,,,
92e2cff6-5b04-44a7-b58c-4d0d1060260b,Client 16,client.16@example.com,2026-02-12T11:11:39.733572+00:00,Company 16,94,enterprise,13992f5b-13db-41f1-b7c6-e68ae67d889d,Operator 2,operator.2@example.com,2026-03-05T11:11:39.734236+00:00,OP-0002,billing,offline,6,289a2075-7af3-408a-a5e9-3e03fa0a0a3e,open,medium,2026-02-05T11:11:39.736523+00:00,,c5df37bb-ccfb-4d53-ade5-abae5b0cfb6e,Message content 545,2026-02-06T00:38:39.736523+00:00,true,c04c23a9-f9c4-45b5-b13c-06e649817db3,file_545.txt,1106460,jpg
0e833b5b-bec5-417c-86d1-31d364dba72e,Client 8,client.8@example.com,2025-05-23T11:11:39.733428+00:00,Company 8,26,enterprise,13992f5b-13db-41f1-b7c6-e68ae67d889d,Operator 2,operator.2@example.com,2026-03-05T11:11:39.734236+00:00,OP-0002,billing,offline,6,1db27155-d627-49e7-a20f-1198b38053bc,closed,medium,2026-01-18T11:11:39.735177+00:00,2026-01-18T21:11:39.735177+00:00,e8858d7c-b944-49de-8086-3c610ed429f8,Message content 546,2026-01-18T20:05:39.735177+00:00,false,,,,
b3f0dc7a-8965-4fd0-8d96-015039504208,Client 12,client.12@example.com,2025-10-15T11:11:39.733506+00:00,Company 12,20,standard,7e797a74-cef7-4aac-8eec-dd396da1c475,Operator 7,operator.7@example.com,2025-11-03T11:11:39.734335+00:00,OP-0007,support,online,7,dfce2714-fa1a-41d7-b618-286f4371ece9,open,high,2026-03-05T11:11:39.735561+00:00,,7f45eb4b-be41-499e-a019-9b3a2f32ea86,Message content 547,2026-03-06T11:06:39.735561+00:00,true,,,,
88ded20b-1cd1-4dab-8c10-4f1303231c40,Client 44,client.44@example.com,2025-04-19T11:11:39.734078+00:00,Company 44,21,enterprise,cbe4ab29-47da-4080-be68-40c8076ffd1c,Operator 9,operator.9@example.com,2025-04-03T11:11:39.734371+00:00,OP-0009,tech,offline,4,e8f1ede2-a205-4159-ba19-f13d7f0edab4,open,low,2026-02-13T11:11:39.735787+00:00,,9c6a0689-b555-440a-870d-516f02d97000,Message content 548,2026-02-13T20:27:39.735787+00:00,false,f003a10b-4dbf-475d-a141-da8536732b69,file_548.jpg,4914886,png
936d1ff9-8a2a-4433-b0f1-c232d8d82a6f,Client 30,client.30@example.com,2025-12-13T11:11:39.733814+00:00,Company 30,60,enterprise,75464306-96f6-47c8-9a39-382bf4baa64e,Operator 5,operator.5@example.com,2025-09-22T11:11:39.734300+00:00,OP-0005,tech,online,2,c828780d-2abf-400f-80fe-2bf0a239428f,closed,high,2026-02-07T11:11:39.734776+00:00,2026-02-09T10:11:39.734776+00:00,12811c5d-79a7-48e6-9453-74a00da8b67d,Message content 549,2026-02-07T14:47:39.734776+00:00,true,c3fb184c-d8ec-4ac5-844a-de2c2234439b,file_549.txt,1022813,pdf
5caab472-47e3-4e7f-a3a7-3c61503d63e0,Client 11,client.11@example.com,2025-03-14T11:11:39.733488+00:00,Company 11,55,premium,679fc6d7-3349-4897-ab8c-49f7d7afa9f5,Operator 8,operator.8@example.com,2025-07-01T11:11:39.734353+00:00,OP-0008,support,offline,3,7605b37a-73eb-4a6c-baf4-bad0fc70b5ca,open,high,2026-01-07T11:11:39.737002+00:00,,0c5e2d85-ca51-4a55-a3d2-d071c510f3c8,Message content 550,2026-01-07T18:16:39.737002+00:00,true,,,,
8f275979-555b-4725-9ef2-d59d15bef42c,Client 42,client.42@example.com,2025-06-19T11:11:39.734045+00:00,Company 42,64,free,cbe4ab29-47da-4080-be68-40c8076ffd1c,Operator 9,operator.9@example.com,2025-04-03T11:11:39.734371+00:00,OP-0009,tech,offline,4,8ee293dd-db19-4239-b929-ff2a807163a4,open,low,2026-01-12T11:11:39.734713+00:00,,63763cb8-c677-47ee-babf-c010190b3d4a,Message content 551,2026-01-12T14:16:39.734713+00:00,true,fc2efe39-89b8-421f-a2b6-b225df6037c3,file_551.png,1813725,pdf
5caab472-47e3-4e7f-a3a7-3c61503d63e0,Client 11,client.11@example.com,2025-03-14T11:11:39.733488+00:00,Company 11,55,premium,7e797a74-cef7-4aac-8eec-dd396da1c475,Operator 7,operator.7@example.com,2025-11-03T11:11:39.734335+00:00,OP-0007,support,online,7,1d53ad4e-5f63-40ca-b89b-9c47139a9c06,pending,medium,2026-03-06T11:11:39.734760+00:00,,e277d60e-d94b-4bbb-a852-4fd6fbda0866,Message content 552,2026-03-06T14:17:39.734760+00:00,false,,,,
b3f0dc7a-8965-4fd0-8d96-015039504208,Client 12,client.12@example.com,2025-10-15T11:11:39.733506+00:00,Company 12,20,standard,7e797a74-cef7-4aac-8eec-dd396da1c475,Operator 7,operator.7@example.com,2025-11-03T11:11:39.734335+00:00,OP-0007,support,online,7,dfce2714-fa1a-41d7-b618-286f4371ece9,open,high,2026-03-05T11:11:39.735561+00:00,,321cd56f-86a5-49c5-9399-32022014fd70,Message content 553,2026-03-06T04:42:39.735561+00:00,true,8766f4f1-0e28-445d-8c24-4618105685ec,file_553.jpg,270735,txt
88ded20b-1cd1-4dab-8c10-4f1303231c40,Client 44,client.44@example.com,2025-04-19T11:11:39.734078+00:00,Company 44,21,enterprise,cbe4ab29-47da-4080-be68-40c8076ffd1c,Operator 9,operator.9@example.com,2025-04-03T11:11:39.734371+00:00,OP-0009,tech,offline,4,e8f1ede2-a205-4159-ba19-f13d7f0edab4,open,low,2026-02-13T11:11:39.735787+00:00,,8fef8032-802d-438c-9434-db74da72a3f5,Message content 554,2026-02-14T06:09:39.735787+00:00,true,,,,
b2828c67-89ca-465b-8618-860cc4f09764,Client 7,client.7@example.com,2025-11-07T11:11:39.733410+00:00,Company 7,65,free,730d608c-8e10-4f7e-a51d-db0d13429f86,Operator 10,operator.10@example.com,2025-06-09T11:11:39.734388+00:00,OP-0010,tech,offline,6,f4a1d0b4-40f2-4537-a6fc-81aa1f37afda,pending,high,2026-02-07T11:11:39.735839+00:00,,173a53d5-937d-406d-b861-63100a9552dc,Message content 555,2026-02-07T14:39:39.735839+00:00,true,,,,
4b73c797-4439-4f60-9085-0e61a6a2015d,Client 43,client.43@example.com,2026-02-10T11:11:39.734062+00:00,Company 43,15,standard,c567ed84-590b-4b94-8e2c-2c96c62d400b,Operator 6,operator.6@example.com,2025-09-02T11:11:39.734317+00:00,OP-0006,billing,offline,2,45f0a610-5ff1-49c0-870f-fc327b2ff074,closed,low,2026-02-06T11:11:39.734431+00:00,2026-02-07T16:11:39.734431+00:00,140d8331-e309-44ab-baac-a6a47fd7087e,Message content 556,2026-02-06T13:17:39.734431+00:00,false,,,,
0a272624-2c12-484e-8a21-5158a8d796cf,Client 49,client.49@example.com,2025-03-22T11:11:39.734164+00:00,Company 49,69,premium,4e2e12c9-fb99-41b0-a60f-4eb61b5e0f33,Operator 4,operator.4@example.com,2025-08-27T11:11:39.734281+00:00,OP-0004,sales,online,6,90bec7ed-7dea-4078-8ca0-3357d9b2fd4f,pending,medium,2026-02-24T11:11:39.734729+00:00,,6d487442-9b6c-4a5d-8c02-56ed37d42f9c,Message content 557,2026-02-24T17:56:39.734729+00:00,true,,,,
b3f0dc7a-8965-4fd0-8d96-015039504208,Client 12,client.12@example.com,2025-10-15T11:11:39.733506+00:00,Company 12,20,standard,cbe4ab29-47da-4080-be68-40c8076ffd1c,Operator 9,operator.9@example.com,2025-04-03T11:11:39.734371+00:00,OP-0009,tech,offline,4,aed4d1de-b5f5-4286-b511-d7b2d09117c4,open,high,2026-02-05T11:11:39.736498+00:00,,b0ce0dc6-c2ee-4266-963c-5f494759d6fc,Message content 558,2026-02-06T09:11:39.736498+00:00,true,3fb1731f-2bda-4f20-b4fa-eee9d022ca1d,file_558.png,192873,png
a5ba550d-ddaa-4ddc-a65a-88442d3adc93,Client 39,client.39@example.com,2025-10-31T11:11:39.733985+00:00,Company 39,96,premium,13992f5b-13db-41f1-b7c6-e68ae67d889d,Operator 2,operator.2@example.com,2026-03-05T11:11:39.734236+00:00,OP-0002,billing,offline,6,fda6239e-2bea-4a68-a8d8-191b3f83214a,open,medium,2026-01-22T11:11:39.734895+00:00,,d4b477f4-9061-4150-86cc-2114aa2b6ec9,Message content 559,2026-01-23T09:13:39.734895+00:00,true,,,,
4cfd3965-0c74-47ca-8d1c-551fb947514c,Client 17,client.17@example.com,2025-06-05T11:11:39.733590+00:00,Company 17,16,enterprise,775f6de4-bf12-43dc-b8ee-eff74e7fca85,Operator 3,operator.3@example.com,2026-01-11T11:11:39.734260+00:00,OP-0003,billing,offline,3,e105a3dd-db0d-43ec-9ae1-7c3972d99e03,pending,high,2026-01-18T11:11:39.735321+00:00,,d0a83172-2136-4e20-a78d-417c94bc762e,Message content 560,2026-01-18T15:21:39.735321+00:00,true,90a6cab1-7d1c-414f-ac8f-53e1aea75ec3,file_560.jpg,4824089,txt
0fc60bab-9ce8-47f8-97e1-485d6ad75f21,Client 50,client.50@example.com,2025-04-12T11:11:39.734180+00:00,Company 50,44,free,730d608c-8e10-4f7e-a51d-db0d13429f86,Operator 10,operator.10@example.com,2025-06-09T11:11:39.734388+00:00,OP-0010,tech,offline,6,a1d9ce4c-b94a-4d7e-a3ad-cabe2877533a,open,high,2026-01-21T11:11:39.736825+00:00,,9ad5e160-ece1-4576-aa5f-5f46c78551fb,Message content 561,2026-01-22T00:39:39.736825+00:00,true,,,,
d826c7a0-bfe6-427f-8452-02427e211d02,Client 23,client.23@example.com,2026-01-14T11:11:39.733691+00:00,Company 23,49,premium,75464306-96f6-47c8-9a39-382bf4baa64e,Operator 5,operator.5@example.com,2025-09-22T11:11:39.734300+00:00,OP-0005,tech,online,2,fde21d8d-9ed4-4f68-a411-ea075e09230a,open,low,2026-01-13T11:11:39.735698+00:00,,fe667ae1-862e-49c4-9a97-e24ec8eaa20c,Message content 562,2026-01-13T17:04:39.735698+00:00,false,,,,
55ffb774-9524-46af-919c-2ad12b14fd74,Client 40,client.40@example.com,2025-05-11T11:11:39.734007+00:00,Company 40,55,enterprise,cbe4ab29-47da-4080-be68-40c8076ffd1c,Operator 9,operator.9@example.com,2025-04-03T11:11:39.734371+00:00,OP-0009,tech,offline,4,fed40572-ad2b-471c-9c8c-58da2fb945f1,closed,medium,2026-03-06T11:11:39.735121+00:00,2026-03-07T23:11:39.735121+00:00,b83b81af-128e-432c-8dc0-6697dc289817,Message content 563,2026-03-06T20:44:39.735121+00:00,true,,,,
3502abd7-7e93-4dc8-a792-1ae86c10f336,Client 26,client.26@example.com,2025-11-19T11:11:39.733748+00:00,Company 26,86,premium,4e2e12c9-fb99-41b0-a60f-4eb61b5e0f33,Operator 4,operator.4@example.com,2025-08-27T11:11:39.734281+00:00,OP-0004,sales,online,6,988fee83-e9f2-4c1c-ad1b-f19e07ec158a,closed,low,2026-02-25T11:11:39.736433+00:00,2026-02-27T08:11:39.736433+00:00,f03f93b0-798f-47a3-9533-95780f7b2462,Message content 564,2026-02-26T08:19:39.736433+00:00,true,,,,
58a107b7-f3f3-4c7c-9ecf-0d8e2ed82e88,Client 48,client.48@example.com,2025-03-23T11:11:39.734148+00:00,Company 48,93,free,4e2e12c9-fb99-41b0-a60f-4eb61b5e0f33,Operator 4,operator.4@example.com,2025-08-27T11:11:39.734281+00:00,OP-0004,sales,online,6,c12b2b8f-6bf0-4659-97c9-5b2ca3b9a26d,pending,low,2026-02-11T11:11:39.735986+00:00,,6aacfbf3-7d99-4eea-b795-bfe5646cee22,Message content 565,2026-02-12T01:14:39.735986+00:00,true,,,,
5faa6da9-33a3-408c-a571-b6625b43948e,Client 4,client.4@example.com,2025-03-25T11:11:39.733349+00:00,Company 4,95,free,7e797a74-cef7-4aac-8eec-dd396da1c475,Operator 7,operator.7@example.com,2025-11-03T11:11:39.734335+00:00,OP-0007,support,online,7,19c95279-ff17-42d6-9e10-1fbcf226f9eb,pending,low,2026-01-19T11:11:39.734634+00:00,,84a272f2-1915-438f-8c1a-9359030cc4e5,Message content 566,2026-01-19T20:43:39.734634+00:00,true,,,,
4b73c797-4439-4f60-9085-0e61a6a2015d,Client 43,client.43@example.com,2026-02-10T11:11:39.734062+00:00,Company 43,15,standard,cbe4ab29-47da-4080-be68-40c8076ffd1c,Operator 9,operator.9@example.com,2025-04-03T11:11:39.734371+00:00,OP-0009,tech,offline,4,5d6289fa-a027-4260-bd93-8fb6fe369545,closed,medium,2026-01-30T11:11:39.736552+00:00,2026-01-31T08:11:39.736552+00:00,d7587816-c165-4a81-9da0-c1f684d17ba8,Message content 567,2026-01-31T05:07:39.736552+00:00,false,1dc39c7a-6a23-41d2-afa6-cedaac1a0b26,file_567.png,3218626,pdf
0777c6d2-2b2c-4b94-86df-1d6f74cb3528,Client 37,client.37@example.com,2025-08-16T11:11:39.733928+00:00,Company 37,83,enterprise,4e2e12c9-fb99-41b0-a60f-4eb61b5e0f33,Operator 4,operator.4@example.com,2025-08-27T11:11:39.734281+00:00,OP-0004,sales,online,6,c3a8d2ec-3958-4b7e-b0b6-3fd8ddc0c3f3,open,high,2026-02-18T11:11:39.735900+00:00,,93d096b2-948f-4cb1-a55b-571de3634951,Message content 568,2026-02-19T05:46:39.735900+00:00,true,,,,
ecc24a2d-ea47-4b7a-a258-09210ce529f1,Client 31,client.31@example.com,2025-10-19T11:11:39.733830+00:00,Company 31,82,standard,775f6de4-bf12-43dc-b8ee-eff74e7fca85,Operator 3,operator.3@example.com,2026-01-11T11:11:39.734260+00:00,OP-0003,billing,offline,3,4cded7cb-9a4f-40f9-9b30-6a0b517e3880,open,medium,2026-01-23T11:11:39.736274+00:00,,42abd429-a809-474d-94d8-269458d8056a,Message content 569,2026-01-24T04:19:39.736274+00:00,true,,,,
f3a41c1c-78ab-41a3-afce-0fdd1b2b2d69,Client 38,client.38@example.com,2025-12-23T11:11:39.733948+00:00,Company 38,34,standard,cbe4ab29-47da-4080-be68-40c8076ffd1c,Operator 9,operator.9@example.com,2025-04-03T11:11:39.734371+00:00,OP-0009,tech,offline,4,a32d2ff4-0427-4efc-a9fc-73293b84612d,closed,low,2026-02-20T11:11:39.734478+00:00,2026-02-21T02:11:39.734478+00:00,3232b3b3-15a9-41e1-8562-bfc97a99cb6f,Message content 570,2026-02-20T22:04:39.734478+00:00,true,,,,
52fea20d-ccb0-42b4-82ec-0b205237569e,Client 35,client.35@example.com,2025-11-18T11:11:39.733896+00:00,Company 35,73,premium,8c273a5d-f06e-47e3-b4a7-da0ef6f06171,Operator 1,operator.1@example.com,2025-10-07T11:11:39.734205+00:00,OP-0001,tech,offline,5,842d941c-6fbb-4f6c-b37d-5daff267f8f1,pending,high,2026-01-07T11:11:39.737017+00:00,,e60f0aa3-1fc1-466f-b71b-e3c00296cc56,Message content 571,2026-01-07T20:46:39.737017+00:00,false,2be7d9bf-a595-473f-b25f-119db0e5ce2c,file_571.pdf,4908854,jpg
4b73c797-4439-4f60-9085-0e61a6a2015d,Client 43,client.43@example.com,2026-02-10T11:11:39.734062+00:00,Company 43,15,standard,679fc6d7-3349-4897-ab8c-49f7d7afa9f5,Operator 8,operator.8@example.com,2025-07-01T11:11:39.734353+00:00,OP-0008,support,offline,3,9a1c5eb4-2754-49c1-9cff-731f8259ebe8,open,medium,2026-02-25T11:11:39.734799+00:00,,d719b822-d9c2-45cd-bf74-cf0b139e4d79,Message content 572,2026-02-25T14:36:39.734799+00:00,true,8987a53f-d52a-4321-bfc4-fa2fa9ddc007,file_572.png,1850557,txt
f3a41c1c-78ab-41a3-afce-0fdd1b2b2d69,Client 38,client.38@example.com,2025-12-23T11:11:39.733948+00:00,Company 38,34,standard,cbe4ab29-47da-4080-be68-40c8076ffd1c,Operator 9,operator.9@example.com,2025-04-03T11:11:39.734371+00:00,OP-0009,tech,offline,4,489e454f-bc30-4f2f-857d-d74c171f21e6,pending,low,2026-02-25T11:11:39.735407+00:00,,3da62495-06c9-427e-870a-b3c30deb3f4d,Message content 573,2026-02-25T17:06:39.735407+00:00,true,d38ff567-73d2-4743-bade-4431db8e8a67,file_573.pdf,4972385,png
c288e606-78c0-4a54-9184-54b69e7b45e4,Client 27,client.27@example.com,2025-03-12T11:11:39.733764+00:00,Company 27,88,free,7e797a74-cef7-4aac-8eec-dd396da1c475,Operator 7,operator.7@example.com,2025-11-03T11:11:39.734335+00:00,OP-0007,support,online,7,53a3ddae-2387-487f-871a-cf564d5a3c0c,closed,medium,2026-02-13T11:11:39.736768+00:00,2026-02-14T17:11:39.736768+00:00,5a5fc2cb-05ec-4ab0-ae8e-52d4baaf0590,Message content 574,2026-02-14T11:05:39.736768+00:00,true,,,,
5caab472-47e3-4e7f-a3a7-3c61503d63e0,Client 11,client.11@example.com,2025-03-14T11:11:39.733488+00:00,Company 11,55,premium,7e797a74-cef7-4aac-8eec-dd396da1c475,Operator 7,operator.7@example.com,2025-11-03T11:11:39.734335+00:00,OP-0007,support,online,7,1d53ad4e-5f63-40ca-b89b-9c47139a9c06,pending,medium,2026-03-06T11:11:39.734760+00:00,,dfbca303-d285-4252-ae1f-2998ad2fe90c,Message content 575,2026-03-07T06:24:39.734760+00:00,false,,,,
58a107b7-f3f3-4c7c-9ecf-0d8e2ed82e88,Client 48,client.48@example.com,2025-03-23T11:11:39.734148+00:00,Company 48,93,free,4e2e12c9-fb99-41b0-a60f-4eb61b5e0f33,Operator 4,operator.4@example.com,2025-08-27T11:11:39.734281+00:00,OP-0004,sales,online,6,c12b2b8f-6bf0-4659-97c9-5b2ca3b9a26d,pending,low,2026-02-11T11:11:39.735986+00:00,,cf391745-bfab-410b-a88b-ba1afb7ac0da,Message content 576,2026-02-12T05:41:39.735986+00:00,true,,,,
5faa6da9-33a3-408c-a571-b6625b43948e,Client 4,client.4@example.com,2025-03-25T11:11:39.733349+00:00,Company 4,95,free,7e797a74-cef7-4aac-8eec-dd396da1c475,Operator 7,operator.7@example.com,2025-11-03T11:11:39.734335+00:00,OP-0007,support,online,7,19c95279-ff17-42d6-9e10-1fbcf226f9eb,pending,low,2026-01-19T11:11:39.734634+00:00,,afbc8a1b-338d-48e3-9e5f-cf079d211f47,Message content 577,2026-01-19T13:06:39.734634+00:00,true,e479fa16-b104-4676-8249-fa5b3ae81e3a,file_577.txt,15733,pdf
3502abd7-7e93-4dc8-a792-1ae86c10f336,Client 26,client.26@example.com,2025-11-19T11:11:39.733748+00:00,Company 26,86,premium,4e2e12c9-fb99-41b0-a60f-4eb61b5e0f33,Operator 4,operator.4@example.com,2025-08-27T11:11:39.734281+00:00,OP-0004,sales,online,6,988fee83-e9f2-4c1c-ad1b-f19e07ec158a,closed,low,2026-02-25T11:11:39.736433+00:00,2026-02-27T08:11:39.736433+00:00,d0609c39-4782-48b6-ac58-a83fe47ed3ff,Message content 578,2026-02-25T18:03:39.736433+00:00,true,,,,
58a107b7-f3f3-4c7c-9ecf-0d8e2ed82e88,Client 48,client.48@example.com,2025-03-23T11:11:39.734148+00:00,Company 48,93,free,c567ed84-590b-4b94-8e2c-2c96c62d400b,Operator 6,operator.6@example.com,2025-09-02T11:11:39.734317+00:00,OP-0006,billing,offline,2,c026311f-4168-4e91-a58c-0293e7e6ac60,open,high,2026-03-03T11:11:39.734838+00:00,,6b50abcd-6ed7-45e9-b315-2eb378f002e7,Message content 579,2026-03-03T22:13:39.734838+00:00,true,03cb9876-ed18-439d-a7c7-09b93e6765a4,file_579.jpg,940469,pdf
8067d26e-94c8-4b4f-8ab1-93053f706f51,Client 28,client.28@example.com,2025-04-29T11:11:39.733781+00:00,Company 28,82,standard,c567ed84-590b-4b94-8e2c-2c96c62d400b,Operator 6,operator.6@example.com,2025-09-02T11:11:39.734317+00:00,OP-0006,billing,offline,2,69e2f568-b6db-450d-82e0-2d0116a9da57,pending,medium,2026-02-07T11:11:39.734596+00:00,,9a3575e7-38db-42dd-83fd-1af689a26a31,Message content 580,2026-02-07T23:56:39.734596+00:00,true,,,,
be8e0951-42af-4432-9cc6-c69623522d28,Client 2,client.2@example.com,2025-10-17T11:11:39.733288+00:00,Company 2,32,standard,8c273a5d-f06e-47e3-b4a7-da0ef6f06171,Operator 1,operator.1@example.com,2025-10-07T11:11:39.734205+00:00,OP-0001,tech,offline,5,af0b6df4-46b0-430d-b0b1-5e35341dfd9f,pending,high,2026-02-19T11:11:39.736350+00:00,,67689b45-d0c1-4b26-a9f6-010fc207b9c9,Message content 581,2026-02-19T14:37:39.736350+00:00,true,,,,
4b73c797-4439-4f60-9085-0e61a6a2015d,Client 43,client.43@example.com,2026-02-10T11:11:39.734062+00:00,Company 43,15,standard,679fc6d7-3349-4897-ab8c-49f7d7afa9f5,Operator 8,operator.8@example.com,2025-07-01T11:11:39.734353+00:00,OP-0008,support,offline,3,9a1c5eb4-2754-49c1-9cff-731f8259ebe8,open,medium,2026-02-25T11:11:39.734799+00:00,,ca4e737b-0d06-4591-81c1-da20cda18ca5,Message content 582,2026-02-26T02:05:39.734799+00:00,false,,,,
55ffb774-9524-46af-919c-2ad12b14fd74,Client 40,client.40@example.com,2025-05-11T11:11:39.734007+00:00,Company 40,55,enterprise,cbe4ab29-47da-4080-be68-40c8076ffd1c,Operator 9,operator.9@example.com,2025-04-03T11:11:39.734371+00:00,OP-0009,tech,offline,4,4c5a93b7-c798-45f1-88f1-160a45fd49c2,closed,low,2026-02-07T11:11:39.736583+00:00,2026-02-08T16:11:39.736583+00:00,5e0c10db-a0f4-4b45-8302-9ddedb362477,Message content 583,2026-02-07T22:00:39.736583+00:00,false,38a66658-85c2-4b1c-afb2-f06636b77c4e,file_583.pdf,1882649,jpg
0fc60bab-9ce8-47f8-97e1-485d6ad75f21,Client 50,client.50@example.com,2025-04-12T11:11:39.734180+00:00,Company 50,44,free,cbe4ab29-47da-4080-be68-40c8076ffd1c,Operator 9,operator.9@example.com,2025-04-03T11:11:39.734371+00:00,OP-0009,tech,offline,4,ede5b473-da51-4b24-afbd-20136c7a3499,pending,high,2026-01-09T11:11:39.735496+00:00,,cc1eb1e9-e7f7-4a0c-8fdc-91071aae3697,Message content 584,2026-01-09T21:39:39.735496+00:00,true,,,,
58a107b7-f3f3-4c7c-9ecf-0d8e2ed82e88,Client 48,client.48@example.com,2025-03-23T11:11:39.734148+00:00,Company 48,93,free,c567ed84-590b-4b94-8e2c-2c96c62d400b,Operator 6,operator.6@example.com,2025-09-02T11:11:39.734317+00:00,OP-0006,billing,offline,2,c026311f-4168-4e91-a58c-0293e7e6ac60,open,high,2026-03-03T11:11:39.734838+00:00,,f72f5f3f-45bb-47c4-ae72-535ce1ac0f5e,Message content 585,2026-03-03T11:14:39.734838+00:00,false,,,,
b3f0dc7a-8965-4fd0-8d96-015039504208,Client 12,client.12@example.com,2025-10-15T11:11:39.733506+00:00,Company 12,20,standard,7e797a74-cef7-4aac-8eec-dd396da1c475,Operator 7,operator.7@example.com,2025-11-03T11:11:39.734335+00:00,OP-0007,support,online,7,dfce2714-fa1a-41d7-b618-286f4371ece9,open,high,2026-03-05T11:11:39.735561+00:00,,7d79760b-8fc2-4234-948e-5aa30cf418e1,Message content 586,2026-03-06T06:33:39.735561+00:00,true,dcc912b1-8ef4-4c55-8eb6-b4e24294626d,file_586.jpg,4754179,png
58a107b7-f3f3-4c7c-9ecf-0d8e2ed82e88,Client 48,client.48@example.com,2025-03-23T11:11:39.734148+00:00,Company 48,93,free,4e2e12c9-fb99-41b0-a60f-4eb61b5e0f33,Operator 4,operator.4@example.com,2025-08-27T11:11:39.734281+00:00,OP-0004,sales,online,6,c12b2b8f-6bf0-4659-97c9-5b2ca3b9a26d,pending,low,2026-02-11T11:11:39.735986+00:00,,2e87198b-163b-4c8c-b139-d77d16fd728a,Message content 587,2026-02-11T15:59:39.735986+00:00,true,,,,
8bf6c5de-eb19-4f4f-9cb7-7e28340b53e6,Client 5,client.5@example.com,2025-05-08T11:11:39.733371+00:00,Company 5,55,free,775f6de4-bf12-43dc-b8ee-eff74e7fca85,Operator 3,operator.3@example.com,2026-01-11T11:11:39.734260+00:00,OP-0003,billing,offline,3,afebdb6f-af18-4a5b-90f2-8de8f46b5271,open,medium,2026-01-31T11:11:39.735379+00:00,,9bea460f-e609-4cd9-9599-8a7ea87bf05a,Message content 588,2026-01-31T22:05:39.735379+00:00,false,6ba5f4e1-7b0e-4398-9242-1bdea93b8fad,file_588.png,2826470,txt
4b73c797-4439-4f60-9085-0e61a6a2015d,Client 43,client.43@example.com,2026-02-10T11:11:39.734062+00:00,Company 43,15,standard,c567ed84-590b-4b94-8e2c-2c96c62d400b,Operator 6,operator.6@example.com,2025-09-02T11:11:39.734317+00:00,OP-0006,billing,offline,2,45f0a610-5ff1-49c0-870f-fc327b2ff074,closed,low,2026-02-06T11:11:39.734431+00:00,2026-02-07T16:11:39.734431+00:00,df0da19d-9ed2-4c6d-9661-3c39a9376c47,Message content 589,2026-02-06T20:14:39.734431+00:00,true,f3c6b957-f787-4c2e-b387-867f84f942db,file_589.pdf,2163002,png
0fc60bab-9ce8-47f8-97e1-485d6ad75f21,Client 50,client.50@example.com,2025-04-12T11:11:39.734180+00:00,Company 50,44,free,730d608c-8e10-4f7e-a51d-db0d13429f86,Operator 10,operator.10@example.com,2025-06-09T11:11:39.734388+00:00,OP-0010,tech,offline,6,a1d9ce4c-b94a-4d7e-a3ad-cabe2877533a,open,high,2026-01-21T11:11:39.736825+00:00,,b5f52ab2-5f3e-43a5-a30a-23a1f3d29f28,Message content 590,2026-01-21T11:13:39.736825+00:00,true,023da13b-d742-4190-9ea2-8c796aaaf9d3,file_590.txt,1405347,txt
58a107b7-f3f3-4c7c-9ecf-0d8e2ed82e88,Client 48,client.48@example.com,2025-03-23T11:11:39.734148+00:00,Company 48,93,free,4e2e12c9-fb99-41b0-a60f-4eb61b5e0f33,Operator 4,operator.4@example.com,2025-08-27T11:11:39.734281+00:00,OP-0004,sales,online,6,c12b2b8f-6bf0-4659-97c9-5b2ca3b9a26d,pending,low,2026-02-11T11:11:39.735986+00:00,,b48bdc89-9af8-4808-8b17-8938b11f193d,Message content 591,2026-02-12T00:06:39.735986+00:00,true,,,,
0777c6d2-2b2c-4b94-86df-1d6f74cb3528,Client 37,client.37@example.com,2025-08-16T11:11:39.733928+00:00,Company 37,83,enterprise,4e2e12c9-fb99-41b0-a60f-4eb61b5e0f33,Operator 4,operator.4@example.com,2025-08-27T11:11:39.734281+00:00,OP-0004,sales,online,6,c3a8d2ec-3958-4b7e-b0b6-3fd8ddc0c3f3,open,high,2026-02-18T11:11:39.735900+00:00,,079643ec-68cf-471a-9c61-8881f2049494,Message content 592,2026-02-19T06:54:39.735900+00:00,true,,,,
4b73c797-4439-4f60-9085-0e61a6a2015d,Client 43,client.43@example.com,2026-02-10T11:11:39.734062+00:00,Company 43,15,standard,679fc6d7-3349-4897-ab8c-49f7d7afa9f5,Operator 8,operator.8@example.com,2025-07-01T11:11:39.734353+00:00,OP-0008,support,offline,3,9a1c5eb4-2754-49c1-9cff-731f8259ebe8,open,medium,2026-02-25T11:11:39.734799+00:00,,33e26f86-0d88-4c0a-b174-8ab651f13ae0,Message content 593,2026-02-26T02:35:39.734799+00:00,false,ef14e2a1-4e06-436a-974a-493eefe46924,file_593.pdf,178426,pdf
d826c7a0-bfe6-427f-8452-02427e211d02,Client 23,client.23@example.com,2026-01-14T11:11:39.733691+00:00,Company 23,49,premium,13992f5b-13db-41f1-b7c6-e68ae67d889d,Operator 2,operator.2@example.com,2026-03-05T11:11:39.734236+00:00,OP-0002,billing,offline,6,1542e91f-4330-4699-b7ee-8306c765a188,open,medium,2026-01-09T11:11:39.735060+00:00,,2bb288b6-efa9-4926-88d0-3c0ecb601a88,Message content 594,2026-01-09T14:45:39.735060+00:00,true,1ea5e0d4-eef5-4dd6-8828-391f1510031f,file_594.txt,1359764,png
8067d26e-94c8-4b4f-8ab1-93053f706f51,Client 28,client.28@example.com,2025-04-29T11:11:39.733781+00:00,Company 28,82,standard,730d608c-8e10-4f7e-a51d-db0d13429f86,Operator 10,operator.10@example.com,2025-06-09T11:11:39.734388+00:00,OP-0010,tech,offline,6,9991b2a2-028b-449a-a7f7-beb0ca40ae35,closed,medium,2026-01-27T11:11:39.736207+00:00,2026-01-28T08:11:39.736207+00:00,b09d95f2-366b-4500-bac0-98989a61c7bf,Message content 595,2026-01-27T14:21:39.736207+00:00,false,,,,
0777c6d2-2b2c-4b94-86df-1d6f74cb3528,Client 37,client.37@example.com,2025-08-16T11:11:39.733928+00:00,Company 37,83,enterprise,4e2e12c9-fb99-41b0-a60f-4eb61b5e0f33,Operator 4,operator.4@example.com,2025-08-27T11:11:39.734281+00:00,OP-0004,sales,online,6,c3a8d2ec-3958-4b7e-b0b6-3fd8ddc0c3f3,open,high,2026-02-18T11:11:39.735900+00:00,,e3a00ad7-1abc-4912-99a9-4338af2c2974,Message content 596,2026-02-18T12:14:39.735900+00:00,true,,,,
0777c6d2-2b2c-4b94-86df-1d6f74cb3528,Client 37,client.37@example.com,2025-08-16T11:11:39.733928+00:00,Company 37,83,enterprise,4e2e12c9-fb99-41b0-a60f-4eb61b5e0f33,Operator 4,operator.4@example.com,2025-08-27T11:11:39.734281+00:00,OP-0004,sales,online,6,28557798-e9e8-4d9b-9a22-af77b48aee99,closed,medium,2026-01-20T11:11:39.736402+00:00,2026-01-21T12:11:39.736402+00:00,30601207-99b9-4df1-8a2f-8063d4a40c2b,Message content 597,2026-01-21T02:00:39.736402+00:00,true,fb95cda1-c743-4062-a469-83099da4670f,file_597.jpg,1603703,txt
86ed07ac-9eb8-4057-ae3c-96c475cf5c56,Client 25,client.25@example.com,2025-12-13T11:11:39.733726+00:00,Company 25,48,premium,775f6de4-bf12-43dc-b8ee-eff74e7fca85,Operator 3,operator.3@example.com,2026-01-11T11:11:39.734260+00:00,OP-0003,billing,offline,3,4094ee53-4cff-4849-aab1-6f93a0864a4d,open,low,2026-01-20T11:11:39.736743+00:00,,fda8de1c-587f-43f4-9699-fc8310b0d516,Message content 598,2026-01-21T06:05:39.736743+00:00,false,,,,
d826c7a0-bfe6-427f-8452-02427e211d02,Client 23,client.23@example.com,2026-01-14T11:11:39.733691+00:00,Company 23,49,premium,13992f5b-13db-41f1-b7c6-e68ae67d889d,Operator 2,operator.2@example.com,2026-03-05T11:11:39.734236+00:00,OP-0002,billing,offline,6,1542e91f-4330-4699-b7ee-8306c765a188,open,medium,2026-01-09T11:11:39.735060+00:00,,e2675ce1-f79a-4d57-8163-3e4af646e1c7,Message content 599,2026-01-10T09:43:39.735060+00:00,true,d5cb359e-f134-4093-840c-31f0777c3962,file_599.png,3305902,txt
936d1ff9-8a2a-4433-b0f1-c232d8d82a6f,Client 30,client.30@example.com,2025-12-13T11:11:39.733814+00:00,Company 30,60,enterprise,75464306-96f6-47c8-9a39-382bf4baa64e,Operator 5,operator.5@example.com,2025-09-22T11:11:39.734300+00:00,OP-0005,tech,online,2,c828780d-2abf-400f-80fe-2bf0a239428f,closed,high,2026-02-07T11:11:39.734776+00:00,2026-02-09T10:11:39.734776+00:00,679331cf-a6fc-49e0-9a79-417f8438dddc,Message content 600,2026-02-07T13:02:39.734776+00:00,true,,,,
0e833b5b-bec5-417c-86d1-31d364dba72e,Client 8,client.8@example.com,2025-05-23T11:11:39.733428+00:00,Company 8,26,enterprise,13992f5b-13db-41f1-b7c6-e68ae67d889d,Operator 2,operator.2@example.com,2026-03-05T11:11:39.734236+00:00,OP-0002,billing,offline,6,1db27155-d627-49e7-a20f-1198b38053bc,closed,medium,2026-01-18T11:11:39.735177+00:00,2026-01-18T21:11:39.735177+00:00,75424cff-21ad-4ff5-904e-b832c4d60b61,Message content 601,2026-01-19T09:46:39.735177+00:00,true,,,,
92e2cff6-5b04-44a7-b58c-4d0d1060260b,Client 16,client.16@example.com,2026-02-12T11:11:39.733572+00:00,Company 16,94,enterprise,4e2e12c9-fb99-41b0-a60f-4eb61b5e0f33,Operator 4,operator.4@example.com,2025-08-27T11:11:39.734281+00:00,OP-0004,sales,online,6,a1e90e84-590c-4f42-bfde-ec1ffba6455f,closed,low,2026-02-22T11:11:39.734650+00:00,2026-02-23T16:11:39.734650+00:00,5aa5fe6b-ea76-4773-b8c6-385f62b37cb8,Message content 602,2026-02-22T12:03:39.734650+00:00,true,146aaf83-07e0-4e86-bd73-7783778a47a5,file_602.png,3982598,png
88ded20b-1cd1-4dab-8c10-4f1303231c40,Client 44,client.44@example.com,2025-04-19T11:11:39.734078+00:00,Company 44,21,enterprise,75464306-96f6-47c8-9a39-382bf4baa64e,Operator 5,operator.5@example.com,2025-09-22T11:11:39.734300+00:00,OP-0005,tech,online,2,e04df53b-00cd-434d-9f93-07c4f419a3ed,pending,medium,2026-02-02T11:11:39.735240+00:00,,877791ab-a87b-4b0f-8c0c-1f8e0c69c716,Message content 603,2026-02-03T00:45:39.735240+00:00,false,,,,
d826c7a0-bfe6-427f-8452-02427e211d02,Client 23,client.23@example.com,2026-01-14T11:11:39.733691+00:00,Company 23,49,premium,13992f5b-13db-41f1-b7c6-e68ae67d889d,Operator 2,operator.2@example.com,2026-03-05T11:11:39.734236+00:00,OP-0002,billing,offline,6,1542e91f-4330-4699-b7ee-8306c765a188,open,medium,2026-01-09T11:11:39.735060+00:00,,d318217a-31a9-4a1e-a11b-680ffabbc68a,Message content 604,2026-01-09T14:17:39.735060+00:00,true,,,,
bd7acccc-242d-4c64-a3c2-ffa44b532474,Client 14,client.14@example.com,2025-08-24T11:11:39.733539+00:00,Company 14,13,premium,4e2e12c9-fb99-41b0-a60f-4eb61b5e0f33,Operator 4,operator.4@example.com,2025-08-27T11:11:39.734281+00:00,OP-0004,sales,online,6,63126192-a39d-4036-9c7f-30ecf3d3ca7d,open,medium,2026-01-23T11:11:39.735466+00:00,,1e69824f-9fa9-4a15-8884-f7c4dbf918f2,Message content 605,2026-01-24T00:12:39.735466+00:00,true,,,,
d826c7a0-bfe6-427f-8452-02427e211d02,Client 23,client.23@example.com,2026-01-14T11:11:39.733691+00:00,Company 23,49,premium,13992f5b-13db-41f1-b7c6-e68ae67d889d,Operator 2,operator.2@example.com,2026-03-05T11:11:39.734236+00:00,OP-0002,billing,offline,6,1542e91f-4330-4699-b7ee-8306c765a188,open,medium,2026-01-09T11:11:39.735060+00:00,,079f6c4f-9876-4d32-b500-111cd52b2e0b,Message content 606,2026-01-10T02:11:39.735060+00:00,true,,,,
02605a21-0cd4-4681-89e4-841a48af011f,Client 19,client.19@example.com,2025-04-19T11:11:39.733624+00:00,Company 19,80,premium,775f6de4-bf12-43dc-b8ee-eff74e7fca85,Operator 3,operator.3@example.com,2026-01-11T11:11:39.734260+00:00,OP-0003,billing,offline,3,dc2d98d3-9cc9-4bae-b622-a136687e08f6,closed,medium,2026-02-06T11:11:39.735084+00:00,2026-02-08T09:11:39.735084+00:00,c9de93c9-f144-4049-b1f0-2c51ba0209f8,Message content 607,2026-02-07T06:26:39.735084+00:00,false,dd669bb5-4ce0-449c-a8d0-75983ec81ece,file_607.png,728965,pdf
c1d26b76-65a7-43fd-a884-ff8ace8e21f5,Client 36,client.36@example.com,2025-11-18T11:11:39.733912+00:00,Company 36,84,enterprise,8c273a5d-f06e-47e3-b4a7-da0ef6f06171,Operator 1,operator.1@example.com,2025-10-07T11:11:39.734205+00:00,OP-0001,tech,offline,5,85460c13-7a82-492d-87c5-dfa2cb9837d6,pending,low,2026-02-15T11:11:39.736182+00:00,,ec424b6e-b793-403f-ba1b-0feb2e81b0c9,Message content 608,2026-02-16T01:18:39.736182+00:00,true,,,,
8067d26e-94c8-4b4f-8ab1-93053f706f51,Client 28,client.28@example.com,2025-04-29T11:11:39.733781+00:00,Company 28,82,standard,730d608c-8e10-4f7e-a51d-db0d13429f86,Operator 10,operator.10@example.com,2025-06-09T11:11:39.734388+00:00,OP-0010,tech,offline,6,9991b2a2-028b-449a-a7f7-beb0ca40ae35,closed,medium,2026-01-27T11:11:39.736207+00:00,2026-01-28T08:11:39.736207+00:00,aaf68edc-7d92-450c-b92b-cae2fa2ba6df,Message content 609,2026-01-27T13:15:39.736207+00:00,false,,,,
17543439-3080-4320-9450-fde238897d38,Client 3,client.3@example.com,2025-12-25T11:11:39.733325+00:00,Company 3,95,free,679fc6d7-3349-4897-ab8c-49f7d7afa9f5,Operator 8,operator.8@example.com,2025-07-01T11:11:39.734353+00:00,OP-0008,support,offline,3,f39345d0-d50a-4854-b445-e880ee27ea4d,open,medium,2026-02-20T11:11:39.735669+00:00,,364f5901-7887-4dab-b6b1-30a6e3f79839,Message content 610,2026-02-21T05:27:39.735669+00:00,false,,,,
9573f1e3-e253-4a34-a620-aa47e4e21e12,Client 33,client.33@example.com,2025-11-09T11:11:39.733863+00:00,Company 33,5,premium,730d608c-8e10-4f7e-a51d-db0d13429f86,Operator 10,operator.10@example.com,2025-06-09T11:11:39.734388+00:00,OP-0010,tech,offline,6,c62d9326-1dfd-47bd-912c-3c4e7f5a7930,open,low,2026-02-13T11:11:39.736300+00:00,,f1735e56-216c-437e-8150-c285b6213a06,Message content 611,2026-02-13T19:13:39.736300+00:00,true,,,,
5faa6da9-33a3-408c-a571-b6625b43948e,Client 4,client.4@example.com,2025-03-25T11:11:39.733349+00:00,Company 4,95,free,4e2e12c9-fb99-41b0-a60f-4eb61b5e0f33,Operator 4,operator.4@example.com,2025-08-27T11:11:39.734281+00:00,OP-0004,sales,online,6,2fdc35b1-7fd7-4dba-9850-438a59ef2aa4,pending,medium,2026-01-12T11:11:39.736801+00:00,,f75b2622-cea8-4c6a-8f54-caaea3bd4513,Message content 612,2026-01-12T12:22:39.736801+00:00,false,,,,
9573f1e3-e253-4a34-a620-aa47e4e21e12,Client 33,client.33@example.com,2025-11-09T11:11:39.733863+00:00,Company 33,5,premium,730d608c-8e10-4f7e-a51d-db0d13429f86,Operator 10,operator.10@example.com,2025-06-09T11:11:39.734388+00:00,OP-0010,tech,offline,6,c62d9326-1dfd-47bd-912c-3c4e7f5a7930,open,low,2026-02-13T11:11:39.736300+00:00,,7213c2a1-56e6-4eb2-8221-cf663ca03482,Message content 613,2026-02-14T10:18:39.736300+00:00,true,,,,
971cc598-3020-4bee-bf75-fb360c582f03,Client 15,client.15@example.com,2025-09-11T11:11:39.733555+00:00,Company 15,78,premium,75464306-96f6-47c8-9a39-382bf4baa64e,Operator 5,operator.5@example.com,2025-09-22T11:11:39.734300+00:00,OP-0005,tech,online,2,12903e5f-92c8-4036-9c76-3db8cdfe7997,pending,low,2026-02-07T11:11:39.736947+00:00,,686c985d-147b-4e4a-ab3f-04d72ef36d0d,Message content 614,2026-02-08T02:30:39.736947+00:00,false,4e8a6832-308e-40b1-b16f-1816c3609a8d,file_614.jpg,1626703,jpg
fd7d0456-43a1-4c22-9dfb-6a34f783ef0b,Client 22,client.22@example.com,2025-10-09T11:11:39.733674+00:00,Company 22,11,standard,13992f5b-13db-41f1-b7c6-e68ae67d889d,Operator 2,operator.2@example.com,2026-03-05T11:11:39.734236+00:00,OP-0002,billing,offline,6,bde9ddf7-b449-4841-b77b-4b68cc643a81,open,medium,2026-02-02T11:11:39.734522+00:00,,579619dc-eb71-4007-87fc-06805781bc13,Message content 615,2026-02-03T01:38:39.734522+00:00,true,0a5bd949-7d05-40e1-9589-21007ac87120,file_615.jpg,1250492,pdf
5faa6da9-33a3-408c-a571-b6625b43948e,Client 4,client.4@example.com,2025-03-25T11:11:39.733349+00:00,Company 4,95,free,13992f5b-13db-41f1-b7c6-e68ae67d889d,Operator 2,operator.2@example.com,2026-03-05T11:11:39.734236+00:00,OP-0002,billing,offline,6,4e6adde7-3686-419c-9bba-35d9b0858ea2,pending,medium,2026-01-25T11:11:39.735267+00:00,,0cfb8643-0e91-4366-9267-aada0f6df1fe,Message content 616,2026-01-25T13:28:39.735267+00:00,true,915d527c-b52c-407f-9f7b-6aaaeeffe3ec,file_616.pdf,2326940,txt
4b73c797-4439-4f60-9085-0e61a6a2015d,Client 43,client.43@example.com,2026-02-10T11:11:39.734062+00:00,Company 43,15,standard,c567ed84-590b-4b94-8e2c-2c96c62d400b,Operator 6,operator.6@example.com,2025-09-02T11:11:39.734317+00:00,OP-0006,billing,offline,2,45f0a610-5ff1-49c0-870f-fc327b2ff074,closed,low,2026-02-06T11:11:39.734431+00:00,2026-02-07T16:11:39.734431+00:00,a7508199-58c5-4486-be68-70531d89cd36,Message content 617,2026-02-07T11:05:39.734431+00:00,true,,,,
17543439-3080-4320-9450-fde238897d38,Client 3,client.3@example.com,2025-12-25T11:11:39.733325+00:00,Company 3,95,free,679fc6d7-3349-4897-ab8c-49f7d7afa9f5,Operator 8,operator.8@example.com,2025-07-01T11:11:39.734353+00:00,OP-0008,support,offline,3,f39345d0-d50a-4854-b445-e880ee27ea4d,open,medium,2026-02-20T11:11:39.735669+00:00,,bd811de0-83fe-472b-8923-95f75101b800,Message content 618,2026-02-20T15:01:39.735669+00:00,true,,,,
be8e0951-42af-4432-9cc6-c69623522d28,Client 2,client.2@example.com,2025-10-17T11:11:39.733288+00:00,Company 2,32,standard,8c273a5d-f06e-47e3-b4a7-da0ef6f06171,Operator 1,operator.1@example.com,2025-10-07T11:11:39.734205+00:00,OP-0001,tech,offline,5,af0b6df4-46b0-430d-b0b1-5e35341dfd9f,pending,high,2026-02-19T11:11:39.736350+00:00,,36a056d9-c476-4688-a5a8-855ae7523adb,Message content 619,2026-02-20T07:04:39.736350+00:00,false,,,,
8067d26e-94c8-4b4f-8ab1-93053f706f51,Client 28,client.28@example.com,2025-04-29T11:11:39.733781+00:00,Company 28,82,standard,775f6de4-bf12-43dc-b8ee-eff74e7fca85,Operator 3,operator.3@example.com,2026-01-11T11:11:39.734260+00:00,OP-0003,billing,offline,3,14fcb8c7-648f-4441-835b-856bce0df9b2,pending,low,2026-02-17T11:11:39.734672+00:00,,7cc5a5a1-2e2b-4244-be52-cba2e10d979a,Message content 620,2026-02-18T06:23:39.734672+00:00,false,,,,
58a107b7-f3f3-4c7c-9ecf-0d8e2ed82e88,Client 48,client.48@example.com,2025-03-23T11:11:39.734148+00:00,Company 48,93,free,775f6de4-bf12-43dc-b8ee-eff74e7fca85,Operator 3,operator.3@example.com,2026-01-11T11:11:39.734260+00:00,OP-0003,billing,offline,3,1bbf9cfb-6b5c-49c6-bcbe-43945017a295,closed,medium,2026-01-26T11:11:39.736144+00:00,2026-01-27T07:11:39.736144+00:00,96636697-5b4d-42d4-96b4-7c52ae74fdd9,Message content 621,2026-01-26T22:55:39.736144+00:00,true,,,,
55ffb774-9524-46af-919c-2ad12b14fd74,Client 40,client.40@example.com,2025-05-11T11:11:39.734007+00:00,Company 40,55,enterprise,cbe4ab29-47da-4080-be68-40c8076ffd1c,Operator 9,operator.9@example.com,2025-04-03T11:11:39.734371+00:00,OP-0009,tech,offline,4,4c5a93b7-c798-45f1-88f1-160a45fd49c2,closed,low,2026-02-07T11:11:39.736583+00:00,2026-02-08T16:11:39.736583+00:00,58bed8f8-cd07-4a95-87bd-a7d616ea45e9,Message content 622,2026-02-08T03:45:39.736583+00:00,true,,,,
58a107b7-f3f3-4c7c-9ecf-0d8e2ed82e88,Client 48,client.48@example.com,2025-03-23T11:11:39.734148+00:00,Company 48,93,free,c567ed84-590b-4b94-8e2c-2c96c62d400b,Operator 6,operator.6@example.com,2025-09-02T11:11:39.734317+00:00,OP-0006,billing,offline,2,c026311f-4168-4e91-a58c-0293e7e6ac60,open,high,2026-03-03T11:11:39.734838+00:00,,30dfe87c-f30e-4b96-823b-5328951e8ab8,Message content 623,2026-03-03T20:35:39.734838+00:00,true,,,,
02605a21-0cd4-4681-89e4-841a48af011f,Client 19,client.19@example.com,2025-04-19T11:11:39.733624+00:00,Company 19,80,premium,4e2e12c9-fb99-41b0-a60f-4eb61b5e0f33,Operator 4,operator.4@example.com,2025-08-27T11:11:39.734281+00:00,OP-0004,sales,online,6,ab687850-17bd-4cbe-b7e8-b843f8dae9bc,pending,medium,2026-02-17T11:11:39.736692+00:00,,4cfc9213-9b7a-4194-947d-d31899a87e38,Message content 624,2026-02-18T10:51:39.736692+00:00,true,,,,
4cfd3965-0c74-47ca-8d1c-551fb947514c,Client 17,client.17@example.com,2025-06-05T11:11:39.733590+00:00,Company 17,16,enterprise,775f6de4-bf12-43dc-b8ee-eff74e7fca85,Operator 3,operator.3@example.com,2026-01-11T11:11:39.734260+00:00,OP-0003,billing,offline,3,e105a3dd-db0d-43ec-9ae1-7c3972d99e03,pending,high,2026-01-18T11:11:39.735321+00:00,,6d3c9cd2-e216-42d9-9cc9-525f5971a308,Message content 625,2026-01-19T10:45:39.735321+00:00,false,0f7de921-0548-4adb-a770-c9e05f8f3636,file_625.pdf,3134259,png
b1b67804-39c9-4048-89d8-bcd70a55dd71,Client 46,client.46@example.com,2025-08-23T11:11:39.734115+00:00,Company 46,77,enterprise,7e797a74-cef7-4aac-8eec-dd396da1c475,Operator 7,operator.7@example.com,2025-11-03T11:11:39.734335+00:00,OP-0007,support,online,7,5a4a3e7b-8427-45cb-8051-ef6ff597f716,open,low,2026-01-30T11:11:39.735351+00:00,,7aa9321e-22db-4ec8-98b5-ad418be9a268,Message content 626,2026-01-30T21:31:39.735351+00:00,false,,,,
86ed07ac-9eb8-4057-ae3c-96c475cf5c56,Client 25,client.25@example.com,2025-12-13T11:11:39.733726+00:00,Company 25,48,premium,775f6de4-bf12-43dc-b8ee-eff74e7fca85,Operator 3,operator.3@example.com,2026-01-11T11:11:39.734260+00:00,OP-0003,billing,offline,3,4094ee53-4cff-4849-aab1-6f93a0864a4d,open,low,2026-01-20T11:11:39.736743+00:00,,f1c4a385-279f-4d5f-8f11-4bec9e71761a,Message content 627,2026-01-21T10:33:39.736743+00:00,false,351d4bb2-31d3-4eab-b8b2-3871b0161b6d,file_627.jpg,2530612,txt
52fea20d-ccb0-42b4-82ec-0b205237569e,Client 35,client.35@example.com,2025-11-18T11:11:39.733896+00:00,Company 35,73,premium,8c273a5d-f06e-47e3-b4a7-da0ef6f06171,Operator 1,operator.1@example.com,2025-10-07T11:11:39.734205+00:00,OP-0001,tech,offline,5,842d941c-6fbb-4f6c-b37d-5daff267f8f1,pending,high,2026-01-07T11:11:39.737017+00:00,,3d771c7d-e303-4524-b73c-89a60524d83b,Message content 628,2026-01-07T22:08:39.737017+00:00,true,39dd29a4-d667-42fc-b223-5ce11cfa488a,file_628.png,1586518,txt
55ffb774-9524-46af-919c-2ad12b14fd74,Client 40,client.40@example.com,2025-05-11T11:11:39.734007+00:00,Company 40,55,enterprise,13992f5b-13db-41f1-b7c6-e68ae67d889d,Operator 2,operator.2@example.com,2026-03-05T11:11:39.734236+00:00,OP-0002,billing,offline,6,664b38d6-b107-41cf-9be4-193324da2607,closed,high,2026-02-08T11:11:39.734937+00:00,2026-02-10T01:11:39.734937+00:00,41aee0cc-f53e-4fa4-bbd6-d0f2ef3ddd78,Message content 629,2026-02-09T01:04:39.734937+00:00,false,,,,
bd7acccc-242d-4c64-a3c2-ffa44b532474,Client 14,client.14@example.com,2025-08-24T11:11:39.733539+00:00,Company 14,13,premium,4e2e12c9-fb99-41b0-a60f-4eb61b5e0f33,Operator 4,operator.4@example.com,2025-08-27T11:11:39.734281+00:00,OP-0004,sales,online,6,63126192-a39d-4036-9c7f-30ecf3d3ca7d,open,medium,2026-01-23T11:11:39.735466+00:00,,aafd6f88-5498-4795-a5c0-d7b570b29e02,Message content 630,2026-01-23T13:06:39.735466+00:00,true,,,,
88ded20b-1cd1-4dab-8c10-4f1303231c40,Client 44,client.44@example.com,2025-04-19T11:11:39.734078+00:00,Company 44,21,enterprise,75464306-96f6-47c8-9a39-382bf4baa64e,Operator 5,operator.5@example.com,2025-09-22T11:11:39.734300+00:00,OP-0005,tech,online,2,e04df53b-00cd-434d-9f93-07c4f419a3ed,pending,medium,2026-02-02T11:11:39.735240+00:00,,fa9ee019-b703-4370-9d22-2e43e32dc823,Message content 631,2026-02-03T04:28:39.735240+00:00,false,,,,
f0258ea9-5893-4b2b-a8b9-f60a1b13d4f5,Client 9,client.9@example.com,2025-11-14T11:11:39.733447+00:00,Company 9,58,premium,4e2e12c9-fb99-41b0-a60f-4eb61b5e0f33,Operator 4,operator.4@example.com,2025-08-27T11:11:39.734281+00:00,OP-0004,sales,online,6,9024ed73-9f0d-4ffe-a0c9-56610c316a8d,closed,high,2026-02-08T11:11:39.736106+00:00,2026-02-09T12:11:39.736106+00:00,5b744ff3-2ae3-44dd-b5cc-9f85d4f86e5d,Message content 632,2026-02-09T06:35:39.736106+00:00,true,f00644d9-42ad-4d8d-a110-8e0afb24c34e,file_632.jpg,493414,jpg
8bf6c5de-eb19-4f4f-9cb7-7e28340b53e6,Client 5,client.5@example.com,2025-05-08T11:11:39.733371+00:00,Company 5,55,free,8c273a5d-f06e-47e3-b4a7-da0ef6f06171,Operator 1,operator.1@example.com,2025-10-07T11:11:39.734205+00:00,OP-0001,tech,offline,5,510e2651-b2d7-49e1-ad70-91951dc4ca84,open,low,2026-02-20T11:11:39.734504+00:00,,2b428a14-57d5-4f25-8fb4-d749cf601e14,Message content 633,2026-02-21T02:45:39.734504+00:00,true,38bc1a05-8d06-446e-ab61-f517800828a1,file_633.jpg,2308289,pdf
b2828c67-89ca-465b-8618-860cc4f09764,Client 7,client.7@example.com,2025-11-07T11:11:39.733410+00:00,Company 7,65,free,730d608c-8e10-4f7e-a51d-db0d13429f86,Operator 10,operator.10@example.com,2025-06-09T11:11:39.734388+00:00,OP-0010,tech,offline,6,f4a1d0b4-40f2-4537-a6fc-81aa1f37afda,pending,high,2026-02-07T11:11:39.735839+00:00,,99da8255-dbdd-4b32-be1d-251a1f9e4c8a,Message content 634,2026-02-08T04:25:39.735839+00:00,false,,,,
02605a21-0cd4-4681-89e4-841a48af011f,Client 19,client.19@example.com,2025-04-19T11:11:39.733624+00:00,Company 19,80,premium,4e2e12c9-fb99-41b0-a60f-4eb61b5e0f33,Operator 4,operator.4@example.com,2025-08-27T11:11:39.734281+00:00,OP-0004,sales,online,6,ab687850-17bd-4cbe-b7e8-b843f8dae9bc,pending,medium,2026-02-17T11:11:39.736692+00:00,,2f7380c7-84da-4f25-b34f-c8ca74a22330,Message content 635,2026-02-17T12:13:39.736692+00:00,true,b3cd543a-967d-4247-9373-cc4941059ae8,file_635.txt,1499679,txt
be8e0951-42af-4432-9cc6-c69623522d28,Client 2,client.2@example.com,2025-10-17T11:11:39.733288+00:00,Company 2,32,standard,8c273a5d-f06e-47e3-b4a7-da0ef6f06171,Operator 1,operator.1@example.com,2025-10-07T11:11:39.734205+00:00,OP-0001,tech,offline,5,af0b6df4-46b0-430d-b0b1-5e35341dfd9f,pending,high,2026-02-19T11:11:39.736350+00:00,,6b28ac55-a430-463a-809b-ba7aab2fef61,Message content 636,2026-02-20T06:00:39.736350+00:00,true,,,,
d826c7a0-bfe6-427f-8452-02427e211d02,Client 23,client.23@example.com,2026-01-14T11:11:39.733691+00:00,Company 23,49,premium,13992f5b-13db-41f1-b7c6-e68ae67d889d,Operator 2,operator.2@example.com,2026-03-05T11:11:39.734236+00:00,OP-0002,billing,offline,6,1542e91f-4330-4699-b7ee-8306c765a188,open,medium,2026-01-09T11:11:39.735060+00:00,,19718ecf-3672-46be-a937-7f697ca49c71,Message content 637,2026-01-10T10:41:39.735060+00:00,true,7d91dccb-ce9c-4cc0-99a6-9cda9792920d,file_637.png,1376566,jpg
322d10ae-d002-4347-b879-783c9476871a,Client 34,client.34@example.com,2025-08-13T11:11:39.733880+00:00,Company 34,35,free,c567ed84-590b-4b94-8e2c-2c96c62d400b,Operator 6,operator.6@example.com,2025-09-02T11:11:39.734317+00:00,OP-0006,billing,offline,2,241d8272-6e9e-47e1-88d1-b57240b9eaf6,pending,low,2026-01-06T11:11:39.734971+00:00,,af98488e-d8cb-402c-a69b-cd4bfbe7fc56,Message content 638,2026-01-07T09:16:39.734971+00:00,true,9b466a76-ac98-4ef0-b00c-5db665f54f33,file_638.txt,4315715,png
52fea20d-ccb0-42b4-82ec-0b205237569e,Client 35,client.35@example.com,2025-11-18T11:11:39.733896+00:00,Company 35,73,premium,8c273a5d-f06e-47e3-b4a7-da0ef6f06171,Operator 1,operator.1@example.com,2025-10-07T11:11:39.734205+00:00,OP-0001,tech,offline,5,842d941c-6fbb-4f6c-b37d-5daff267f8f1,pending,high,2026-01-07T11:11:39.737017+00:00,,c207e502-a1a8-4370-8c49-3a9b4ef49845,Message content 639,2026-01-08T10:28:39.737017+00:00,false,7a540fa7-1d48-43a0-b512-48226f33ec9e,file_639.jpg,80998,jpg
52fea20d-ccb0-42b4-82ec-0b205237569e,Client 35,client.35@example.com,2025-11-18T11:11:39.733896+00:00,Company 35,73,premium,4e2e12c9-fb99-41b0-a60f-4eb61b5e0f33,Operator 4,operator.4@example.com,2025-08-27T11:11:39.734281+00:00,OP-0004,sales,online,6,0bc42958-ba58-43e9-8761-998dbe002df4,pending,low,2026-02-02T11:11:39.735044+00:00,,28fbfef7-44cd-4645-83fe-204fc06e1b32,Message content 640,2026-02-03T07:56:39.735044+00:00,true,,,,
c288e606-78c0-4a54-9184-54b69e7b45e4,Client 27,client.27@example.com,2025-03-12T11:11:39.733764+00:00,Company 27,88,free,7e797a74-cef7-4aac-8eec-dd396da1c475,Operator 7,operator.7@example.com,2025-11-03T11:11:39.734335+00:00,OP-0007,support,online,7,53a3ddae-2387-487f-871a-cf564d5a3c0c,closed,medium,2026-02-13T11:11:39.736768+00:00,2026-02-14T17:11:39.736768+00:00,4c704c7b-254c-4bd6-8ce8-b6e4bf9ec811,Message content 641,2026-02-14T09:07:39.736768+00:00,false,705145b5-375c-4bd8-ab89-ab67560ca561,file_641.pdf,3860354,pdf
55ffb774-9524-46af-919c-2ad12b14fd74,Client 40,client.40@example.com,2025-05-11T11:11:39.734007+00:00,Company 40,55,enterprise,13992f5b-13db-41f1-b7c6-e68ae67d889d,Operator 2,operator.2@example.com,2026-03-05T11:11:39.734236+00:00,OP-0002,billing,offline,6,664b38d6-b107-41cf-9be4-193324da2607,closed,high,2026-02-08T11:11:39.734937+00:00,2026-02-10T01:11:39.734937+00:00,914fe7d9-a701-42a6-acad-364cccde25f8,Message content 642,2026-02-09T03:06:39.734937+00:00,true,,,,
0a272624-2c12-484e-8a21-5158a8d796cf,Client 49,client.49@example.com,2025-03-22T11:11:39.734164+00:00,Company 49,69,premium,13992f5b-13db-41f1-b7c6-e68ae67d889d,Operator 2,operator.2@example.com,2026-03-05T11:11:39.734236+00:00,OP-0002,billing,offline,6,7c8b809b-ced1-4d6a-8aee-8d6e7294de8d,pending,low,2026-01-16T11:11:39.736475+00:00,,75066410-ab3a-4ba6-a915-a9d99d42b80f,Message content 643,2026-01-17T00:44:39.736475+00:00,true,,,,
58a107b7-f3f3-4c7c-9ecf-0d8e2ed82e88,Client 48,client.48@example.com,2025-03-23T11:11:39.734148+00:00,Company 48,93,free,679fc6d7-3349-4897-ab8c-49f7d7afa9f5,Operator 8,operator.8@example.com,2025-07-01T11:11:39.734353+00:00,OP-0008,support,offline,3,d8053512-54f4-4ce3-bef5-870132ddad32,pending,low,2026-02-06T11:11:39.736614+00:00,,3d6225a7-0569-420e-ac20-e950ef35d4fd,Message content 644,2026-02-06T23:57:39.736614+00:00,true,,,,
4b73c797-4439-4f60-9085-0e61a6a2015d,Client 43,client.43@example.com,2026-02-10T11:11:39.734062+00:00,Company 43,15,standard,13992f5b-13db-41f1-b7c6-e68ae67d889d,Operator 2,operator.2@example.com,2026-03-05T11:11:39.734236+00:00,OP-0002,billing,offline,6,2a2b9b60-f71a-4b63-841f-ad809db56934,open,medium,2026-01-09T11:11:39.735154+00:00,,103d1ea1-20b7-494c-ad76-42c3194fcbaa,Message content 645,2026-01-09T21:22:39.735154+00:00,true,,,,
b1b67804-39c9-4048-89d8-bcd70a55dd71,Client 46,client.46@example.com,2025-08-23T11:11:39.734115+00:00,Company 46,77,enterprise,7e797a74-cef7-4aac-8eec-dd396da1c475,Operator 7,operator.7@example.com,2025-11-03T11:11:39.734335+00:00,OP-0007,support,online,7,5a4a3e7b-8427-45cb-8051-ef6ff597f716,open,low,2026-01-30T11:11:39.735351+00:00,,67ceed56-7208-4504-993d-5b19eca46a7f,Message content 646,2026-01-30T20:37:39.735351+00:00,false,,,,
d826c7a0-bfe6-427f-8452-02427e211d02,Client 23,client.23@example.com,2026-01-14T11:11:39.733691+00:00,Company 23,49,premium,13992f5b-13db-41f1-b7c6-e68ae67d889d,Operator 2,operator.2@example.com,2026-03-05T11:11:39.734236+00:00,OP-0002,billing,offline,6,1542e91f-4330-4699-b7ee-8306c765a188,open,medium,2026-01-09T11:11:39.735060+00:00,,6845edea-8ed2-46ca-9c98-78d61be2c288,Message content 647,2026-01-10T09:34:39.735060+00:00,false,,,,
02605a21-0cd4-4681-89e4-841a48af011f,Client 19,client.19@example.com,2025-04-19T11:11:39.733624+00:00,Company 19,80,premium,730d608c-8e10-4f7e-a51d-db0d13429f86,Operator 10,operator.10@example.com,2025-06-09T11:11:39.734388+00:00,OP-0010,tech,offline,6,37eeb618-1da8-4e27-9710-48189b5b1143,closed,low,2026-02-21T11:11:39.735208+00:00,2026-02-22T09:11:39.735208+00:00,55359905-4e31-46e6-a375-f108d482ed56,Message content 648,2026-02-21T17:36:39.735208+00:00,false,35bdc3ef-4ec3-429c-93b7-687b9959ad09,file_648.png,3399823,pdf
02605a21-0cd4-4681-89e4-841a48af011f,Client 19,client.19@example.com,2025-04-19T11:11:39.733624+00:00,Company 19,80,premium,4e2e12c9-fb99-41b0-a60f-4eb61b5e0f33,Operator 4,operator.4@example.com,2025-08-27T11:11:39.734281+00:00,OP-0004,sales,online,6,ab687850-17bd-4cbe-b7e8-b843f8dae9bc,pending,medium,2026-02-17T11:11:39.736692+00:00,,24a444ac-ee3a-4571-8d63-2477553466f0,Message content 649,2026-02-17T15:57:39.736692+00:00,true,,,,
0e833b5b-bec5-417c-86d1-31d364dba72e,Client 8,client.8@example.com,2025-05-23T11:11:39.733428+00:00,Company 8,26,enterprise,13992f5b-13db-41f1-b7c6-e68ae67d889d,Operator 2,operator.2@example.com,2026-03-05T11:11:39.734236+00:00,OP-0002,billing,offline,6,1db27155-d627-49e7-a20f-1198b38053bc,closed,medium,2026-01-18T11:11:39.735177+00:00,2026-01-18T21:11:39.735177+00:00,63d11eab-ba83-436f-b377-8a9f2f763617,Message content 650,2026-01-18T20:02:39.735177+00:00,true,,,,
0a272624-2c12-484e-8a21-5158a8d796cf,Client 49,client.49@example.com,2025-03-22T11:11:39.734164+00:00,Company 49,69,premium,7e797a74-cef7-4aac-8eec-dd396da1c475,Operator 7,operator.7@example.com,2025-11-03T11:11:39.734335+00:00,OP-0007,support,online,7,62c2d753-7eb6-4d50-850f-8112d2172eff,pending,high,2026-01-11T11:11:39.736887+00:00,,5d547ab0-d498-4326-8686-4f552a51791a,Message content 651,2026-01-11T12:23:39.736887+00:00,false,,,,
9573f1e3-e253-4a34-a620-aa47e4e21e12,Client 33,client.33@example.com,2025-11-09T11:11:39.733863+00:00,Company 33,5,premium,13992f5b-13db-41f1-b7c6-e68ae67d889d,Operator 2,operator.2@example.com,2026-03-05T11:11:39.734236+00:00,OP-0002,billing,offline,6,888fdcc2-1a22-41c0-88c1-7a11dd8081fc,open,low,2026-01-11T11:11:39.734879+00:00,,d93cd8b8-a74e-4ea2-a07c-e48e54526924,Message content 652,2026-01-11T22:53:39.734879+00:00,true,,,,
58a107b7-f3f3-4c7c-9ecf-0d8e2ed82e88,Client 48,client.48@example.com,2025-03-23T11:11:39.734148+00:00,Company 48,93,free,775f6de4-bf12-43dc-b8ee-eff74e7fca85,Operator 3,operator.3@example.com,2026-01-11T11:11:39.734260+00:00,OP-0003,billing,offline,3,1bbf9cfb-6b5c-49c6-bcbe-43945017a295,closed,medium,2026-01-26T11:11:39.736144+00:00,2026-01-27T07:11:39.736144+00:00,231c35eb-2d33-4d5f-85e2-89742426561c,Message content 653,2026-01-27T08:58:39.736144+00:00,false,,,,
bc58cd4e-7448-49c7-9d42-0f1f86fdfb7b,Client 41,client.41@example.com,2025-09-02T11:11:39.734024+00:00,Company 41,29,standard,75464306-96f6-47c8-9a39-382bf4baa64e,Operator 5,operator.5@example.com,2025-09-22T11:11:39.734300+00:00,OP-0005,tech,online,2,9619a752-d40c-4d1f-8df2-10f318e29832,closed,high,2026-01-16T11:11:39.736638+00:00,2026-01-17T19:11:39.736638+00:00,0d773328-ae75-42b8-84d8-7d85014ec2be,Message content 654,2026-01-16T23:25:39.736638+00:00,false,,,,
58a107b7-f3f3-4c7c-9ecf-0d8e2ed82e88,Client 48,client.48@example.com,2025-03-23T11:11:39.734148+00:00,Company 48,93,free,679fc6d7-3349-4897-ab8c-49f7d7afa9f5,Operator 8,operator.8@example.com,2025-07-01T11:11:39.734353+00:00,OP-0008,support,offline,3,d8053512-54f4-4ce3-bef5-870132ddad32,pending,low,2026-02-06T11:11:39.736614+00:00,,153e5aa4-58b2-4b1d-9db6-2a7c3cdb804d,Message content 655,2026-02-07T06:14:39.736614+00:00,true,72ad5419-ab73-41a3-a09e-ee55f3adb926,file_655.jpg,2179728,jpg
02605a21-0cd4-4681-89e4-841a48af011f,Client 19,client.19@example.com,2025-04-19T11:11:39.733624+00:00,Company 19,80,premium,4e2e12c9-fb99-41b0-a60f-4eb61b5e0f33,Operator 4,operator.4@example.com,2025-08-27T11:11:39.734281+00:00,OP-0004,sales,online,6,ab687850-17bd-4cbe-b7e8-b843f8dae9bc,pending,medium,2026-02-17T11:11:39.736692+00:00,,1065a4d4-8f23-4b1a-a6d7-291c6122fb7c,Message content 656,2026-02-17T22:38:39.736692+00:00,true,,,,
322d10ae-d002-4347-b879-783c9476871a,Client 34,client.34@example.com,2025-08-13T11:11:39.733880+00:00,Company 34,35,free,c567ed84-590b-4b94-8e2c-2c96c62d400b,Operator 6,operator.6@example.com,2025-09-02T11:11:39.734317+00:00,OP-0006,billing,offline,2,241d8272-6e9e-47e1-88d1-b57240b9eaf6,pending,low,2026-01-06T11:11:39.734971+00:00,,b7300455-4ba5-4c24-86a5-117c80db6809,Message content 657,2026-01-06T21:39:39.734971+00:00,false,,,,
bd7acccc-242d-4c64-a3c2-ffa44b532474,Client 14,client.14@example.com,2025-08-24T11:11:39.733539+00:00,Company 14,13,premium,4e2e12c9-fb99-41b0-a60f-4eb61b5e0f33,Operator 4,operator.4@example.com,2025-08-27T11:11:39.734281+00:00,OP-0004,sales,online,6,63126192-a39d-4036-9c7f-30ecf3d3ca7d,open,medium,2026-01-23T11:11:39.735466+00:00,,17001169-3593-453c-b9c4-c03a7fba4afd,Message content 658,2026-01-23T20:04:39.735466+00:00,true,,,,
8f275979-555b-4725-9ef2-d59d15bef42c,Client 42,client.42@example.com,2025-06-19T11:11:39.734045+00:00,Company 42,64,free,cbe4ab29-47da-4080-be68-40c8076ffd1c,Operator 9,operator.9@example.com,2025-04-03T11:11:39.734371+00:00,OP-0009,tech,offline,4,8ee293dd-db19-4239-b929-ff2a807163a4,open,low,2026-01-12T11:11:39.734713+00:00,,8a905590-8c3c-410b-9c6f-52db03919081,Message content 659,2026-01-13T03:14:39.734713+00:00,true,8364846c-e6f4-4aa8-8339-8295e34fef5f,file_659.png,3971265,jpg
4b73c797-4439-4f60-9085-0e61a6a2015d,Client 43,client.43@example.com,2026-02-10T11:11:39.734062+00:00,Company 43,15,standard,c567ed84-590b-4b94-8e2c-2c96c62d400b,Operator 6,operator.6@example.com,2025-09-02T11:11:39.734317+00:00,OP-0006,billing,offline,2,6d7adecd-8af9-4047-8917-5ae9aad2597b,pending,high,2026-01-26T11:11:39.736015+00:00,,a2e67f49-5e30-4993-b2db-509e88f73d76,Message content 660,2026-01-26T15:16:39.736015+00:00,true,,,,
02605a21-0cd4-4681-89e4-841a48af011f,Client 19,client.19@example.com,2025-04-19T11:11:39.733624+00:00,Company 19,80,premium,730d608c-8e10-4f7e-a51d-db0d13429f86,Operator 10,operator.10@example.com,2025-06-09T11:11:39.734388+00:00,OP-0010,tech,offline,6,37eeb618-1da8-4e27-9710-48189b5b1143,closed,low,2026-02-21T11:11:39.735208+00:00,2026-02-22T09:11:39.735208+00:00,13d2dee6-6fb7-4989-94fa-55a425c6e5ff,Message content 661,2026-02-22T01:17:39.735208+00:00,false,34f24802-d92d-4f7f-a9f1-bcc3b14527ff,file_661.jpg,1690209,pdf
8ff38149-d4f0-4e94-ac93-245a113f1c68,Client 18,client.18@example.com,2026-01-25T11:11:39.733607+00:00,Company 18,71,premium,775f6de4-bf12-43dc-b8ee-eff74e7fca85,Operator 3,operator.3@example.com,2026-01-11T11:11:39.734260+00:00,OP-0003,billing,offline,3,1376f62e-cbbb-45c9-9f2c-dd1bf29bc4f5,closed,medium,2026-01-15T11:11:39.735627+00:00,2026-01-15T18:11:39.735627+00:00,8350c943-002b-4f45-ac00-ef91c8851d3b,Message content 662,2026-01-16T06:37:39.735627+00:00,false,,,,
5caab472-47e3-4e7f-a3a7-3c61503d63e0,Client 11,client.11@example.com,2025-03-14T11:11:39.733488+00:00,Company 11,55,premium,7e797a74-cef7-4aac-8eec-dd396da1c475,Operator 7,operator.7@example.com,2025-11-03T11:11:39.734335+00:00,OP-0007,support,online,7,1d53ad4e-5f63-40ca-b89b-9c47139a9c06,pending,medium,2026-03-06T11:11:39.734760+00:00,,3b715f15-0e7a-4b15-9db6-756977d94212,Message content 663,2026-03-06T21:58:39.734760+00:00,true,,,,
dd2d5218-9c9f-4ea4-a2f5-2d90d93c7e31,Client 47,client.47@example.com,2025-06-09T11:11:39.734131+00:00,Company 47,33,free,8c273a5d-f06e-47e3-b4a7-da0ef6f06171,Operator 1,operator.1@example.com,2025-10-07T11:11:39.734205+00:00,OP-0001,tech,offline,5,91e7a664-4113-4ce8-a3bb-a401a4c4208b,closed,low,2026-01-22T11:11:39.734612+00:00,2026-01-24T05:11:39.734612+00:00,323ea244-9dc8-40ae-aaf4-48f2095df6e8,Message content 664,2026-01-23T03:49:39.734612+00:00,false,,,,
5faa6da9-33a3-408c-a571-b6625b43948e,Client 4,client.4@example.com,2025-03-25T11:11:39.733349+00:00,Company 4,95,free,13992f5b-13db-41f1-b7c6-e68ae67d889d,Operator 2,operator.2@example.com,2026-03-05T11:11:39.734236+00:00,OP-0002,billing,offline,6,4e6adde7-3686-419c-9bba-35d9b0858ea2,pending,medium,2026-01-25T11:11:39.735267+00:00,,466b037f-20d4-468b-a948-cc24ad576c59,Message content 665,2026-01-26T08:50:39.735267+00:00,true,f25110d4-067a-4fa1-8196-20878e711428,file_665.jpg,1424367,jpg
8067d26e-94c8-4b4f-8ab1-93053f706f51,Client 28,client.28@example.com,2025-04-29T11:11:39.733781+00:00,Company 28,82,standard,8c273a5d-f06e-47e3-b4a7-da0ef6f06171,Operator 1,operator.1@example.com,2025-10-07T11:11:39.734205+00:00,OP-0001,tech,offline,5,f2dbb391-1e67-44a5-a551-ee9fc9d3cfb4,closed,high,2026-02-01T11:11:39.735929+00:00,2026-02-03T07:11:39.735929+00:00,5f3bc620-4405-47f5-9b59-c97f6fbb905b,Message content 666,2026-02-01T14:11:39.735929+00:00,true,e167a534-388f-43d5-b399-96ce0b101905,file_666.txt,3393909,txt
0777c6d2-2b2c-4b94-86df-1d6f74cb3528,Client 37,client.37@example.com,2025-08-16T11:11:39.733928+00:00,Company 37,83,enterprise,4e2e12c9-fb99-41b0-a60f-4eb61b5e0f33,Operator 4,operator.4@example.com,2025-08-27T11:11:39.734281+00:00,OP-0004,sales,online,6,c3a8d2ec-3958-4b7e-b0b6-3fd8ddc0c3f3,open,high,2026-02-18T11:11:39.735900+00:00,,abd00f95-0db1-4f7c-947f-37b43c916f52,Message content 667,2026-02-19T00:16:39.735900+00:00,true,7f35a5e1-32b7-4e4d-befa-a3c6af80009c,file_667.pdf,128087,pdf
971cc598-3020-4bee-bf75-fb360c582f03,Client 15,client.15@example.com,2025-09-11T11:11:39.733555+00:00,Company 15,78,premium,75464306-96f6-47c8-9a39-382bf4baa64e,Operator 5,operator.5@example.com,2025-09-22T11:11:39.734300+00:00,OP-0005,tech,online,2,12903e5f-92c8-4036-9c76-3db8cdfe7997,pending,low,2026-02-07T11:11:39.736947+00:00,,3fa1966a-dec9-457d-ac68-5889ba6b0ac6,Message content 668,2026-02-08T05:18:39.736947+00:00,true,597ced6f-df46-4d9c-b93d-556175b5c63c,file_668.jpg,1908054,pdf
88ded20b-1cd1-4dab-8c10-4f1303231c40,Client 44,client.44@example.com,2025-04-19T11:11:39.734078+00:00,Company 44,21,enterprise,75464306-96f6-47c8-9a39-382bf4baa64e,Operator 5,operator.5@example.com,2025-09-22T11:11:39.734300+00:00,OP-0005,tech,online,2,e04df53b-00cd-434d-9f93-07c4f419a3ed,pending,medium,2026-02-02T11:11:39.735240+00:00,,ab89f284-8f47-48f9-8852-34652281f9a8,Message content 669,2026-02-02T15:35:39.735240+00:00,true,3fc4cf54-71c0-4a2a-adbe-3be56b9b0ea3,file_669.pdf,1411066,png
fd7d0456-43a1-4c22-9dfb-6a34f783ef0b,Client 22,client.22@example.com,2025-10-09T11:11:39.733674+00:00,Company 22,11,standard,13992f5b-13db-41f1-b7c6-e68ae67d889d,Operator 2,operator.2@example.com,2026-03-05T11:11:39.734236+00:00,OP-0002,billing,offline,6,bde9ddf7-b449-4841-b77b-4b68cc643a81,open,medium,2026-02-02T11:11:39.734522+00:00,,d2515558-bc1b-4715-8272-431863120bf2,Message content 670,2026-02-02T21:21:39.734522+00:00,true,,,,
c288e606-78c0-4a54-9184-54b69e7b45e4,Client 27,client.27@example.com,2025-03-12T11:11:39.733764+00:00,Company 27,88,free,c567ed84-590b-4b94-8e2c-2c96c62d400b,Operator 6,operator.6@example.com,2025-09-02T11:11:39.734317+00:00,OP-0006,billing,offline,2,57a62de5-6c3e-406d-b03e-ff3149e740dd,closed,high,2026-02-09T11:11:39.736072+00:00,2026-02-10T06:11:39.736072+00:00,d7ddc277-4eb1-4375-baf3-a0fd712f1dbc,Message content 671,2026-02-10T07:32:39.736072+00:00,true,,,,
02605a21-0cd4-4681-89e4-841a48af011f,Client 19,client.19@example.com,2025-04-19T11:11:39.733624+00:00,Company 19,80,premium,4e2e12c9-fb99-41b0-a60f-4eb61b5e0f33,Operator 4,operator.4@example.com,2025-08-27T11:11:39.734281+00:00,OP-0004,sales,online,6,ab687850-17bd-4cbe-b7e8-b843f8dae9bc,pending,medium,2026-02-17T11:11:39.736692+00:00,,03d806b4-f8ec-419d-a648-63a0228f934d,Message content 672,2026-02-17T15:45:39.736692+00:00,false,,,,
f3a41c1c-78ab-41a3-afce-0fdd1b2b2d69,Client 38,client.38@example.com,2025-12-23T11:11:39.733948+00:00,Company 38,34,standard,cbe4ab29-47da-4080-be68-40c8076ffd1c,Operator 9,operator.9@example.com,2025-04-03T11:11:39.734371+00:00,OP-0009,tech,offline,4,489e454f-bc30-4f2f-857d-d74c171f21e6,pending,low,2026-02-25T11:11:39.735407+00:00,,fa017e47-5a5f-4b6b-8845-dbbcf701b6b3,Message content 673,2026-02-25T17:36:39.735407+00:00,false,75bc9df5-de2c-47eb-89bd-3538057e0fc6,file_673.txt,170429,jpg
322d10ae-d002-4347-b879-783c9476871a,Client 34,client.34@example.com,2025-08-13T11:11:39.733880+00:00,Company 34,35,free,c567ed84-590b-4b94-8e2c-2c96c62d400b,Operator 6,operator.6@example.com,2025-09-02T11:11:39.734317+00:00,OP-0006,billing,offline,2,241d8272-6e9e-47e1-88d1-b57240b9eaf6,pending,low,2026-01-06T11:11:39.734971+00:00,,0eaa8073-d369-4b4f-926e-b72f97bb3247,Message content 674,2026-01-06T15:39:39.734971+00:00,true,ed82deb1-0a88-41ca-9316-812cc0379980,file_674.jpg,1043157,pdf
5faa6da9-33a3-408c-a571-b6625b43948e,Client 4,client.4@example.com,2025-03-25T11:11:39.733349+00:00,Company 4,95,free,4e2e12c9-fb99-41b0-a60f-4eb61b5e0f33,Operator 4,operator.4@example.com,2025-08-27T11:11:39.734281+00:00,OP-0004,sales,online,6,2fdc35b1-7fd7-4dba-9850-438a59ef2aa4,pending,medium,2026-01-12T11:11:39.736801+00:00,,812bdd12-87b7-40b1-9cb1-c555652a3fb6,Message content 675,2026-01-13T09:23:39.736801+00:00,true,,,,
92e2cff6-5b04-44a7-b58c-4d0d1060260b,Client 16,client.16@example.com,2026-02-12T11:11:39.733572+00:00,Company 16,94,enterprise,13992f5b-13db-41f1-b7c6-e68ae67d889d,Operator 2,operator.2@example.com,2026-03-05T11:11:39.734236+00:00,OP-0002,billing,offline,6,289a2075-7af3-408a-a5e9-3e03fa0a0a3e,open,medium,2026-02-05T11:11:39.736523+00:00,,e69f4b20-93fc-42dd-8097-de4cfdf6937b,Message content 676,2026-02-05T19:54:39.736523+00:00,true,,,,
0fc60bab-9ce8-47f8-97e1-485d6ad75f21,Client 50,client.50@example.com,2025-04-12T11:11:39.734180+00:00,Company 50,44,free,13992f5b-13db-41f1-b7c6-e68ae67d889d,Operator 2,operator.2@example.com,2026-03-05T11:11:39.734236+00:00,OP-0002,billing,offline,6,c5942bb0-a795-4c63-bda3-d8a03d5d398b,pending,high,2026-02-05T11:11:39.736375+00:00,,f71cbeec-8a01-42ae-8170-3597985668c2,Message content 677,2026-02-05T12:49:39.736375+00:00,true,,,,
92e2cff6-5b04-44a7-b58c-4d0d1060260b,Client 16,client.16@example.com,2026-02-12T11:11:39.733572+00:00,Company 16,94,enterprise,4e2e12c9-fb99-41b0-a60f-4eb61b5e0f33,Operator 4,operator.4@example.com,2025-08-27T11:11:39.734281+00:00,OP-0004,sales,online,6,26d868bf-9971-4190-91a4-2c1e5985e551,pending,low,2026-03-02T11:11:39.734461+00:00,,cf38e1d8-bae7-460b-ae6b-4514ff458de5,Message content 678,2026-03-02T12:49:39.734461+00:00,true,,,,
0fc60bab-9ce8-47f8-97e1-485d6ad75f21,Client 50,client.50@example.com,2025-04-12T11:11:39.734180+00:00,Company 50,44,free,cbe4ab29-47da-4080-be68-40c8076ffd1c,Operator 9,operator.9@example.com,2025-04-03T11:11:39.734371+00:00,OP-0009,tech,offline,4,ede5b473-da51-4b24-afbd-20136c7a3499,pending,high,2026-01-09T11:11:39.735496+00:00,,5de015bb-cb73-49b5-843f-141c2cfa7c97,Message content 679,2026-01-09T15:24:39.735496+00:00,true,,,,
936d1ff9-8a2a-4433-b0f1-c232d8d82a6f,Client 30,client.30@example.com,2025-12-13T11:11:39.733814+00:00,Company 30,60,enterprise,75464306-96f6-47c8-9a39-382bf4baa64e,Operator 5,operator.5@example.com,2025-09-22T11:11:39.734300+00:00,OP-0005,tech,online,2,c828780d-2abf-400f-80fe-2bf0a239428f,closed,high,2026-02-07T11:11:39.734776+00:00,2026-02-09T10:11:39.734776+00:00,dcbfa6b7-e27c-4e54-b942-c540d64ef8d8,Message content 680,2026-02-07T18:11:39.734776+00:00,true,,,,
02605a21-0cd4-4681-89e4-841a48af011f,Client 19,client.19@example.com,2025-04-19T11:11:39.733624+00:00,Company 19,80,premium,730d608c-8e10-4f7e-a51d-db0d13429f86,Operator 10,operator.10@example.com,2025-06-09T11:11:39.734388+00:00,OP-0010,tech,offline,6,37eeb618-1da8-4e27-9710-48189b5b1143,closed,low,2026-02-21T11:11:39.735208+00:00,2026-02-22T09:11:39.735208+00:00,4c8a5ed0-b0a8-48d9-8e2e-678746bc15e4,Message content 681,2026-02-22T01:32:39.735208+00:00,true,,,,
02605a21-0cd4-4681-89e4-841a48af011f,Client 19,client.19@example.com,2025-04-19T11:11:39.733624+00:00,Company 19,80,premium,775f6de4-bf12-43dc-b8ee-eff74e7fca85,Operator 3,operator.3@example.com,2026-01-11T11:11:39.734260+00:00,OP-0003,billing,offline,3,dc2d98d3-9cc9-4bae-b622-a136687e08f6,closed,medium,2026-02-06T11:11:39.735084+00:00,2026-02-08T09:11:39.735084+00:00,e937783a-7a36-42f5-b93c-1913b41dd4e9,Message content 682,2026-02-07T08:26:39.735084+00:00,true,,,,
8067d26e-94c8-4b4f-8ab1-93053f706f51,Client 28,client.28@example.com,2025-04-29T11:11:39.733781+00:00,Company 28,82,standard,775f6de4-bf12-43dc-b8ee-eff74e7fca85,Operator 3,operator.3@example.com,2026-01-11T11:11:39.734260+00:00,OP-0003,billing,offline,3,14fcb8c7-648f-4441-835b-856bce0df9b2,pending,low,2026-02-17T11:11:39.734672+00:00,,f2eb632a-54da-4e7d-9e2f-835649ec0a85,Message content 683,2026-02-18T04:38:39.734672+00:00,true,,,,
8bf6c5de-eb19-4f4f-9cb7-7e28340b53e6,Client 5,client.5@example.com,2025-05-08T11:11:39.733371+00:00,Company 5,55,free,679fc6d7-3349-4897-ab8c-49f7d7afa9f5,Operator 8,operator.8@example.com,2025-07-01T11:11:39.734353+00:00,OP-0008,support,offline,3,6004811b-18d1-46af-be6e-d71257dd3004,closed,low,2026-01-14T11:11:39.734687+00:00,2026-01-14T18:11:39.734687+00:00,e1d8165e-5297-4383-9794-b555b12ed7cc,Message content 684,2026-01-14T14:48:39.734687+00:00,true,,,,
52fea20d-ccb0-42b4-82ec-0b205237569e,Client 35,client.35@example.com,2025-11-18T11:11:39.733896+00:00,Company 35,73,premium,8c273a5d-f06e-47e3-b4a7-da0ef6f06171,Operator 1,operator.1@example.com,2025-10-07T11:11:39.734205+00:00,OP-0001,tech,offline,5,842d941c-6fbb-4f6c-b37d-5daff267f8f1,pending,high,2026-01-07T11:11:39.737017+00:00,,e4376bef-897e-45de-9e8c-81e105614f55,Message content 685,2026-01-07T20:09:39.737017+00:00,false,,,,
f3a41c1c-78ab-41a3-afce-0fdd1b2b2d69,Client 38,client.38@example.com,2025-12-23T11:11:39.733948+00:00,Company 38,34,standard,cbe4ab29-47da-4080-be68-40c8076ffd1c,Operator 9,operator.9@example.com,2025-04-03T11:11:39.734371+00:00,OP-0009,tech,offline,4,489e454f-bc30-4f2f-857d-d74c171f21e6,pending,low,2026-02-25T11:11:39.735407+00:00,,3b648af3-26ee-45e7-8e70-14487fd5a4ae,Message content 686,2026-02-26T11:11:39.735407+00:00,true,,,,
8067d26e-94c8-4b4f-8ab1-93053f706f51,Client 28,client.28@example.com,2025-04-29T11:11:39.733781+00:00,Company 28,82,standard,730d608c-8e10-4f7e-a51d-db0d13429f86,Operator 10,operator.10@example.com,2025-06-09T11:11:39.734388+00:00,OP-0010,tech,offline,6,9991b2a2-028b-449a-a7f7-beb0ca40ae35,closed,medium,2026-01-27T11:11:39.736207+00:00,2026-01-28T08:11:39.736207+00:00,e483120a-1418-41da-8169-089287b89a19,Message content 687,2026-01-28T04:07:39.736207+00:00,true,,,,
0777c6d2-2b2c-4b94-86df-1d6f74cb3528,Client 37,client.37@example.com,2025-08-16T11:11:39.733928+00:00,Company 37,83,enterprise,4e2e12c9-fb99-41b0-a60f-4eb61b5e0f33,Operator 4,operator.4@example.com,2025-08-27T11:11:39.734281+00:00,OP-0004,sales,online,6,c3a8d2ec-3958-4b7e-b0b6-3fd8ddc0c3f3,open,high,2026-02-18T11:11:39.735900+00:00,,4143b579-17e9-4c25-acfc-acccd8817544,Message content 688,2026-02-18T22:28:39.735900+00:00,true,d8f52ae6-b56b-46cf-912a-b50524ce6393,file_688.png,936361,txt
936d1ff9-8a2a-4433-b0f1-c232d8d82a6f,Client 30,client.30@example.com,2025-12-13T11:11:39.733814+00:00,Company 30,60,enterprise,75464306-96f6-47c8-9a39-382bf4baa64e,Operator 5,operator.5@example.com,2025-09-22T11:11:39.734300+00:00,OP-0005,tech,online,2,c828780d-2abf-400f-80fe-2bf0a239428f,closed,high,2026-02-07T11:11:39.734776+00:00,2026-02-09T10:11:39.734776+00:00,79ee436c-1b8b-4ea8-b000-8fc65d3c8bc5,Message content 689,2026-02-07T14:15:39.734776+00:00,true,,,,
0fc60bab-9ce8-47f8-97e1-485d6ad75f21,Client 50,client.50@example.com,2025-04-12T11:11:39.734180+00:00,Company 50,44,free,730d608c-8e10-4f7e-a51d-db0d13429f86,Operator 10,operator.10@example.com,2025-06-09T11:11:39.734388+00:00,OP-0010,tech,offline,6,a1d9ce4c-b94a-4d7e-a3ad-cabe2877533a,open,high,2026-01-21T11:11:39.736825+00:00,,c77adb77-4a73-4cee-8a51-c9e5c0528842,Message content 690,2026-01-21T14:38:39.736825+00:00,true,,,,
4cfd3965-0c74-47ca-8d1c-551fb947514c,Client 17,client.17@example.com,2025-06-05T11:11:39.733590+00:00,Company 17,16,enterprise,775f6de4-bf12-43dc-b8ee-eff74e7fca85,Operator 3,operator.3@example.com,2026-01-11T11:11:39.734260+00:00,OP-0003,billing,offline,3,b53c95c9-09a2-4fe6-99a6-55e8e65757aa,pending,low,2026-01-28T11:11:39.735813+00:00,,012bf88d-998e-47d5-9726-dcf14218945c,Message content 691,2026-01-28T21:17:39.735813+00:00,true,b43b2f5b-74c4-4eaa-bc6b-b9fbb946bd40,file_691.jpg,340884,pdf
17543439-3080-4320-9450-fde238897d38,Client 3,client.3@example.com,2025-12-25T11:11:39.733325+00:00,Company 3,95,free,75464306-96f6-47c8-9a39-382bf4baa64e,Operator 5,operator.5@example.com,2025-09-22T11:11:39.734300+00:00,OP-0005,tech,online,2,736c6aa9-0c81-4e95-b8f7-e791ea110805,open,medium,2026-02-11T11:11:39.735431+00:00,,5ddcd25e-0e5c-436d-86c6-b306b666a396,Message content 692,2026-02-12T10:17:39.735431+00:00,false,,,,
92e2cff6-5b04-44a7-b58c-4d0d1060260b,Client 16,client.16@example.com,2026-02-12T11:11:39.733572+00:00,Company 16,94,enterprise,4e2e12c9-fb99-41b0-a60f-4eb61b5e0f33,Operator 4,operator.4@example.com,2025-08-27T11:11:39.734281+00:00,OP-0004,sales,online,6,a1e90e84-590c-4f42-bfde-ec1ffba6455f,closed,low,2026-02-22T11:11:39.734650+00:00,2026-02-23T16:11:39.734650+00:00,fc6a0a7a-99a6-4fb7-88ab-e43746841b80,Message content 693,2026-02-22T12:44:39.734650+00:00,true,539a94fc-1612-4dca-829d-ca770cf3d8f5,file_693.jpg,2767006,pdf
8bf6c5de-eb19-4f4f-9cb7-7e28340b53e6,Client 5,client.5@example.com,2025-05-08T11:11:39.733371+00:00,Company 5,55,free,75464306-96f6-47c8-9a39-382bf4baa64e,Operator 5,operator.5@example.com,2025-09-22T11:11:39.734300+00:00,OP-0005,tech,online,2,31ac0a08-b4d3-494e-8a0f-79eb77e13e33,closed,medium,2026-02-12T11:11:39.735753+00:00,2026-02-13T20:11:39.735753+00:00,8e05387a-8a7a-4796-8056-24acee44eef0,Message content 694,2026-02-13T08:24:39.735753+00:00,false,b7a82d43-5aca-4c0f-ba1e-f8527d1839df,file_694.pdf,2884966,jpg
8bf6c5de-eb19-4f4f-9cb7-7e28340b53e6,Client 5,client.5@example.com,2025-05-08T11:11:39.733371+00:00,Company 5,55,free,679fc6d7-3349-4897-ab8c-49f7d7afa9f5,Operator 8,operator.8@example.com,2025-07-01T11:11:39.734353+00:00,OP-0008,support,offline,3,6004811b-18d1-46af-be6e-d71257dd3004,closed,low,2026-01-14T11:11:39.734687+00:00,2026-01-14T18:11:39.734687+00:00,5031de43-0978-4374-a9c2-02e9071d1e32,Message content 695,2026-01-15T00:51:39.734687+00:00,true,,,,
58a107b7-f3f3-4c7c-9ecf-0d8e2ed82e88,Client 48,client.48@example.com,2025-03-23T11:11:39.734148+00:00,Company 48,93,free,775f6de4-bf12-43dc-b8ee-eff74e7fca85,Operator 3,operator.3@example.com,2026-01-11T11:11:39.734260+00:00,OP-0003,billing,offline,3,305645ed-663d-400b-9df2-48b7b9b4ee07,open,low,2026-01-06T11:11:39.735526+00:00,,10705c7e-f22e-4829-93c7-7e1d7485f848,Message content 696,2026-01-07T10:43:39.735526+00:00,false,,,,
55ffb774-9524-46af-919c-2ad12b14fd74,Client 40,client.40@example.com,2025-05-11T11:11:39.734007+00:00,Company 40,55,enterprise,cbe4ab29-47da-4080-be68-40c8076ffd1c,Operator 9,operator.9@example.com,2025-04-03T11:11:39.734371+00:00,OP-0009,tech,offline,4,4c5a93b7-c798-45f1-88f1-160a45fd49c2,closed,low,2026-02-07T11:11:39.736583+00:00,2026-02-08T16:11:39.736583+00:00,5509ed22-3f82-495b-83fc-3a7856cef4d6,Message content 697,2026-02-07T16:52:39.736583+00:00,true,40dd01b4-e3d5-4f14-b3fb-6b0b613c502f,file_697.png,1347105,png
17543439-3080-4320-9450-fde238897d38,Client 3,client.3@example.com,2025-12-25T11:11:39.733325+00:00,Company 3,95,free,679fc6d7-3349-4897-ab8c-49f7d7afa9f5,Operator 8,operator.8@example.com,2025-07-01T11:11:39.734353+00:00,OP-0008,support,offline,3,f39345d0-d50a-4854-b445-e880ee27ea4d,open,medium,2026-02-20T11:11:39.735669+00:00,,32342606-4eb2-4674-8f1f-d1737fd38d74,Message content 698,2026-02-21T07:20:39.735669+00:00,true,,,,
8bf6c5de-eb19-4f4f-9cb7-7e28340b53e6,Client 5,client.5@example.com,2025-05-08T11:11:39.733371+00:00,Company 5,55,free,75464306-96f6-47c8-9a39-382bf4baa64e,Operator 5,operator.5@example.com,2025-09-22T11:11:39.734300+00:00,OP-0005,tech,online,2,31ac0a08-b4d3-494e-8a0f-79eb77e13e33,closed,medium,2026-02-12T11:11:39.735753+00:00,2026-02-13T20:11:39.735753+00:00,99c4cf1b-350d-4568-b534-bb15f541dee7,Message content 699,2026-02-12T17:22:39.735753+00:00,false,,,,
3502abd7-7e93-4dc8-a792-1ae86c10f336,Client 26,client.26@example.com,2025-11-19T11:11:39.733748+00:00,Company 26,86,premium,4e2e12c9-fb99-41b0-a60f-4eb61b5e0f33,Operator 4,operator.4@example.com,2025-08-27T11:11:39.734281+00:00,OP-0004,sales,online,6,988fee83-e9f2-4c1c-ad1b-f19e07ec158a,closed,low,2026-02-25T11:11:39.736433+00:00,2026-02-27T08:11:39.736433+00:00,ea57b19c-296c-4a61-bc12-22f7b3917e3d,Message content 700,2026-02-25T12:10:39.736433+00:00,false,,,,
86ed07ac-9eb8-4057-ae3c-96c475cf5c56,Client 25,client.25@example.com,2025-12-13T11:11:39.733726+00:00,Company 25,48,premium,679fc6d7-3349-4897-ab8c-49f7d7afa9f5,Operator 8,operator.8@example.com,2025-07-01T11:11:39.734353+00:00,OP-0008,support,offline,3,032195c9-c67a-44a6-af10-3cccd3e78cb5,pending,medium,2026-03-06T11:11:39.736859+00:00,,306d3b3b-60dd-4a1b-8af3-13566bf55940,Message content 701,2026-03-06T15:38:39.736859+00:00,true,,,,
8ff38149-d4f0-4e94-ac93-245a113f1c68,Client 18,client.18@example.com,2026-01-25T11:11:39.733607+00:00,Company 18,71,premium,775f6de4-bf12-43dc-b8ee-eff74e7fca85,Operator 3,operator.3@example.com,2026-01-11T11:11:39.734260+00:00,OP-0003,billing,offline,3,1376f62e-cbbb-45c9-9f2c-dd1bf29bc4f5,closed,medium,2026-01-15T11:11:39.735627+00:00,2026-01-15T18:11:39.735627+00:00,b8b59b00-7fcc-4c6e-addc-a5c102f5b5c5,Message content 702,2026-01-16T02:13:39.735627+00:00,true,8856d459-34d4-48ac-857f-a8fbab8b54d0,file_702.pdf,113684,jpg
bc58cd4e-7448-49c7-9d42-0f1f86fdfb7b,Client 41,client.41@example.com,2025-09-02T11:11:39.734024+00:00,Company 41,29,standard,75464306-96f6-47c8-9a39-382bf4baa64e,Operator 5,operator.5@example.com,2025-09-22T11:11:39.734300+00:00,OP-0005,tech,online,2,9619a752-d40c-4d1f-8df2-10f318e29832,closed,high,2026-01-16T11:11:39.736638+00:00,2026-01-17T19:11:39.736638+00:00,65b7dc8a-690a-489c-abdb-bafa894aa57c,Message content 703,2026-01-16T22:43:39.736638+00:00,true,,,,
0a272624-2c12-484e-8a21-5158a8d796cf,Client 49,client.49@example.com,2025-03-22T11:11:39.734164+00:00,Company 49,69,premium,13992f5b-13db-41f1-b7c6-e68ae67d889d,Operator 2,operator.2@example.com,2026-03-05T11:11:39.734236+00:00,OP-0002,billing,offline,6,7c8b809b-ced1-4d6a-8aee-8d6e7294de8d,pending,low,2026-01-16T11:11:39.736475+00:00,,3efb5788-1436-4589-b83b-f0a8ef915bbf,Message content 704,2026-01-16T14:26:39.736475+00:00,false,,,,
0777c6d2-2b2c-4b94-86df-1d6f74cb3528,Client 37,client.37@example.com,2025-08-16T11:11:39.733928+00:00,Company 37,83,enterprise,4e2e12c9-fb99-41b0-a60f-4eb61b5e0f33,Operator 4,operator.4@example.com,2025-08-27T11:11:39.734281+00:00,OP-0004,sales,online,6,c3a8d2ec-3958-4b7e-b0b6-3fd8ddc0c3f3,open,high,2026-02-18T11:11:39.735900+00:00,,ef8a1e68-ddae-45b3-8dea-1329b847eb5c,Message content 705,2026-02-18T22:59:39.735900+00:00,true,,,,
936d1ff9-8a2a-4433-b0f1-c232d8d82a6f,Client 30,client.30@example.com,2025-12-13T11:11:39.733814+00:00,Company 30,60,enterprise,75464306-96f6-47c8-9a39-382bf4baa64e,Operator 5,operator.5@example.com,2025-09-22T11:11:39.734300+00:00,OP-0005,tech,online,2,c828780d-2abf-400f-80fe-2bf0a239428f,closed,high,2026-02-07T11:11:39.734776+00:00,2026-02-09T10:11:39.734776+00:00,e5f65874-ee9e-41ba-8642-f145c14d733d,Message content 706,2026-02-08T06:14:39.734776+00:00,true,,,,
4b73c797-4439-4f60-9085-0e61a6a2015d,Client 43,client.43@example.com,2026-02-10T11:11:39.734062+00:00,Company 43,15,standard,c567ed84-590b-4b94-8e2c-2c96c62d400b,Operator 6,operator.6@example.com,2025-09-02T11:11:39.734317+00:00,OP-0006,billing,offline,2,45f0a610-5ff1-49c0-870f-fc327b2ff074,closed,low,2026-02-06T11:11:39.734431+00:00,2026-02-07T16:11:39.734431+00:00,1d6fb456-fc48-4cbd-b42a-46aac49da7a9,Message content 707,2026-02-07T09:08:39.734431+00:00,true,,,,
70dcd8f0-425b-4cd4-8884-3074718ab021,Client 21,client.21@example.com,2026-02-11T11:11:39.733657+00:00,Company 21,85,standard,7e797a74-cef7-4aac-8eec-dd396da1c475,Operator 7,operator.7@example.com,2025-11-03T11:11:39.734335+00:00,OP-0007,support,online,7,035f0d8b-9403-4f61-92c8-d59190c544a9,closed,medium,2026-01-27T11:11:39.735864+00:00,2026-01-27T19:11:39.735864+00:00,41de3517-1ec9-4e45-a8c1-8a9cb3ddbc61,Message content 708,2026-01-28T04:06:39.735864+00:00,true,,,,
8067d26e-94c8-4b4f-8ab1-93053f706f51,Client 28,client.28@example.com,2025-04-29T11:11:39.733781+00:00,Company 28,82,standard,8c273a5d-f06e-47e3-b4a7-da0ef6f06171,Operator 1,operator.1@example.com,2025-10-07T11:11:39.734205+00:00,OP-0001,tech,offline,5,f2dbb391-1e67-44a5-a551-ee9fc9d3cfb4,closed,high,2026-02-01T11:11:39.735929+00:00,2026-02-03T07:11:39.735929+00:00,af77214b-4b6b-4fd7-90b2-ee7ab811d5e2,Message content 709,2026-02-01T22:07:39.735929+00:00,false,f20417cd-75a6-4869-bb8c-6a24545c92c0,file_709.png,4262431,jpg
8067d26e-94c8-4b4f-8ab1-93053f706f51,Client 28,client.28@example.com,2025-04-29T11:11:39.733781+00:00,Company 28,82,standard,730d608c-8e10-4f7e-a51d-db0d13429f86,Operator 10,operator.10@example.com,2025-06-09T11:11:39.734388+00:00,OP-0010,tech,offline,6,9991b2a2-028b-449a-a7f7-beb0ca40ae35,closed,medium,2026-01-27T11:11:39.736207+00:00,2026-01-28T08:11:39.736207+00:00,fbc364ef-93ea-432c-a7d7-0acfe2ac30d0,Message content 710,2026-01-28T09:08:39.736207+00:00,false,,,,
dd2d5218-9c9f-4ea4-a2f5-2d90d93c7e31,Client 47,client.47@example.com,2025-06-09T11:11:39.734131+00:00,Company 47,33,free,8c273a5d-f06e-47e3-b4a7-da0ef6f06171,Operator 1,operator.1@example.com,2025-10-07T11:11:39.734205+00:00,OP-0001,tech,offline,5,91e7a664-4113-4ce8-a3bb-a401a4c4208b,closed,low,2026-01-22T11:11:39.734612+00:00,2026-01-24T05:11:39.734612+00:00,724ca2fe-98c3-4261-bba2-4c7898674063,Message content 711,2026-01-23T02:51:39.734612+00:00,true,,,,
5faa6da9-33a3-408c-a571-b6625b43948e,Client 4,client.4@example.com,2025-03-25T11:11:39.733349+00:00,Company 4,95,free,7e797a74-cef7-4aac-8eec-dd396da1c475,Operator 7,operator.7@example.com,2025-11-03T11:11:39.734335+00:00,OP-0007,support,online,7,19c95279-ff17-42d6-9e10-1fbcf226f9eb,pending,low,2026-01-19T11:11:39.734634+00:00,,50c7b118-167c-4c2f-a0a4-d2edb4e1324f,Message content 712,2026-01-20T04:11:39.734634+00:00,true,,,,
58a107b7-f3f3-4c7c-9ecf-0d8e2ed82e88,Client 48,client.48@example.com,2025-03-23T11:11:39.734148+00:00,Company 48,93,free,4e2e12c9-fb99-41b0-a60f-4eb61b5e0f33,Operator 4,operator.4@example.com,2025-08-27T11:11:39.734281+00:00,OP-0004,sales,online,6,c12b2b8f-6bf0-4659-97c9-5b2ca3b9a26d,pending,low,2026-02-11T11:11:39.735986+00:00,,aec82fef-6fad-4319-a6f8-1797c92fe877,Message content 713,2026-02-12T09:29:39.735986+00:00,true,0014d25d-8ef7-4484-81a0-464b92547c20,file_713.png,4683553,png
5faa6da9-33a3-408c-a571-b6625b43948e,Client 4,client.4@example.com,2025-03-25T11:11:39.733349+00:00,Company 4,95,free,7e797a74-cef7-4aac-8eec-dd396da1c475,Operator 7,operator.7@example.com,2025-11-03T11:11:39.734335+00:00,OP-0007,support,online,7,19c95279-ff17-42d6-9e10-1fbcf226f9eb,pending,low,2026-01-19T11:11:39.734634+00:00,,c39dc0dd-3215-44a8-8a19-bb967b529112,Message content 714,2026-01-20T07:48:39.734634+00:00,true,,,,
0e833b5b-bec5-417c-86d1-31d364dba72e,Client 8,client.8@example.com,2025-05-23T11:11:39.733428+00:00,Company 8,26,enterprise,75464306-96f6-47c8-9a39-382bf4baa64e,Operator 5,operator.5@example.com,2025-09-22T11:11:39.734300+00:00,OP-0005,tech,online,2,4759550c-d33b-4924-b9cd-531a205dc23a,pending,high,2026-02-02T11:11:39.736043+00:00,,b40babac-f874-47c3-9249-50665b5ba65e,Message content 715,2026-02-03T06:22:39.736043+00:00,true,06861af3-5607-4d45-9a5a-73a6f709f27f,file_715.pdf,3057937,png
322d10ae-d002-4347-b879-783c9476871a,Client 34,client.34@example.com,2025-08-13T11:11:39.733880+00:00,Company 34,35,free,c567ed84-590b-4b94-8e2c-2c96c62d400b,Operator 6,operator.6@example.com,2025-09-02T11:11:39.734317+00:00,OP-0006,billing,offline,2,241d8272-6e9e-47e1-88d1-b57240b9eaf6,pending,low,2026-01-06T11:11:39.734971+00:00,,92cee356-7876-478f-a10e-6094c9f3a5e3,Message content 716,2026-01-07T02:41:39.734971+00:00,false,,,,
0fc60bab-9ce8-47f8-97e1-485d6ad75f21,Client 50,client.50@example.com,2025-04-12T11:11:39.734180+00:00,Company 50,44,free,13992f5b-13db-41f1-b7c6-e68ae67d889d,Operator 2,operator.2@example.com,2026-03-05T11:11:39.734236+00:00,OP-0002,billing,offline,6,c5942bb0-a795-4c63-bda3-d8a03d5d398b,pending,high,2026-02-05T11:11:39.736375+00:00,,77fb5c28-3efe-47fd-a1a9-f3227513b63f,Message content 717,2026-02-06T03:19:39.736375+00:00,true,,,,
88ded20b-1cd1-4dab-8c10-4f1303231c40,Client 44,client.44@example.com,2025-04-19T11:11:39.734078+00:00,Company 44,21,enterprise,cbe4ab29-47da-4080-be68-40c8076ffd1c,Operator 9,operator.9@example.com,2025-04-03T11:11:39.734371+00:00,OP-0009,tech,offline,4,e8f1ede2-a205-4159-ba19-f13d7f0edab4,open,low,2026-02-13T11:11:39.735787+00:00,,d96cc475-cbed-44ad-bf83-8d1e654f612e,Message content 718,2026-02-13T15:04:39.735787+00:00,true,124a3001-389c-4a44-bf4e-4e0ef3263772,file_718.png,2873511,pdf
92e2cff6-5b04-44a7-b58c-4d0d1060260b,Client 16,client.16@example.com,2026-02-12T11:11:39.733572+00:00,Company 16,94,enterprise,13992f5b-13db-41f1-b7c6-e68ae67d889d,Operator 2,operator.2@example.com,2026-03-05T11:11:39.734236+00:00,OP-0002,billing,offline,6,289a2075-7af3-408a-a5e9-3e03fa0a0a3e,open,medium,2026-02-05T11:11:39.736523+00:00,,635c3c3d-55b4-4944-9601-99889c97e776,Message content 719,2026-02-05T21:08:39.736523+00:00,true,,,,
8067d26e-94c8-4b4f-8ab1-93053f706f51,Client 28,client.28@example.com,2025-04-29T11:11:39.733781+00:00,Company 28,82,standard,775f6de4-bf12-43dc-b8ee-eff74e7fca85,Operator 3,operator.3@example.com,2026-01-11T11:11:39.734260+00:00,OP-0003,billing,offline,3,14fcb8c7-648f-4441-835b-856bce0df9b2,pending,low,2026-02-17T11:11:39.734672+00:00,,b12266a7-acbb-4154-8632-72c16eea723b,Message content 720,2026-02-17T12:44:39.734672+00:00,true,,,,
5faa6da9-33a3-408c-a571-b6625b43948e,Client 4,client.4@example.com,2025-03-25T11:11:39.733349+00:00,Company 4,95,free,4e2e12c9-fb99-41b0-a60f-4eb61b5e0f33,Operator 4,operator.4@example.com,2025-08-27T11:11:39.734281+00:00,OP-0004,sales,online,6,2fdc35b1-7fd7-4dba-9850-438a59ef2aa4,pending,medium,2026-01-12T11:11:39.736801+00:00,,c6367a5d-69ae-4f2b-97e8-5900ec0f264a,Message content 721,2026-01-13T01:09:39.736801+00:00,true,9abce898-c674-404e-aa6b-2723b817179a,file_721.jpg,1022889,txt
55ffb774-9524-46af-919c-2ad12b14fd74,Client 40,client.40@example.com,2025-05-11T11:11:39.734007+00:00,Company 40,55,enterprise,13992f5b-13db-41f1-b7c6-e68ae67d889d,Operator 2,operator.2@example.com,2026-03-05T11:11:39.734236+00:00,OP-0002,billing,offline,6,664b38d6-b107-41cf-9be4-193324da2607,closed,high,2026-02-08T11:11:39.734937+00:00,2026-02-10T01:11:39.734937+00:00,6c735da6-bd48-4c9a-b008-47322379e3d4,Message content 722,2026-02-09T02:47:39.734937+00:00,true,,,,
b1b67804-39c9-4048-89d8-bcd70a55dd71,Client 46,client.46@example.com,2025-08-23T11:11:39.734115+00:00,Company 46,77,enterprise,7e797a74-cef7-4aac-8eec-dd396da1c475,Operator 7,operator.7@example.com,2025-11-03T11:11:39.734335+00:00,OP-0007,support,online,7,5a4a3e7b-8427-45cb-8051-ef6ff597f716,open,low,2026-01-30T11:11:39.735351+00:00,,c25d879d-c378-4ebf-aa81-2fd539a45e94,Message content 723,2026-01-30T14:51:39.735351+00:00,true,,,,
92e2cff6-5b04-44a7-b58c-4d0d1060260b,Client 16,client.16@example.com,2026-02-12T11:11:39.733572+00:00,Company 16,94,enterprise,13992f5b-13db-41f1-b7c6-e68ae67d889d,Operator 2,operator.2@example.com,2026-03-05T11:11:39.734236+00:00,OP-0002,billing,offline,6,289a2075-7af3-408a-a5e9-3e03fa0a0a3e,open,medium,2026-02-05T11:11:39.736523+00:00,,aefa93db-1b56-4e18-b78f-2959fb505978,Message content 724,2026-02-06T10:07:39.736523+00:00,false,,,,
88ded20b-1cd1-4dab-8c10-4f1303231c40,Client 44,client.44@example.com,2025-04-19T11:11:39.734078+00:00,Company 44,21,enterprise,cbe4ab29-47da-4080-be68-40c8076ffd1c,Operator 9,operator.9@example.com,2025-04-03T11:11:39.734371+00:00,OP-0009,tech,offline,4,e8f1ede2-a205-4159-ba19-f13d7f0edab4,open,low,2026-02-13T11:11:39.735787+00:00,,431a4da5-f7af-4235-b60b-90bdc011164c,Message content 725,2026-02-14T02:47:39.735787+00:00,false,,,,
ecc24a2d-ea47-4b7a-a258-09210ce529f1,Client 31,client.31@example.com,2025-10-19T11:11:39.733830+00:00,Company 31,82,standard,4e2e12c9-fb99-41b0-a60f-4eb61b5e0f33,Operator 4,operator.4@example.com,2025-08-27T11:11:39.734281+00:00,OP-0004,sales,online,6,e5e20df2-be6f-4401-863d-aba5a1a31e3b,pending,low,2026-01-10T11:11:39.734744+00:00,,1f372919-cdf8-45ff-906a-ed414dfde389,Message content 726,2026-01-11T04:12:39.734744+00:00,false,bbce5d62-08b9-4e0c-ae74-1c66788d839f,file_726.txt,4918348,txt
0e833b5b-bec5-417c-86d1-31d364dba72e,Client 8,client.8@example.com,2025-05-23T11:11:39.733428+00:00,Company 8,26,enterprise,75464306-96f6-47c8-9a39-382bf4baa64e,Operator 5,operator.5@example.com,2025-09-22T11:11:39.734300+00:00,OP-0005,tech,online,2,4759550c-d33b-4924-b9cd-531a205dc23a,pending,high,2026-02-02T11:11:39.736043+00:00,,4cf5b81b-b055-4bb4-a88d-d498e679f1b2,Message content 727,2026-02-02T17:13:39.736043+00:00,true,,,,
0a272624-2c12-484e-8a21-5158a8d796cf,Client 49,client.49@example.com,2025-03-22T11:11:39.734164+00:00,Company 49,69,premium,4e2e12c9-fb99-41b0-a60f-4eb61b5e0f33,Operator 4,operator.4@example.com,2025-08-27T11:11:39.734281+00:00,OP-0004,sales,online,6,90bec7ed-7dea-4078-8ca0-3357d9b2fd4f,pending,medium,2026-02-24T11:11:39.734729+00:00,,9a79268d-465d-43ab-a745-f58ed4f222a6,Message content 728,2026-02-24T14:43:39.734729+00:00,true,,,,
17543439-3080-4320-9450-fde238897d38,Client 3,client.3@example.com,2025-12-25T11:11:39.733325+00:00,Company 3,95,free,8c273a5d-f06e-47e3-b4a7-da0ef6f06171,Operator 1,operator.1@example.com,2025-10-07T11:11:39.734205+00:00,OP-0001,tech,offline,5,9871d710-6730-430d-b4a0-0c88e046d70e,open,high,2026-02-13T11:11:39.735296+00:00,,84de267f-1854-489f-a870-d961d442f152,Message content 729,2026-02-14T04:23:39.735296+00:00,true,,,,
0777c6d2-2b2c-4b94-86df-1d6f74cb3528,Client 37,client.37@example.com,2025-08-16T11:11:39.733928+00:00,Company 37,83,enterprise,4e2e12c9-fb99-41b0-a60f-4eb61b5e0f33,Operator 4,operator.4@example.com,2025-08-27T11:11:39.734281+00:00,OP-0004,sales,online,6,28557798-e9e8-4d9b-9a22-af77b48aee99,closed,medium,2026-01-20T11:11:39.736402+00:00,2026-01-21T12:11:39.736402+00:00,d4f39014-f1e8-44e0-8479-2e67884657fa,Message content 730,2026-01-21T10:49:39.736402+00:00,true,,,,
b1b67804-39c9-4048-89d8-bcd70a55dd71,Client 46,client.46@example.com,2025-08-23T11:11:39.734115+00:00,Company 46,77,enterprise,7e797a74-cef7-4aac-8eec-dd396da1c475,Operator 7,operator.7@example.com,2025-11-03T11:11:39.734335+00:00,OP-0007,support,online,7,5a4a3e7b-8427-45cb-8051-ef6ff597f716,open,low,2026-01-30T11:11:39.735351+00:00,,c2c15c24-ca9c-4227-81ee-4a0bba98bc57,Message content 731,2026-01-30T21:13:39.735351+00:00,true,,,,
8ff38149-d4f0-4e94-ac93-245a113f1c68,Client 18,client.18@example.com,2026-01-25T11:11:39.733607+00:00,Company 18,71,premium,775f6de4-bf12-43dc-b8ee-eff74e7fca85,Operator 3,operator.3@example.com,2026-01-11T11:11:39.734260+00:00,OP-0003,billing,offline,3,1376f62e-cbbb-45c9-9f2c-dd1bf29bc4f5,closed,medium,2026-01-15T11:11:39.735627+00:00,2026-01-15T18:11:39.735627+00:00,7fb8e21f-31cb-48c7-bf92-3dbd18d49eae,Message content 732,2026-01-16T07:44:39.735627+00:00,false,,,,
02605a21-0cd4-4681-89e4-841a48af011f,Client 19,client.19@example.com,2025-04-19T11:11:39.733624+00:00,Company 19,80,premium,730d608c-8e10-4f7e-a51d-db0d13429f86,Operator 10,operator.10@example.com,2025-06-09T11:11:39.734388+00:00,OP-0010,tech,offline,6,37eeb618-1da8-4e27-9710-48189b5b1143,closed,low,2026-02-21T11:11:39.735208+00:00,2026-02-22T09:11:39.735208+00:00,2f8bb815-03a2-4753-89bb-e24e30f64ccd,Message content 733,2026-02-22T11:07:39.735208+00:00,true,,,,
0a272624-2c12-484e-8a21-5158a8d796cf,Client 49,client.49@example.com,2025-03-22T11:11:39.734164+00:00,Company 49,69,premium,7e797a74-cef7-4aac-8eec-dd396da1c475,Operator 7,operator.7@example.com,2025-11-03T11:11:39.734335+00:00,OP-0007,support,online,7,62c2d753-7eb6-4d50-850f-8112d2172eff,pending,high,2026-01-11T11:11:39.736887+00:00,,17994806-73e3-48cf-a5c7-1fc7a83059dd,Message content 734,2026-01-12T06:04:39.736887+00:00,true,,,,
0a272624-2c12-484e-8a21-5158a8d796cf,Client 49,client.49@example.com,2025-03-22T11:11:39.734164+00:00,Company 49,69,premium,13992f5b-13db-41f1-b7c6-e68ae67d889d,Operator 2,operator.2@example.com,2026-03-05T11:11:39.734236+00:00,OP-0002,billing,offline,6,7c8b809b-ced1-4d6a-8aee-8d6e7294de8d,pending,low,2026-01-16T11:11:39.736475+00:00,,bfa11a4a-647a-423c-b176-fba9f0acdd63,Message content 735,2026-01-16T21:06:39.736475+00:00,false,,,,
0a272624-2c12-484e-8a21-5158a8d796cf,Client 49,client.49@example.com,2025-03-22T11:11:39.734164+00:00,Company 49,69,premium,4e2e12c9-fb99-41b0-a60f-4eb61b5e0f33,Operator 4,operator.4@example.com,2025-08-27T11:11:39.734281+00:00,OP-0004,sales,online,6,90bec7ed-7dea-4078-8ca0-3357d9b2fd4f,pending,medium,2026-02-24T11:11:39.734729+00:00,,168fcc45-d8bf-41a9-8c4f-7868daa8f4f7,Message content 736,2026-02-25T09:22:39.734729+00:00,true,,,,
c1d26b76-65a7-43fd-a884-ff8ace8e21f5,Client 36,client.36@example.com,2025-11-18T11:11:39.733912+00:00,Company 36,84,enterprise,8c273a5d-f06e-47e3-b4a7-da0ef6f06171,Operator 1,operator.1@example.com,2025-10-07T11:11:39.734205+00:00,OP-0001,tech,offline,5,85460c13-7a82-492d-87c5-dfa2cb9837d6,pending,low,2026-02-15T11:11:39.736182+00:00,,e608c4f9-c4b4-4c5a-a1aa-7353cc07b717,Message content 737,2026-02-16T10:52:39.736182+00:00,false,,,,
86ed07ac-9eb8-4057-ae3c-96c475cf5c56,Client 25,client.25@example.com,2025-12-13T11:11:39.733726+00:00,Company 25,48,premium,c567ed84-590b-4b94-8e2c-2c96c62d400b,Operator 6,operator.6@example.com,2025-09-02T11:11:39.734317+00:00,OP-0006,billing,offline,2,7647f22b-6357-46b6-8f55-20df71847d01,closed,high,2026-01-23T11:11:39.736979+00:00,2026-01-24T13:11:39.736979+00:00,276d27c8-bd85-4ecd-b7e0-87a631d3682b,Message content 738,2026-01-23T23:12:39.736979+00:00,true,,,,
bc58cd4e-7448-49c7-9d42-0f1f86fdfb7b,Client 41,client.41@example.com,2025-09-02T11:11:39.734024+00:00,Company 41,29,standard,75464306-96f6-47c8-9a39-382bf4baa64e,Operator 5,operator.5@example.com,2025-09-22T11:11:39.734300+00:00,OP-0005,tech,online,2,9619a752-d40c-4d1f-8df2-10f318e29832,closed,high,2026-01-16T11:11:39.736638+00:00,2026-01-17T19:11:39.736638+00:00,9dc6deb8-c57f-48ca-832c-695a8ae61188,Message content 739,2026-01-17T01:25:39.736638+00:00,false,,,,
58a107b7-f3f3-4c7c-9ecf-0d8e2ed82e88,Client 48,client.48@example.com,2025-03-23T11:11:39.734148+00:00,Company 48,93,free,775f6de4-bf12-43dc-b8ee-eff74e7fca85,Operator 3,operator.3@example.com,2026-01-11T11:11:39.734260+00:00,OP-0003,billing,offline,3,1bbf9cfb-6b5c-49c6-bcbe-43945017a295,closed,medium,2026-01-26T11:11:39.736144+00:00,2026-01-27T07:11:39.736144+00:00,8f898107-008a-4db0-8b1f-136b0846cd96,Message content 740,2026-01-26T20:56:39.736144+00:00,true,,,,
4b73c797-4439-4f60-9085-0e61a6a2015d,Client 43,client.43@example.com,2026-02-10T11:11:39.734062+00:00,Company 43,15,standard,c567ed84-590b-4b94-8e2c-2c96c62d400b,Operator 6,operator.6@example.com,2025-09-02T11:11:39.734317+00:00,OP-0006,billing,offline,2,45f0a610-5ff1-49c0-870f-fc327b2ff074,closed,low,2026-02-06T11:11:39.734431+00:00,2026-02-07T16:11:39.734431+00:00,8dd57603-705a-46f4-91e9-25eab784dbf2,Message content 741,2026-02-07T05:01:39.734431+00:00,true,fec68aca-d250-4825-bacf-57b10e71aba8,file_741.png,484835,jpg
02605a21-0cd4-4681-89e4-841a48af011f,Client 19,client.19@example.com,2025-04-19T11:11:39.733624+00:00,Company 19,80,premium,775f6de4-bf12-43dc-b8ee-eff74e7fca85,Operator 3,operator.3@example.com,2026-01-11T11:11:39.734260+00:00,OP-0003,billing,offline,3,dc2d98d3-9cc9-4bae-b622-a136687e08f6,closed,medium,2026-02-06T11:11:39.735084+00:00,2026-02-08T09:11:39.735084+00:00,26458bd6-692e-4a46-a74a-00913056d081,Message content 742,2026-02-06T16:40:39.735084+00:00,true,,,,
5caab472-47e3-4e7f-a3a7-3c61503d63e0,Client 11,client.11@example.com,2025-03-14T11:11:39.733488+00:00,Company 11,55,premium,7e797a74-cef7-4aac-8eec-dd396da1c475,Operator 7,operator.7@example.com,2025-11-03T11:11:39.734335+00:00,OP-0007,support,online,7,1d53ad4e-5f63-40ca-b89b-9c47139a9c06,pending,medium,2026-03-06T11:11:39.734760+00:00,,c2c801ca-4fd8-4c3c-a969-39b24c7aac4a,Message content 743,2026-03-06T13:18:39.734760+00:00,true,,,,
971cc598-3020-4bee-bf75-fb360c582f03,Client 15,client.15@example.com,2025-09-11T11:11:39.733555+00:00,Company 15,78,premium,75464306-96f6-47c8-9a39-382bf4baa64e,Operator 5,operator.5@example.com,2025-09-22T11:11:39.734300+00:00,OP-0005,tech,online,2,12903e5f-92c8-4036-9c76-3db8cdfe7997,pending,low,2026-02-07T11:11:39.736947+00:00,,3471111c-5872-4635-9029-5412eec02f9b,Message content 744,2026-02-08T05:39:39.736947+00:00,false,a0729fcb-1551-4868-8057-3ecfec592e5e,file_744.png,4723432,jpg
58a107b7-f3f3-4c7c-9ecf-0d8e2ed82e88,Client 48,client.48@example.com,2025-03-23T11:11:39.734148+00:00,Company 48,93,free,cbe4ab29-47da-4080-be68-40c8076ffd1c,Operator 9,operator.9@example.com,2025-04-03T11:11:39.734371+00:00,OP-0009,tech,offline,4,7cf2c268-9c00-4c2a-9eb7-66429dcddb95,closed,medium,2026-01-14T11:11:39.736915+00:00,2026-01-15T02:11:39.736915+00:00,5e65b342-fb18-4253-a3d8-402b2750c204,Message content 745,2026-01-15T09:16:39.736915+00:00,true,,,,
86ed07ac-9eb8-4057-ae3c-96c475cf5c56,Client 25,client.25@example.com,2025-12-13T11:11:39.733726+00:00,Company 25,48,premium,775f6de4-bf12-43dc-b8ee-eff74e7fca85,Operator 3,operator.3@example.com,2026-01-11T11:11:39.734260+00:00,OP-0003,billing,offline,3,4094ee53-4cff-4849-aab1-6f93a0864a4d,open,low,2026-01-20T11:11:39.736743+00:00,,a6d4405b-efc9-4dd4-af63-20c36000cec0,Message content 746,2026-01-20T21:00:39.736743+00:00,true,,,,
0fc60bab-9ce8-47f8-97e1-485d6ad75f21,Client 50,client.50@example.com,2025-04-12T11:11:39.734180+00:00,Company 50,44,free,cbe4ab29-47da-4080-be68-40c8076ffd1c,Operator 9,operator.9@example.com,2025-04-03T11:11:39.734371+00:00,OP-0009,tech,offline,4,ede5b473-da51-4b24-afbd-20136c7a3499,pending,high,2026-01-09T11:11:39.735496+00:00,,b778b770-1ca6-45ca-ba1d-cd2ea8b7b73b,Message content 747,2026-01-10T00:24:39.735496+00:00,false,,,,
02605a21-0cd4-4681-89e4-841a48af011f,Client 19,client.19@example.com,2025-04-19T11:11:39.733624+00:00,Company 19,80,premium,4e2e12c9-fb99-41b0-a60f-4eb61b5e0f33,Operator 4,operator.4@example.com,2025-08-27T11:11:39.734281+00:00,OP-0004,sales,online,6,ab687850-17bd-4cbe-b7e8-b843f8dae9bc,pending,medium,2026-02-17T11:11:39.736692+00:00,,db16ab6e-25f7-4823-886d-fded7fe993aa,Message content 748,2026-02-17T21:51:39.736692+00:00,true,,,,
58a107b7-f3f3-4c7c-9ecf-0d8e2ed82e88,Client 48,client.48@example.com,2025-03-23T11:11:39.734148+00:00,Company 48,93,free,cbe4ab29-47da-4080-be68-40c8076ffd1c,Operator 9,operator.9@example.com,2025-04-03T11:11:39.734371+00:00,OP-0009,tech,offline,4,7cf2c268-9c00-4c2a-9eb7-66429dcddb95,closed,medium,2026-01-14T11:11:39.736915+00:00,2026-01-15T02:11:39.736915+00:00,64d122cb-9357-487b-a5eb-0f38dec0681d,Message content 749,2026-01-14T19:45:39.736915+00:00,false,01626e85-84ff-4957-a929-8885d0577ffd,file_749.txt,1902037,pdf
971cc598-3020-4bee-bf75-fb360c582f03,Client 15,client.15@example.com,2025-09-11T11:11:39.733555+00:00,Company 15,78,premium,75464306-96f6-47c8-9a39-382bf4baa64e,Operator 5,operator.5@example.com,2025-09-22T11:11:39.734300+00:00,OP-0005,tech,online,2,12903e5f-92c8-4036-9c76-3db8cdfe7997,pending,low,2026-02-07T11:11:39.736947+00:00,,af87c6c7-0b42-430e-b243-bc650bea171d,Message content 750,2026-02-08T07:16:39.736947+00:00,true,,,,
52fea20d-ccb0-42b4-82ec-0b205237569e,Client 35,client.35@example.com,2025-11-18T11:11:39.733896+00:00,Company 35,73,premium,8c273a5d-f06e-47e3-b4a7-da0ef6f06171,Operator 1,operator.1@example.com,2025-10-07T11:11:39.734205+00:00,OP-0001,tech,offline,5,842d941c-6fbb-4f6c-b37d-5daff267f8f1,pending,high,2026-01-07T11:11:39.737017+00:00,,1bfea090-860c-4cd9-a0be-dcb5b54ac525,Message content 751,2026-01-07T17:47:39.737017+00:00,true,58f99e76-7f86-4089-9723-d2473921a0ec,file_751.png,1578473,jpg
0a272624-2c12-484e-8a21-5158a8d796cf,Client 49,client.49@example.com,2025-03-22T11:11:39.734164+00:00,Company 49,69,premium,7e797a74-cef7-4aac-8eec-dd396da1c475,Operator 7,operator.7@example.com,2025-11-03T11:11:39.734335+00:00,OP-0007,support,online,7,62c2d753-7eb6-4d50-850f-8112d2172eff,pending,high,2026-01-11T11:11:39.736887+00:00,,9a82676b-666e-4ab9-9f06-78850bab2843,Message content 752,2026-01-12T04:43:39.736887+00:00,true,c1e2d09b-86c4-4648-9524-504323a7db39,file_752.pdf,4679087,pdf
0a272624-2c12-484e-8a21-5158a8d796cf,Client 49,client.49@example.com,2025-03-22T11:11:39.734164+00:00,Company 49,69,premium,4e2e12c9-fb99-41b0-a60f-4eb61b5e0f33,Operator 4,operator.4@example.com,2025-08-27T11:11:39.734281+00:00,OP-0004,sales,online,6,90bec7ed-7dea-4078-8ca0-3357d9b2fd4f,pending,medium,2026-02-24T11:11:39.734729+00:00,,d40c6e6e-e74a-40bf-a649-a47daaff3204,Message content 753,2026-02-24T16:40:39.734729+00:00,true,,,,
4cfd3965-0c74-47ca-8d1c-551fb947514c,Client 17,client.17@example.com,2025-06-05T11:11:39.733590+00:00,Company 17,16,enterprise,775f6de4-bf12-43dc-b8ee-eff74e7fca85,Operator 3,operator.3@example.com,2026-01-11T11:11:39.734260+00:00,OP-0003,billing,offline,3,e105a3dd-db0d-43ec-9ae1-7c3972d99e03,pending,high,2026-01-18T11:11:39.735321+00:00,,6bce7c12-d4a6-4ca6-a00f-7bf12e029400,Message content 754,2026-01-19T03:06:39.735321+00:00,true,,,,
936d1ff9-8a2a-4433-b0f1-c232d8d82a6f,Client 30,client.30@example.com,2025-12-13T11:11:39.733814+00:00,Company 30,60,enterprise,75464306-96f6-47c8-9a39-382bf4baa64e,Operator 5,operator.5@example.com,2025-09-22T11:11:39.734300+00:00,OP-0005,tech,online,2,c828780d-2abf-400f-80fe-2bf0a239428f,closed,high,2026-02-07T11:11:39.734776+00:00,2026-02-09T10:11:39.734776+00:00,9b227c51-1ed9-4857-827e-3e466862254f,Message content 755,2026-02-07T22:11:39.734776+00:00,false,,,,
b3f0dc7a-8965-4fd0-8d96-015039504208,Client 12,client.12@example.com,2025-10-15T11:11:39.733506+00:00,Company 12,20,standard,cbe4ab29-47da-4080-be68-40c8076ffd1c,Operator 9,operator.9@example.com,2025-04-03T11:11:39.734371+00:00,OP-0009,tech,offline,4,aed4d1de-b5f5-4286-b511-d7b2d09117c4,open,high,2026-02-05T11:11:39.736498+00:00,,2dba3e64-abe5-45de-a2a3-663f4e72c8a3,Message content 756,2026-02-06T08:11:39.736498+00:00,true,,,,
9573f1e3-e253-4a34-a620-aa47e4e21e12,Client 33,client.33@example.com,2025-11-09T11:11:39.733863+00:00,Company 33,5,premium,730d608c-8e10-4f7e-a51d-db0d13429f86,Operator 10,operator.10@example.com,2025-06-09T11:11:39.734388+00:00,OP-0010,tech,offline,6,c62d9326-1dfd-47bd-912c-3c4e7f5a7930,open,low,2026-02-13T11:11:39.736300+00:00,,43227ec2-a0ac-4ef7-9971-587c2ad026a1,Message content 757,2026-02-14T05:57:39.736300+00:00,false,,,,
5faa6da9-33a3-408c-a571-b6625b43948e,Client 4,client.4@example.com,2025-03-25T11:11:39.733349+00:00,Company 4,95,free,13992f5b-13db-41f1-b7c6-e68ae67d889d,Operator 2,operator.2@example.com,2026-03-05T11:11:39.734236+00:00,OP-0002,billing,offline,6,4e6adde7-3686-419c-9bba-35d9b0858ea2,pending,medium,2026-01-25T11:11:39.735267+00:00,,991f2544-c647-44ec-95eb-fb87892bff0c,Message content 758,2026-01-26T05:07:39.735267+00:00,true,bae67fb8-9f07-4330-9796-47fad5fbfe39,file_758.png,4247424,jpg
17543439-3080-4320-9450-fde238897d38,Client 3,client.3@example.com,2025-12-25T11:11:39.733325+00:00,Company 3,95,free,679fc6d7-3349-4897-ab8c-49f7d7afa9f5,Operator 8,operator.8@example.com,2025-07-01T11:11:39.734353+00:00,OP-0008,support,offline,3,f39345d0-d50a-4854-b445-e880ee27ea4d,open,medium,2026-02-20T11:11:39.735669+00:00,,b9db244f-df15-40a9-8b17-ad5b59afd25e,Message content 759,2026-02-21T05:43:39.735669+00:00,true,,,,
322d10ae-d002-4347-b879-783c9476871a,Client 34,client.34@example.com,2025-08-13T11:11:39.733880+00:00,Company 34,35,free,c567ed84-590b-4b94-8e2c-2c96c62d400b,Operator 6,operator.6@example.com,2025-09-02T11:11:39.734317+00:00,OP-0006,billing,offline,2,241d8272-6e9e-47e1-88d1-b57240b9eaf6,pending,low,2026-01-06T11:11:39.734971+00:00,,93facf4d-d5ae-44c2-937f-27ab193bd737,Message content 760,2026-01-06T18:27:39.734971+00:00,true,,,,
0e833b5b-bec5-417c-86d1-31d364dba72e,Client 8,client.8@example.com,2025-05-23T11:11:39.733428+00:00,Company 8,26,enterprise,13992f5b-13db-41f1-b7c6-e68ae67d889d,Operator 2,operator.2@example.com,2026-03-05T11:11:39.734236+00:00,OP-0002,billing,offline,6,1db27155-d627-49e7-a20f-1198b38053bc,closed,medium,2026-01-18T11:11:39.735177+00:00,2026-01-18T21:11:39.735177+00:00,126d90c5-22cd-42a9-87f1-37739eb66040,Message content 761,2026-01-18T18:38:39.735177+00:00,true,,,,
70dcd8f0-425b-4cd4-8884-3074718ab021,Client 21,client.21@example.com,2026-02-11T11:11:39.733657+00:00,Company 21,85,standard,7e797a74-cef7-4aac-8eec-dd396da1c475,Operator 7,operator.7@example.com,2025-11-03T11:11:39.734335+00:00,OP-0007,support,online,7,035f0d8b-9403-4f61-92c8-d59190c544a9,closed,medium,2026-01-27T11:11:39.735864+00:00,2026-01-27T19:11:39.735864+00:00,0c42771b-bd86-4a41-8d19-f5da41b1d3c7,Message content 762,2026-01-28T06:20:39.735864+00:00,false,,,,
4b73c797-4439-4f60-9085-0e61a6a2015d,Client 43,client.43@example.com,2026-02-10T11:11:39.734062+00:00,Company 43,15,standard,c567ed84-590b-4b94-8e2c-2c96c62d400b,Operator 6,operator.6@example.com,2025-09-02T11:11:39.734317+00:00,OP-0006,billing,offline,2,45f0a610-5ff1-49c0-870f-fc327b2ff074,closed,low,2026-02-06T11:11:39.734431+00:00,2026-02-07T16:11:39.734431+00:00,681a7e4e-19cf-4e0e-99a4-3a6369b59b48,Message content 763,2026-02-06T15:05:39.734431+00:00,true,,,,
4b73c797-4439-4f60-9085-0e61a6a2015d,Client 43,client.43@example.com,2026-02-10T11:11:39.734062+00:00,Company 43,15,standard,cbe4ab29-47da-4080-be68-40c8076ffd1c,Operator 9,operator.9@example.com,2025-04-03T11:11:39.734371+00:00,OP-0009,tech,offline,4,5d6289fa-a027-4260-bd93-8fb6fe369545,closed,medium,2026-01-30T11:11:39.736552+00:00,2026-01-31T08:11:39.736552+00:00,edc7cc95-d0e0-45fc-97f5-b734e26536bf,Message content 764,2026-01-31T08:07:39.736552+00:00,true,,,,
fd7d0456-43a1-4c22-9dfb-6a34f783ef0b,Client 22,client.22@example.com,2025-10-09T11:11:39.733674+00:00,Company 22,11,standard,13992f5b-13db-41f1-b7c6-e68ae67d889d,Operator 2,operator.2@example.com,2026-03-05T11:11:39.734236+00:00,OP-0002,billing,offline,6,bde9ddf7-b449-4841-b77b-4b68cc643a81,open,medium,2026-02-02T11:11:39.734522+00:00,,f663845b-5ac2-4815-bff4-8d1de0fb51e3,Message content 765,2026-02-03T10:28:39.734522+00:00,true,,,,
8bf6c5de-eb19-4f4f-9cb7-7e28340b53e6,Client 5,client.5@example.com,2025-05-08T11:11:39.733371+00:00,Company 5,55,free,679fc6d7-3349-4897-ab8c-49f7d7afa9f5,Operator 8,operator.8@example.com,2025-07-01T11:11:39.734353+00:00,OP-0008,support,offline,3,6004811b-18d1-46af-be6e-d71257dd3004,closed,low,2026-01-14T11:11:39.734687+00:00,2026-01-14T18:11:39.734687+00:00,ef0f9e83-8ae1-4458-a396-cd7f0b130db1,Message content 766,2026-01-15T00:21:39.734687+00:00,false,e38cbb8b-deac-4efe-a609-766f795a2692,file_766.png,4345801,pdf
0e833b5b-bec5-417c-86d1-31d364dba72e,Client 8,client.8@example.com,2025-05-23T11:11:39.733428+00:00,Company 8,26,enterprise,75464306-96f6-47c8-9a39-382bf4baa64e,Operator 5,operator.5@example.com,2025-09-22T11:11:39.734300+00:00,OP-0005,tech,online,2,4759550c-d33b-4924-b9cd-531a205dc23a,pending,high,2026-02-02T11:11:39.736043+00:00,,45f18fbd-d3ec-4ea7-97eb-b3a8994da903,Message content 767,2026-02-03T04:32:39.736043+00:00,true,,,,
55ffb774-9524-46af-919c-2ad12b14fd74,Client 40,client.40@example.com,2025-05-11T11:11:39.734007+00:00,Company 40,55,enterprise,cbe4ab29-47da-4080-be68-40c8076ffd1c,Operator 9,operator.9@example.com,2025-04-03T11:11:39.734371+00:00,OP-0009,tech,offline,4,4c5a93b7-c798-45f1-88f1-160a45fd49c2,closed,low,2026-02-07T11:11:39.736583+00:00,2026-02-08T16:11:39.736583+00:00,baefa894-9ce9-4841-a9a9-561c017def5b,Message content 768,2026-02-07T17:45:39.736583+00:00,true,,,,
92e2cff6-5b04-44a7-b58c-4d0d1060260b,Client 16,client.16@example.com,2026-02-12T11:11:39.733572+00:00,Company 16,94,enterprise,4e2e12c9-fb99-41b0-a60f-4eb61b5e0f33,Operator 4,operator.4@example.com,2025-08-27T11:11:39.734281+00:00,OP-0004,sales,online,6,a1e90e84-590c-4f42-bfde-ec1ffba6455f,closed,low,2026-02-22T11:11:39.734650+00:00,2026-02-23T16:11:39.734650+00:00,33cb2492-ffa4-4e6b-a4cc-2103dea08f1b,Message content 769,2026-02-22T16:53:39.734650+00:00,false,,,,
58a107b7-f3f3-4c7c-9ecf-0d8e2ed82e88,Client 48,client.48@example.com,2025-03-23T11:11:39.734148+00:00,Company 48,93,free,775f6de4-bf12-43dc-b8ee-eff74e7fca85,Operator 3,operator.3@example.com,2026-01-11T11:11:39.734260+00:00,OP-0003,billing,offline,3,1bbf9cfb-6b5c-49c6-bcbe-43945017a295,closed,medium,2026-01-26T11:11:39.736144+00:00,2026-01-27T07:11:39.736144+00:00,e512f4c4-f72e-493b-bf4f-92b4cfc7d465,Message content 770,2026-01-26T11:26:39.736144+00:00,true,,,,
b3f0dc7a-8965-4fd0-8d96-015039504208,Client 12,client.12@example.com,2025-10-15T11:11:39.733506+00:00,Company 12,20,standard,cbe4ab29-47da-4080-be68-40c8076ffd1c,Operator 9,operator.9@example.com,2025-04-03T11:11:39.734371+00:00,OP-0009,tech,offline,4,aed4d1de-b5f5-4286-b511-d7b2d09117c4,open,high,2026-02-05T11:11:39.736498+00:00,,a323ac4d-f4bf-4102-80d8-5763fce4358d,Message content 771,2026-02-05T18:27:39.736498+00:00,true,,,,
8067d26e-94c8-4b4f-8ab1-93053f706f51,Client 28,client.28@example.com,2025-04-29T11:11:39.733781+00:00,Company 28,82,standard,775f6de4-bf12-43dc-b8ee-eff74e7fca85,Operator 3,operator.3@example.com,2026-01-11T11:11:39.734260+00:00,OP-0003,billing,offline,3,14fcb8c7-648f-4441-835b-856bce0df9b2,pending,low,2026-02-17T11:11:39.734672+00:00,,dcf56046-8f76-4ad9-803a-dce21c1ef56b,Message content 772,2026-02-17T18:12:39.734672+00:00,false,,,,
0a272624-2c12-484e-8a21-5158a8d796cf,Client 49,client.49@example.com,2025-03-22T11:11:39.734164+00:00,Company 49,69,premium,7e797a74-cef7-4aac-8eec-dd396da1c475,Operator 7,operator.7@example.com,2025-11-03T11:11:39.734335+00:00,OP-0007,support,online,7,62c2d753-7eb6-4d50-850f-8112d2172eff,pending,high,2026-01-11T11:11:39.736887+00:00,,90d8dd28-124a-4e6d-a181-5ebeae6ec1ca,Message content 773,2026-01-12T02:02:39.736887+00:00,false,,,,
58a107b7-f3f3-4c7c-9ecf-0d8e2ed82e88,Client 48,client.48@example.com,2025-03-23T11:11:39.734148+00:00,Company 48,93,free,cbe4ab29-47da-4080-be68-40c8076ffd1c,Operator 9,operator.9@example.com,2025-04-03T11:11:39.734371+00:00,OP-0009,tech,offline,4,7cf2c268-9c00-4c2a-9eb7-66429dcddb95,closed,medium,2026-01-14T11:11:39.736915+00:00,2026-01-15T02:11:39.736915+00:00,ec34f5b4-e643-4e33-a056-48f7af6f88fc,Message content 774,2026-01-15T10:36:39.736915+00:00,true,fdf8923c-8dd7-43ab-910b-52680530b099,file_774.pdf,327813,png
8067d26e-94c8-4b4f-8ab1-93053f706f51,Client 28,client.28@example.com,2025-04-29T11:11:39.733781+00:00,Company 28,82,standard,c567ed84-590b-4b94-8e2c-2c96c62d400b,Operator 6,operator.6@example.com,2025-09-02T11:11:39.734317+00:00,OP-0006,billing,offline,2,69e2f568-b6db-450d-82e0-2d0116a9da57,pending,medium,2026-02-07T11:11:39.734596+00:00,,25ba45ad-6771-4d9e-acaf-6874d271a706,Message content 775,2026-02-07T13:02:39.734596+00:00,true,06913551-6f18-48a0-b1ca-b679cde084be,file_775.png,4833133,jpg
d826c7a0-bfe6-427f-8452-02427e211d02,Client 23,client.23@example.com,2026-01-14T11:11:39.733691+00:00,Company 23,49,premium,13992f5b-13db-41f1-b7c6-e68ae67d889d,Operator 2,operator.2@example.com,2026-03-05T11:11:39.734236+00:00,OP-0002,billing,offline,6,1542e91f-4330-4699-b7ee-8306c765a188,open,medium,2026-01-09T11:11:39.735060+00:00,,a337f8ee-5c91-40a9-b823-9c7d7e05af97,Message content 776,2026-01-10T01:05:39.735060+00:00,true,,,,
be8e0951-42af-4432-9cc6-c69623522d28,Client 2,client.2@example.com,2025-10-17T11:11:39.733288+00:00,Company 2,32,standard,4e2e12c9-fb99-41b0-a60f-4eb61b5e0f33,Operator 4,operator.4@example.com,2025-08-27T11:11:39.734281+00:00,OP-0004,sales,online,6,e0821134-a29d-49d8-8958-797a2a40920b,pending,medium,2026-02-09T11:11:39.735726+00:00,,dc2939a0-0151-495a-a99f-f3e08b168735,Message content 777,2026-02-09T21:58:39.735726+00:00,true,2240a01c-5492-41cc-8b1c-d0851f94c4d2,file_777.png,540475,png
86ed07ac-9eb8-4057-ae3c-96c475cf5c56,Client 25,client.25@example.com,2025-12-13T11:11:39.733726+00:00,Company 25,48,premium,775f6de4-bf12-43dc-b8ee-eff74e7fca85,Operator 3,operator.3@example.com,2026-01-11T11:11:39.734260+00:00,OP-0003,billing,offline,3,4094ee53-4cff-4849-aab1-6f93a0864a4d,open,low,2026-01-20T11:11:39.736743+00:00,,9c0eb564-4d36-4a96-bf82-d8080c6619d0,Message content 778,2026-01-20T13:39:39.736743+00:00,true,,,,
0e833b5b-bec5-417c-86d1-31d364dba72e,Client 8,client.8@example.com,2025-05-23T11:11:39.733428+00:00,Company 8,26,enterprise,13992f5b-13db-41f1-b7c6-e68ae67d889d,Operator 2,operator.2@example.com,2026-03-05T11:11:39.734236+00:00,OP-0002,billing,offline,6,1db27155-d627-49e7-a20f-1198b38053bc,closed,medium,2026-01-18T11:11:39.735177+00:00,2026-01-18T21:11:39.735177+00:00,c7234ce4-43fd-4b58-a6b5-f623fa61181f,Message content 779,2026-01-19T10:35:39.735177+00:00,true,,,,
86ed07ac-9eb8-4057-ae3c-96c475cf5c56,Client 25,client.25@example.com,2025-12-13T11:11:39.733726+00:00,Company 25,48,premium,c567ed84-590b-4b94-8e2c-2c96c62d400b,Operator 6,operator.6@example.com,2025-09-02T11:11:39.734317+00:00,OP-0006,billing,offline,2,7647f22b-6357-46b6-8f55-20df71847d01,closed,high,2026-01-23T11:11:39.736979+00:00,2026-01-24T13:11:39.736979+00:00,42f4613e-94fd-4246-b450-4f8f9d4c4ba7,Message content 780,2026-01-24T02:07:39.736979+00:00,false,,,,
f3a41c1c-78ab-41a3-afce-0fdd1b2b2d69,Client 38,client.38@example.com,2025-12-23T11:11:39.733948+00:00,Company 38,34,standard,cbe4ab29-47da-4080-be68-40c8076ffd1c,Operator 9,operator.9@example.com,2025-04-03T11:11:39.734371+00:00,OP-0009,tech,offline,4,a32d2ff4-0427-4efc-a9fc-73293b84612d,closed,low,2026-02-20T11:11:39.734478+00:00,2026-02-21T02:11:39.734478+00:00,1b3981f1-28a0-48bf-b064-2d2c132c5b4d,Message content 781,2026-02-21T03:21:39.734478+00:00,true,8f6649a6-80b3-4446-ae0e-f900892b537c,file_781.txt,4587868,pdf
92e2cff6-5b04-44a7-b58c-4d0d1060260b,Client 16,client.16@example.com,2026-02-12T11:11:39.733572+00:00,Company 16,94,enterprise,13992f5b-13db-41f1-b7c6-e68ae67d889d,Operator 2,operator.2@example.com,2026-03-05T11:11:39.734236+00:00,OP-0002,billing,offline,6,289a2075-7af3-408a-a5e9-3e03fa0a0a3e,open,medium,2026-02-05T11:11:39.736523+00:00,,6afe0560-931a-4a01-aff9-5ff438d83f53,Message content 782,2026-02-05T16:06:39.736523+00:00,false,d4ac4673-f580-4df1-b971-3255137cec2f,file_782.pdf,103534,jpg
8f275979-555b-4725-9ef2-d59d15bef42c,Client 42,client.42@example.com,2025-06-19T11:11:39.734045+00:00,Company 42,64,free,cbe4ab29-47da-4080-be68-40c8076ffd1c,Operator 9,operator.9@example.com,2025-04-03T11:11:39.734371+00:00,OP-0009,tech,offline,4,8ee293dd-db19-4239-b929-ff2a807163a4,open,low,2026-01-12T11:11:39.734713+00:00,,d1823e7a-dd4b-48dc-a650-c12820678d79,Message content 783,2026-01-12T12:36:39.734713+00:00,true,4f1fd6ad-2ad4-4279-9f05-a0962a7cb0c9,file_783.png,2565934,jpg
58a107b7-f3f3-4c7c-9ecf-0d8e2ed82e88,Client 48,client.48@example.com,2025-03-23T11:11:39.734148+00:00,Company 48,93,free,cbe4ab29-47da-4080-be68-40c8076ffd1c,Operator 9,operator.9@example.com,2025-04-03T11:11:39.734371+00:00,OP-0009,tech,offline,4,7cf2c268-9c00-4c2a-9eb7-66429dcddb95,closed,medium,2026-01-14T11:11:39.736915+00:00,2026-01-15T02:11:39.736915+00:00,404f0d3b-2754-4324-919b-4b334f26fa89,Message content 784,2026-01-14T22:55:39.736915+00:00,false,54d904b8-be60-49c0-be47-5143e096d4d3,file_784.jpg,1360183,jpg
322d10ae-d002-4347-b879-783c9476871a,Client 34,client.34@example.com,2025-08-13T11:11:39.733880+00:00,Company 34,35,free,c567ed84-590b-4b94-8e2c-2c96c62d400b,Operator 6,operator.6@example.com,2025-09-02T11:11:39.734317+00:00,OP-0006,billing,offline,2,241d8272-6e9e-47e1-88d1-b57240b9eaf6,pending,low,2026-01-06T11:11:39.734971+00:00,,f965f156-f2f4-428b-a12d-34b9225df584,Message content 785,2026-01-07T08:14:39.734971+00:00,true,,,,
ecc24a2d-ea47-4b7a-a258-09210ce529f1,Client 31,client.31@example.com,2025-10-19T11:11:39.733830+00:00,Company 31,82,standard,cbe4ab29-47da-4080-be68-40c8076ffd1c,Operator 9,operator.9@example.com,2025-04-03T11:11:39.734371+00:00,OP-0009,tech,offline,4,e60ff276-f9f1-4f20-ab19-7a7b33ac2c24,closed,low,2026-01-07T11:11:39.734854+00:00,2026-01-07T22:11:39.734854+00:00,83c41c63-13e7-42ac-9864-ffb0ee5335a5,Message content 786,2026-01-08T10:05:39.734854+00:00,false,,,,
971cc598-3020-4bee-bf75-fb360c582f03,Client 15,client.15@example.com,2025-09-11T11:11:39.733555+00:00,Company 15,78,premium,75464306-96f6-47c8-9a39-382bf4baa64e,Operator 5,operator.5@example.com,2025-09-22T11:11:39.734300+00:00,OP-0005,tech,online,2,12903e5f-92c8-4036-9c76-3db8cdfe7997,pending,low,2026-02-07T11:11:39.736947+00:00,,88ed4621-2ab3-4031-9e6f-1585d3962afc,Message content 787,2026-02-08T05:55:39.736947+00:00,true,,,,
0e833b5b-bec5-417c-86d1-31d364dba72e,Client 8,client.8@example.com,2025-05-23T11:11:39.733428+00:00,Company 8,26,enterprise,13992f5b-13db-41f1-b7c6-e68ae67d889d,Operator 2,operator.2@example.com,2026-03-05T11:11:39.734236+00:00,OP-0002,billing,offline,6,1db27155-d627-49e7-a20f-1198b38053bc,closed,medium,2026-01-18T11:11:39.735177+00:00,2026-01-18T21:11:39.735177+00:00,291962ee-3e80-406a-b9df-6be4e57bbce9,Message content 788,2026-01-19T10:06:39.735177+00:00,true,e494abeb-c5ca-4807-bdd4-5058d8924cca,file_788.txt,2785378,pdf
0a272624-2c12-484e-8a21-5158a8d796cf,Client 49,client.49@example.com,2025-03-22T11:11:39.734164+00:00,Company 49,69,premium,4e2e12c9-fb99-41b0-a60f-4eb61b5e0f33,Operator 4,operator.4@example.com,2025-08-27T11:11:39.734281+00:00,OP-0004,sales,online,6,90bec7ed-7dea-4078-8ca0-3357d9b2fd4f,pending,medium,2026-02-24T11:11:39.734729+00:00,,f6f531ea-8240-4872-a97b-8cd9f76c1d00,Message content 789,2026-02-25T10:05:39.734729+00:00,true,,,,
0a272624-2c12-484e-8a21-5158a8d796cf,Client 49,client.49@example.com,2025-03-22T11:11:39.734164+00:00,Company 49,69,premium,13992f5b-13db-41f1-b7c6-e68ae67d889d,Operator 2,operator.2@example.com,2026-03-05T11:11:39.734236+00:00,OP-0002,billing,offline,6,7c8b809b-ced1-4d6a-8aee-8d6e7294de8d,pending,low,2026-01-16T11:11:39.736475+00:00,,3dbaa417-f37a-4aa7-aa19-2172dcf61236,Message content 790,2026-01-16T13:33:39.736475+00:00,true,,,,
88ded20b-1cd1-4dab-8c10-4f1303231c40,Client 44,client.44@example.com,2025-04-19T11:11:39.734078+00:00,Company 44,21,enterprise,cbe4ab29-47da-4080-be68-40c8076ffd1c,Operator 9,operator.9@example.com,2025-04-03T11:11:39.734371+00:00,OP-0009,tech,offline,4,e8f1ede2-a205-4159-ba19-f13d7f0edab4,open,low,2026-02-13T11:11:39.735787+00:00,,36e93796-7afd-4deb-b1e1-7fadba645ee4,Message content 791,2026-02-13T22:23:39.735787+00:00,true,,,,
88ded20b-1cd1-4dab-8c10-4f1303231c40,Client 44,client.44@example.com,2025-04-19T11:11:39.734078+00:00,Company 44,21,enterprise,75464306-96f6-47c8-9a39-382bf4baa64e,Operator 5,operator.5@example.com,2025-09-22T11:11:39.734300+00:00,OP-0005,tech,online,2,6090be80-0f26-42d9-b62d-61cb2f3dd2bc,open,low,2026-02-20T11:11:39.736326+00:00,,2a4f34e5-c612-4b2e-bb39-44775c6e8353,Message content 792,2026-02-20T16:23:39.736326+00:00,true,,,,
5faa6da9-33a3-408c-a571-b6625b43948e,Client 4,client.4@example.com,2025-03-25T11:11:39.733349+00:00,Company 4,95,free,13992f5b-13db-41f1-b7c6-e68ae67d889d,Operator 2,operator.2@example.com,2026-03-05T11:11:39.734236+00:00,OP-0002,billing,offline,6,4e6adde7-3686-419c-9bba-35d9b0858ea2,pending,medium,2026-01-25T11:11:39.735267+00:00,,4a06273d-e348-49a0-8321-14d92ac813a6,Message content 793,2026-01-26T01:48:39.735267+00:00,true,c3235290-4500-4118-877a-5a59ae405572,file_793.jpg,3668473,pdf
17543439-3080-4320-9450-fde238897d38,Client 3,client.3@example.com,2025-12-25T11:11:39.733325+00:00,Company 3,95,free,75464306-96f6-47c8-9a39-382bf4baa64e,Operator 5,operator.5@example.com,2025-09-22T11:11:39.734300+00:00,OP-0005,tech,online,2,736c6aa9-0c81-4e95-b8f7-e791ea110805,open,medium,2026-02-11T11:11:39.735431+00:00,,bc9960ff-7948-4d8b-935a-7b50f31d88f3,Message content 794,2026-02-11T15:46:39.735431+00:00,true,,,,
0777c6d2-2b2c-4b94-86df-1d6f74cb3528,Client 37,client.37@example.com,2025-08-16T11:11:39.733928+00:00,Company 37,83,enterprise,4e2e12c9-fb99-41b0-a60f-4eb61b5e0f33,Operator 4,operator.4@example.com,2025-08-27T11:11:39.734281+00:00,OP-0004,sales,online,6,c3a8d2ec-3958-4b7e-b0b6-3fd8ddc0c3f3,open,high,2026-02-18T11:11:39.735900+00:00,,53031bcf-e1ea-4503-9261-b365bf976815,Message content 795,2026-02-19T02:58:39.735900+00:00,false,,,,
8067d26e-94c8-4b4f-8ab1-93053f706f51,Client 28,client.28@example.com,2025-04-29T11:11:39.733781+00:00,Company 28,82,standard,8c273a5d-f06e-47e3-b4a7-da0ef6f06171,Operator 1,operator.1@example.com,2025-10-07T11:11:39.734205+00:00,OP-0001,tech,offline,5,f2dbb391-1e67-44a5-a551-ee9fc9d3cfb4,closed,high,2026-02-01T11:11:39.735929+00:00,2026-02-03T07:11:39.735929+00:00,095ae51a-6f54-4d67-a445-7c982c04a35d,Message content 796,2026-02-02T06:00:39.735929+00:00,true,94398dfd-b630-424d-95db-fd67a9379424,file_796.png,2363977,jpg
58a107b7-f3f3-4c7c-9ecf-0d8e2ed82e88,Client 48,client.48@example.com,2025-03-23T11:11:39.734148+00:00,Company 48,93,free,775f6de4-bf12-43dc-b8ee-eff74e7fca85,Operator 3,operator.3@example.com,2026-01-11T11:11:39.734260+00:00,OP-0003,billing,offline,3,1bbf9cfb-6b5c-49c6-bcbe-43945017a295,closed,medium,2026-01-26T11:11:39.736144+00:00,2026-01-27T07:11:39.736144+00:00,7238b6a4-6c51-4c18-8c08-3b56ac6f6316,Message content 797,2026-01-26T17:53:39.736144+00:00,false,3f8871f1-c3f6-45b7-ac0e-597dd5fc97ea,file_797.png,642500,png
4b73c797-4439-4f60-9085-0e61a6a2015d,Client 43,client.43@example.com,2026-02-10T11:11:39.734062+00:00,Company 43,15,standard,c567ed84-590b-4b94-8e2c-2c96c62d400b,Operator 6,operator.6@example.com,2025-09-02T11:11:39.734317+00:00,OP-0006,billing,offline,2,6d7adecd-8af9-4047-8917-5ae9aad2597b,pending,high,2026-01-26T11:11:39.736015+00:00,,975dc54e-461f-4ca0-aea9-ceaea43db990,Message content 798,2026-01-27T08:44:39.736015+00:00,true,1bee94ef-01f7-4ff8-b790-a00f85662a81,file_798.txt,4959583,jpg
8bf6c5de-eb19-4f4f-9cb7-7e28340b53e6,Client 5,client.5@example.com,2025-05-08T11:11:39.733371+00:00,Company 5,55,free,8c273a5d-f06e-47e3-b4a7-da0ef6f06171,Operator 1,operator.1@example.com,2025-10-07T11:11:39.734205+00:00,OP-0001,tech,offline,5,510e2651-b2d7-49e1-ad70-91951dc4ca84,open,low,2026-02-20T11:11:39.734504+00:00,,ead9a66a-73bc-44e7-8f65-06be2a31f6ae,Message content 799,2026-02-21T06:00:39.734504+00:00,false,e39a75d2-e2b7-491e-8779-22ffd2eb1b22,file_799.txt,1256823,pdf
b3f0dc7a-8965-4fd0-8d96-015039504208,Client 12,client.12@example.com,2025-10-15T11:11:39.733506+00:00,Company 12,20,standard,7e797a74-cef7-4aac-8eec-dd396da1c475,Operator 7,operator.7@example.com,2025-11-03T11:11:39.734335+00:00,OP-0007,support,online,7,dfce2714-fa1a-41d7-b618-286f4371ece9,open,high,2026-03-05T11:11:39.735561+00:00,,9451b378-71c9-4ae1-83ed-34e2b61dd8ad,Message content 800,2026-03-05T18:48:39.735561+00:00,true,,,,
0e833b5b-bec5-417c-86d1-31d364dba72e,Client 8,client.8@example.com,2025-05-23T11:11:39.733428+00:00,Company 8,26,enterprise,13992f5b-13db-41f1-b7c6-e68ae67d889d,Operator 2,operator.2@example.com,2026-03-05T11:11:39.734236+00:00,OP-0002,billing,offline,6,1db27155-d627-49e7-a20f-1198b38053bc,closed,medium,2026-01-18T11:11:39.735177+00:00,2026-01-18T21:11:39.735177+00:00,809963a4-62ed-46ac-b7e9-07d23b173efc,Message content 801,2026-01-18T15:45:39.735177+00:00,true,,,,
b3f0dc7a-8965-4fd0-8d96-015039504208,Client 12,client.12@example.com,2025-10-15T11:11:39.733506+00:00,Company 12,20,standard,7e797a74-cef7-4aac-8eec-dd396da1c475,Operator 7,operator.7@example.com,2025-11-03T11:11:39.734335+00:00,OP-0007,support,online,7,dfce2714-fa1a-41d7-b618-286f4371ece9,open,high,2026-03-05T11:11:39.735561+00:00,,205cac4c-e431-4339-8ae0-e13fb6c4971d,Message content 802,2026-03-05T23:36:39.735561+00:00,true,,,,
3502abd7-7e93-4dc8-a792-1ae86c10f336,Client 26,client.26@example.com,2025-11-19T11:11:39.733748+00:00,Company 26,86,premium,4e2e12c9-fb99-41b0-a60f-4eb61b5e0f33,Operator 4,operator.4@example.com,2025-08-27T11:11:39.734281+00:00,OP-0004,sales,online,6,988fee83-e9f2-4c1c-ad1b-f19e07ec158a,closed,low,2026-02-25T11:11:39.736433+00:00,2026-02-27T08:11:39.736433+00:00,90c3bffc-f181-4d98-9319-01089e9e4302,Message content 803,2026-02-26T10:32:39.736433+00:00,true,40da19ae-8b99-4ef0-bc94-91ee48c75737,file_803.txt,1345654,jpg
ecc24a2d-ea47-4b7a-a258-09210ce529f1,Client 31,client.31@example.com,2025-10-19T11:11:39.733830+00:00,Company 31,82,standard,775f6de4-bf12-43dc-b8ee-eff74e7fca85,Operator 3,operator.3@example.com,2026-01-11T11:11:39.734260+00:00,OP-0003,billing,offline,3,4cded7cb-9a4f-40f9-9b30-6a0b517e3880,open,medium,2026-01-23T11:11:39.736274+00:00,,195287fb-edac-47f3-a089-7ac334048177,Message content 804,2026-01-24T06:29:39.736274+00:00,false,,,,
0a272624-2c12-484e-8a21-5158a8d796cf,Client 49,client.49@example.com,2025-03-22T11:11:39.734164+00:00,Company 49,69,premium,7e797a74-cef7-4aac-8eec-dd396da1c475,Operator 7,operator.7@example.com,2025-11-03T11:11:39.734335+00:00,OP-0007,support,online,7,62c2d753-7eb6-4d50-850f-8112d2172eff,pending,high,2026-01-11T11:11:39.736887+00:00,,18e1025b-398b-4f48-9313-b49fa049c6e5,Message content 805,2026-01-12T03:41:39.736887+00:00,true,,,,
86ed07ac-9eb8-4057-ae3c-96c475cf5c56,Client 25,client.25@example.com,2025-12-13T11:11:39.733726+00:00,Company 25,48,premium,c567ed84-590b-4b94-8e2c-2c96c62d400b,Operator 6,operator.6@example.com,2025-09-02T11:11:39.734317+00:00,OP-0006,billing,offline,2,7647f22b-6357-46b6-8f55-20df71847d01,closed,high,2026-01-23T11:11:39.736979+00:00,2026-01-24T13:11:39.736979+00:00,5c1e445e-d635-404b-a9c8-eb5d4223ab39,Message content 806,2026-01-24T03:49:39.736979+00:00,true,6a3d7c8c-8b90-4280-a7a9-63ad8f7ce347,file_806.jpg,369103,jpg
c288e606-78c0-4a54-9184-54b69e7b45e4,Client 27,client.27@example.com,2025-03-12T11:11:39.733764+00:00,Company 27,88,free,c567ed84-590b-4b94-8e2c-2c96c62d400b,Operator 6,operator.6@example.com,2025-09-02T11:11:39.734317+00:00,OP-0006,billing,offline,2,57a62de5-6c3e-406d-b03e-ff3149e740dd,closed,high,2026-02-09T11:11:39.736072+00:00,2026-02-10T06:11:39.736072+00:00,e284b9c3-3bcb-4313-bf32-f090db79a21f,Message content 807,2026-02-09T23:30:39.736072+00:00,false,,,,
fd7d0456-43a1-4c22-9dfb-6a34f783ef0b,Client 22,client.22@example.com,2025-10-09T11:11:39.733674+00:00,Company 22,11,standard,13992f5b-13db-41f1-b7c6-e68ae67d889d,Operator 2,operator.2@example.com,2026-03-05T11:11:39.734236+00:00,OP-0002,billing,offline,6,bde9ddf7-b449-4841-b77b-4b68cc643a81,open,medium,2026-02-02T11:11:39.734522+00:00,,abcf3d54-60f1-4562-885d-bd83a65ca61f,Message content 808,2026-02-02T12:32:39.734522+00:00,true,,,,
c288e606-78c0-4a54-9184-54b69e7b45e4,Client 27,client.27@example.com,2025-03-12T11:11:39.733764+00:00,Company 27,88,free,7e797a74-cef7-4aac-8eec-dd396da1c475,Operator 7,operator.7@example.com,2025-11-03T11:11:39.734335+00:00,OP-0007,support,online,7,53a3ddae-2387-487f-871a-cf564d5a3c0c,closed,medium,2026-02-13T11:11:39.736768+00:00,2026-02-14T17:11:39.736768+00:00,a4be8d78-1f90-4a76-b82b-ea12db2d4722,Message content 809,2026-02-14T04:58:39.736768+00:00,true,,,,
0a272624-2c12-484e-8a21-5158a8d796cf,Client 49,client.49@example.com,2025-03-22T11:11:39.734164+00:00,Company 49,69,premium,7e797a74-cef7-4aac-8eec-dd396da1c475,Operator 7,operator.7@example.com,2025-11-03T11:11:39.734335+00:00,OP-0007,support,online,7,62c2d753-7eb6-4d50-850f-8112d2172eff,pending,high,2026-01-11T11:11:39.736887+00:00,,06cf0082-d29a-44ee-aaa0-6c522a56f6f0,Message content 810,2026-01-11T20:10:39.736887+00:00,true,,,,
0fc60bab-9ce8-47f8-97e1-485d6ad75f21,Client 50,client.50@example.com,2025-04-12T11:11:39.734180+00:00,Company 50,44,free,cbe4ab29-47da-4080-be68-40c8076ffd1c,Operator 9,operator.9@example.com,2025-04-03T11:11:39.734371+00:00,OP-0009,tech,offline,4,ede5b473-da51-4b24-afbd-20136c7a3499,pending,high,2026-01-09T11:11:39.735496+00:00,,93b39985-0487-4655-bfca-26e6ae0e63d2,Message content 811,2026-01-10T09:29:39.735496+00:00,true,,,,
8067d26e-94c8-4b4f-8ab1-93053f706f51,Client 28,client.28@example.com,2025-04-29T11:11:39.733781+00:00,Company 28,82,standard,c567ed84-590b-4b94-8e2c-2c96c62d400b,Operator 6,operator.6@example.com,2025-09-02T11:11:39.734317+00:00,OP-0006,billing,offline,2,69e2f568-b6db-450d-82e0-2d0116a9da57,pending,medium,2026-02-07T11:11:39.734596+00:00,,1f48d6c5-1008-40a7-b58a-ea2c7a2ecd62,Message content 812,2026-02-08T04:49:39.734596+00:00,false,57394487-2af5-490c-bcde-08287e62edce,file_812.jpg,4341640,txt
f3a41c1c-78ab-41a3-afce-0fdd1b2b2d69,Client 38,client.38@example.com,2025-12-23T11:11:39.733948+00:00,Company 38,34,standard,cbe4ab29-47da-4080-be68-40c8076ffd1c,Operator 9,operator.9@example.com,2025-04-03T11:11:39.734371+00:00,OP-0009,tech,offline,4,489e454f-bc30-4f2f-857d-d74c171f21e6,pending,low,2026-02-25T11:11:39.735407+00:00,,ff308db6-9b57-42e4-a070-5ef435d58370,Message content 813,2026-02-25T22:57:39.735407+00:00,true,,,,
0777c6d2-2b2c-4b94-86df-1d6f74cb3528,Client 37,client.37@example.com,2025-08-16T11:11:39.733928+00:00,Company 37,83,enterprise,4e2e12c9-fb99-41b0-a60f-4eb61b5e0f33,Operator 4,operator.4@example.com,2025-08-27T11:11:39.734281+00:00,OP-0004,sales,online,6,28557798-e9e8-4d9b-9a22-af77b48aee99,closed,medium,2026-01-20T11:11:39.736402+00:00,2026-01-21T12:11:39.736402+00:00,5c89ea92-3dd2-401d-83b6-d17b3e348fb8,Message content 814,2026-01-20T11:24:39.736402+00:00,true,,,,
bd7acccc-242d-4c64-a3c2-ffa44b532474,Client 14,client.14@example.com,2025-08-24T11:11:39.733539+00:00,Company 14,13,premium,8c273a5d-f06e-47e3-b4a7-da0ef6f06171,Operator 1,operator.1@example.com,2025-10-07T11:11:39.734205+00:00,OP-0001,tech,offline,5,46dbd875-f9f6-4cb4-83fa-26af5a11241b,closed,low,2026-01-28T11:11:39.734816+00:00,2026-01-29T22:11:39.734816+00:00,ce40e663-9230-48d9-9234-a95162fc0a8c,Message content 815,2026-01-28T19:02:39.734816+00:00,true,4fe7f824-56df-4cc7-9365-62fe69402df3,file_815.jpg,1270307,jpg
4b73c797-4439-4f60-9085-0e61a6a2015d,Client 43,client.43@example.com,2026-02-10T11:11:39.734062+00:00,Company 43,15,standard,679fc6d7-3349-4897-ab8c-49f7d7afa9f5,Operator 8,operator.8@example.com,2025-07-01T11:11:39.734353+00:00,OP-0008,support,offline,3,9a1c5eb4-2754-49c1-9cff-731f8259ebe8,open,medium,2026-02-25T11:11:39.734799+00:00,,28e29e57-04d6-4ca7-9d7d-9f084023c76d,Message content 816,2026-02-25T23:32:39.734799+00:00,false,,,,
58a107b7-f3f3-4c7c-9ecf-0d8e2ed82e88,Client 48,client.48@example.com,2025-03-23T11:11:39.734148+00:00,Company 48,93,free,679fc6d7-3349-4897-ab8c-49f7d7afa9f5,Operator 8,operator.8@example.com,2025-07-01T11:11:39.734353+00:00,OP-0008,support,offline,3,d8053512-54f4-4ce3-bef5-870132ddad32,pending,low,2026-02-06T11:11:39.736614+00:00,,98e5dff3-ebe4-49e3-98c4-4d0801822954,Message content 817,2026-02-06T19:02:39.736614+00:00,true,,,,
8bf6c5de-eb19-4f4f-9cb7-7e28340b53e6,Client 5,client.5@example.com,2025-05-08T11:11:39.733371+00:00,Company 5,55,free,679fc6d7-3349-4897-ab8c-49f7d7afa9f5,Operator 8,operator.8@example.com,2025-07-01T11:11:39.734353+00:00,OP-0008,support,offline,3,6004811b-18d1-46af-be6e-d71257dd3004,closed,low,2026-01-14T11:11:39.734687+00:00,2026-01-14T18:11:39.734687+00:00,70668b6c-6bbb-4430-b06b-60d8bfca53db,Message content 818,2026-01-15T03:37:39.734687+00:00,true,,,,
be8e0951-42af-4432-9cc6-c69623522d28,Client 2,client.2@example.com,2025-10-17T11:11:39.733288+00:00,Company 2,32,standard,8c273a5d-f06e-47e3-b4a7-da0ef6f06171,Operator 1,operator.1@example.com,2025-10-07T11:11:39.734205+00:00,OP-0001,tech,offline,5,af0b6df4-46b0-430d-b0b1-5e35341dfd9f,pending,high,2026-02-19T11:11:39.736350+00:00,,116a9379-879d-4f8b-abc7-9f9df9766b3d,Message content 819,2026-02-19T16:41:39.736350+00:00,true,,,,
638081d3-bce7-40f6-b88c-d5b343b2e3d2,Client 1,client.1@example.com,2025-04-13T11:11:39.733210+00:00,Company 1,15,free,679fc6d7-3349-4897-ab8c-49f7d7afa9f5,Operator 8,operator.8@example.com,2025-07-01T11:11:39.734353+00:00,OP-0008,support,offline,3,7233beda-2ba0-453f-a2e4-265b04f963bf,closed,low,2026-01-26T11:11:39.735022+00:00,2026-01-26T18:11:39.735022+00:00,37036e83-a2f1-40f4-835e-b6855c9f40d9,Message content 820,2026-01-26T12:39:39.735022+00:00,true,7c877078-600e-41ac-9307-8d1f7229645a,file_820.jpg,4310359,png
9573f1e3-e253-4a34-a620-aa47e4e21e12,Client 33,client.33@example.com,2025-11-09T11:11:39.733863+00:00,Company 33,5,premium,730d608c-8e10-4f7e-a51d-db0d13429f86,Operator 10,operator.10@example.com,2025-06-09T11:11:39.734388+00:00,OP-0010,tech,offline,6,c62d9326-1dfd-47bd-912c-3c4e7f5a7930,open,low,2026-02-13T11:11:39.736300+00:00,,62c171b1-2227-4991-95bd-a93deb8bb3ea,Message content 821,2026-02-13T16:11:39.736300+00:00,true,5675f1ce-8586-4ce4-af71-74d3d1191c35,file_821.jpg,4343896,txt
0fc60bab-9ce8-47f8-97e1-485d6ad75f21,Client 50,client.50@example.com,2025-04-12T11:11:39.734180+00:00,Company 50,44,free,13992f5b-13db-41f1-b7c6-e68ae67d889d,Operator 2,operator.2@example.com,2026-03-05T11:11:39.734236+00:00,OP-0002,billing,offline,6,c5942bb0-a795-4c63-bda3-d8a03d5d398b,pending,high,2026-02-05T11:11:39.736375+00:00,,08a149f4-8e63-4693-9181-df320a234cff,Message content 822,2026-02-06T06:25:39.736375+00:00,false,,,,
86ed07ac-9eb8-4057-ae3c-96c475cf5c56,Client 25,client.25@example.com,2025-12-13T11:11:39.733726+00:00,Company 25,48,premium,679fc6d7-3349-4897-ab8c-49f7d7afa9f5,Operator 8,operator.8@example.com,2025-07-01T11:11:39.734353+00:00,OP-0008,support,offline,3,032195c9-c67a-44a6-af10-3cccd3e78cb5,pending,medium,2026-03-06T11:11:39.736859+00:00,,cba3a13b-56ec-480b-8168-6e1d5fc0f313,Message content 823,2026-03-07T09:46:39.736859+00:00,false,,,,
55ffb774-9524-46af-919c-2ad12b14fd74,Client 40,client.40@example.com,2025-05-11T11:11:39.734007+00:00,Company 40,55,enterprise,13992f5b-13db-41f1-b7c6-e68ae67d889d,Operator 2,operator.2@example.com,2026-03-05T11:11:39.734236+00:00,OP-0002,billing,offline,6,664b38d6-b107-41cf-9be4-193324da2607,closed,high,2026-02-08T11:11:39.734937+00:00,2026-02-10T01:11:39.734937+00:00,b14c86ab-91d6-4d5e-a680-6a5a18a5f8c5,Message content 824,2026-02-09T02:30:39.734937+00:00,true,,,,
0777c6d2-2b2c-4b94-86df-1d6f74cb3528,Client 37,client.37@example.com,2025-08-16T11:11:39.733928+00:00,Company 37,83,enterprise,4e2e12c9-fb99-41b0-a60f-4eb61b5e0f33,Operator 4,operator.4@example.com,2025-08-27T11:11:39.734281+00:00,OP-0004,sales,online,6,c3a8d2ec-3958-4b7e-b0b6-3fd8ddc0c3f3,open,high,2026-02-18T11:11:39.735900+00:00,,a7278a6d-5671-4feb-a1ef-3d4712b18756,Message content 825,2026-02-18T17:00:39.735900+00:00,true,2ce3709b-5bc3-49e6-aa11-f12c3f364674,file_825.jpg,4897590,jpg
0a272624-2c12-484e-8a21-5158a8d796cf,Client 49,client.49@example.com,2025-03-22T11:11:39.734164+00:00,Company 49,69,premium,13992f5b-13db-41f1-b7c6-e68ae67d889d,Operator 2,operator.2@example.com,2026-03-05T11:11:39.734236+00:00,OP-0002,billing,offline,6,7c8b809b-ced1-4d6a-8aee-8d6e7294de8d,pending,low,2026-01-16T11:11:39.736475+00:00,,0d290b88-4dec-4ddc-99c4-f55359c91962,Message content 826,2026-01-17T09:41:39.736475+00:00,true,,,,
02605a21-0cd4-4681-89e4-841a48af011f,Client 19,client.19@example.com,2025-04-19T11:11:39.733624+00:00,Company 19,80,premium,4e2e12c9-fb99-41b0-a60f-4eb61b5e0f33,Operator 4,operator.4@example.com,2025-08-27T11:11:39.734281+00:00,OP-0004,sales,online,6,ab687850-17bd-4cbe-b7e8-b843f8dae9bc,pending,medium,2026-02-17T11:11:39.736692+00:00,,6d2039cb-a242-4bbf-958a-8604073a48a1,Message content 827,2026-02-17T22:52:39.736692+00:00,true,,,,
c288e606-78c0-4a54-9184-54b69e7b45e4,Client 27,client.27@example.com,2025-03-12T11:11:39.733764+00:00,Company 27,88,free,4e2e12c9-fb99-41b0-a60f-4eb61b5e0f33,Operator 4,operator.4@example.com,2025-08-27T11:11:39.734281+00:00,OP-0004,sales,online,6,6a6f76ee-4a00-4028-94b8-37b0350104f8,open,high,2026-02-28T11:11:39.734580+00:00,,c7822bcc-74e6-4118-9bbd-b79f92901521,Message content 828,2026-02-28T19:01:39.734580+00:00,true,,,,
92e2cff6-5b04-44a7-b58c-4d0d1060260b,Client 16,client.16@example.com,2026-02-12T11:11:39.733572+00:00,Company 16,94,enterprise,4e2e12c9-fb99-41b0-a60f-4eb61b5e0f33,Operator 4,operator.4@example.com,2025-08-27T11:11:39.734281+00:00,OP-0004,sales,online,6,26d868bf-9971-4190-91a4-2c1e5985e551,pending,low,2026-03-02T11:11:39.734461+00:00,,2c8818b6-4d97-488a-b7f6-6f2ff6633e03,Message content 829,2026-03-02T18:05:39.734461+00:00,false,,,,
02605a21-0cd4-4681-89e4-841a48af011f,Client 19,client.19@example.com,2025-04-19T11:11:39.733624+00:00,Company 19,80,premium,4e2e12c9-fb99-41b0-a60f-4eb61b5e0f33,Operator 4,operator.4@example.com,2025-08-27T11:11:39.734281+00:00,OP-0004,sales,online,6,ab687850-17bd-4cbe-b7e8-b843f8dae9bc,pending,medium,2026-02-17T11:11:39.736692+00:00,,198c6235-e865-4809-8561-a0b43b80edea,Message content 830,2026-02-18T01:30:39.736692+00:00,true,,,,
58a107b7-f3f3-4c7c-9ecf-0d8e2ed82e88,Client 48,client.48@example.com,2025-03-23T11:11:39.734148+00:00,Company 48,93,free,c567ed84-590b-4b94-8e2c-2c96c62d400b,Operator 6,operator.6@example.com,2025-09-02T11:11:39.734317+00:00,OP-0006,billing,offline,2,c026311f-4168-4e91-a58c-0293e7e6ac60,open,high,2026-03-03T11:11:39.734838+00:00,,ff7bbc8b-128c-461e-97d3-a1a574e80e05,Message content 831,2026-03-04T03:25:39.734838+00:00,true,,,,
58a107b7-f3f3-4c7c-9ecf-0d8e2ed82e88,Client 48,client.48@example.com,2025-03-23T11:11:39.734148+00:00,Company 48,93,free,775f6de4-bf12-43dc-b8ee-eff74e7fca85,Operator 3,operator.3@example.com,2026-01-11T11:11:39.734260+00:00,OP-0003,billing,offline,3,1bbf9cfb-6b5c-49c6-bcbe-43945017a295,closed,medium,2026-01-26T11:11:39.736144+00:00,2026-01-27T07:11:39.736144+00:00,85c5bfa9-76b5-42bd-a339-2cb0e54778a3,Message content 832,2026-01-27T04:21:39.736144+00:00,true,,,,
58a107b7-f3f3-4c7c-9ecf-0d8e2ed82e88,Client 48,client.48@example.com,2025-03-23T11:11:39.734148+00:00,Company 48,93,free,679fc6d7-3349-4897-ab8c-49f7d7afa9f5,Operator 8,operator.8@example.com,2025-07-01T11:11:39.734353+00:00,OP-0008,support,offline,3,d8053512-54f4-4ce3-bef5-870132ddad32,pending,low,2026-02-06T11:11:39.736614+00:00,,80574913-24c1-4b6a-9880-27ed85d145e0,Message content 833,2026-02-06T15:37:39.736614+00:00,true,,,,
0a272624-2c12-484e-8a21-5158a8d796cf,Client 49,client.49@example.com,2025-03-22T11:11:39.734164+00:00,Company 49,69,premium,4e2e12c9-fb99-41b0-a60f-4eb61b5e0f33,Operator 4,operator.4@example.com,2025-08-27T11:11:39.734281+00:00,OP-0004,sales,online,6,2339a806-fbef-4c1a-856c-5eb421dd1eaf,pending,medium,2026-01-20T11:11:39.734406+00:00,,451057e9-53fd-4c7a-9f26-b56f2a1dcfa5,Message content 834,2026-01-21T10:20:39.734406+00:00,true,,,,
bd7acccc-242d-4c64-a3c2-ffa44b532474,Client 14,client.14@example.com,2025-08-24T11:11:39.733539+00:00,Company 14,13,premium,4e2e12c9-fb99-41b0-a60f-4eb61b5e0f33,Operator 4,operator.4@example.com,2025-08-27T11:11:39.734281+00:00,OP-0004,sales,online,6,63126192-a39d-4036-9c7f-30ecf3d3ca7d,open,medium,2026-01-23T11:11:39.735466+00:00,,6d60935a-d9c4-4d48-91d7-d0adb82afe92,Message content 835,2026-01-23T12:39:39.735466+00:00,true,,,,
0777c6d2-2b2c-4b94-86df-1d6f74cb3528,Client 37,client.37@example.com,2025-08-16T11:11:39.733928+00:00,Company 37,83,enterprise,4e2e12c9-fb99-41b0-a60f-4eb61b5e0f33,Operator 4,operator.4@example.com,2025-08-27T11:11:39.734281+00:00,OP-0004,sales,online,6,c3a8d2ec-3958-4b7e-b0b6-3fd8ddc0c3f3,open,high,2026-02-18T11:11:39.735900+00:00,,9ac686ed-d8bb-4192-a6dc-536905fa0b6c,Message content 836,2026-02-19T00:11:39.735900+00:00,false,,,,
86ed07ac-9eb8-4057-ae3c-96c475cf5c56,Client 25,client.25@example.com,2025-12-13T11:11:39.733726+00:00,Company 25,48,premium,c567ed84-590b-4b94-8e2c-2c96c62d400b,Operator 6,operator.6@example.com,2025-09-02T11:11:39.734317+00:00,OP-0006,billing,offline,2,7647f22b-6357-46b6-8f55-20df71847d01,closed,high,2026-01-23T11:11:39.736979+00:00,2026-01-24T13:11:39.736979+00:00,c0b74ed4-a4e5-4c31-bbaa-186cab745fa8,Message content 837,2026-01-24T10:57:39.736979+00:00,true,,,,
52fea20d-ccb0-42b4-82ec-0b205237569e,Client 35,client.35@example.com,2025-11-18T11:11:39.733896+00:00,Company 35,73,premium,4e2e12c9-fb99-41b0-a60f-4eb61b5e0f33,Operator 4,operator.4@example.com,2025-08-27T11:11:39.734281+00:00,OP-0004,sales,online,6,0bc42958-ba58-43e9-8761-998dbe002df4,pending,low,2026-02-02T11:11:39.735044+00:00,,73d79d9b-0466-428b-b5ab-0b4b15f33914,Message content 838,2026-02-03T03:28:39.735044+00:00,false,,,,
dd2d5218-9c9f-4ea4-a2f5-2d90d93c7e31,Client 47,client.47@example.com,2025-06-09T11:11:39.734131+00:00,Company 47,33,free,8c273a5d-f06e-47e3-b4a7-da0ef6f06171,Operator 1,operator.1@example.com,2025-10-07T11:11:39.734205+00:00,OP-0001,tech,offline,5,91e7a664-4113-4ce8-a3bb-a401a4c4208b,closed,low,2026-01-22T11:11:39.734612+00:00,2026-01-24T05:11:39.734612+00:00,c23aa72a-7421-4b1d-a304-818d2e6e18fc,Message content 839,2026-01-22T20:51:39.734612+00:00,true,,,,
52fea20d-ccb0-42b4-82ec-0b205237569e,Client 35,client.35@example.com,2025-11-18T11:11:39.733896+00:00,Company 35,73,premium,4e2e12c9-fb99-41b0-a60f-4eb61b5e0f33,Operator 4,operator.4@example.com,2025-08-27T11:11:39.734281+00:00,OP-0004,sales,online,6,0bc42958-ba58-43e9-8761-998dbe002df4,pending,low,2026-02-02T11:11:39.735044+00:00,,baa2a82a-da6a-4a32-8f97-1e5ad405a4b0,Message content 840,2026-02-02T17:38:39.735044+00:00,false,0b799d1a-14bb-4c38-a0a3-03b75908b29e,file_840.png,4858507,png
c288e606-78c0-4a54-9184-54b69e7b45e4,Client 27,client.27@example.com,2025-03-12T11:11:39.733764+00:00,Company 27,88,free,c567ed84-590b-4b94-8e2c-2c96c62d400b,Operator 6,operator.6@example.com,2025-09-02T11:11:39.734317+00:00,OP-0006,billing,offline,2,57a62de5-6c3e-406d-b03e-ff3149e740dd,closed,high,2026-02-09T11:11:39.736072+00:00,2026-02-10T06:11:39.736072+00:00,3237ec7b-ae1e-46fd-87f1-a8c3551d6281,Message content 841,2026-02-09T11:25:39.736072+00:00,true,,,,
5faa6da9-33a3-408c-a571-b6625b43948e,Client 4,client.4@example.com,2025-03-25T11:11:39.733349+00:00,Company 4,95,free,13992f5b-13db-41f1-b7c6-e68ae67d889d,Operator 2,operator.2@example.com,2026-03-05T11:11:39.734236+00:00,OP-0002,billing,offline,6,4e6adde7-3686-419c-9bba-35d9b0858ea2,pending,medium,2026-01-25T11:11:39.735267+00:00,,a10198ab-6373-47a2-a2ac-c4f2f1ec34df,Message content 842,2026-01-26T01:08:39.735267+00:00,true,,,,
55ffb774-9524-46af-919c-2ad12b14fd74,Client 40,client.40@example.com,2025-05-11T11:11:39.734007+00:00,Company 40,55,enterprise,cbe4ab29-47da-4080-be68-40c8076ffd1c,Operator 9,operator.9@example.com,2025-04-03T11:11:39.734371+00:00,OP-0009,tech,offline,4,4c5a93b7-c798-45f1-88f1-160a45fd49c2,closed,low,2026-02-07T11:11:39.736583+00:00,2026-02-08T16:11:39.736583+00:00,c3db7d2b-1828-44cb-bd10-af3efd84669b,Message content 843,2026-02-08T07:09:39.736583+00:00,false,7e31a9ec-225b-482d-b7db-6deb1b685387,file_843.txt,4746797,pdf
3502abd7-7e93-4dc8-a792-1ae86c10f336,Client 26,client.26@example.com,2025-11-19T11:11:39.733748+00:00,Company 26,86,premium,4e2e12c9-fb99-41b0-a60f-4eb61b5e0f33,Operator 4,operator.4@example.com,2025-08-27T11:11:39.734281+00:00,OP-0004,sales,online,6,988fee83-e9f2-4c1c-ad1b-f19e07ec158a,closed,low,2026-02-25T11:11:39.736433+00:00,2026-02-27T08:11:39.736433+00:00,be565c28-2af0-4be8-9b4b-138b7161c98a,Message content 844,2026-02-25T20:35:39.736433+00:00,true,,,,
0e833b5b-bec5-417c-86d1-31d364dba72e,Client 8,client.8@example.com,2025-05-23T11:11:39.733428+00:00,Company 8,26,enterprise,730d608c-8e10-4f7e-a51d-db0d13429f86,Operator 10,operator.10@example.com,2025-06-09T11:11:39.734388+00:00,OP-0010,tech,offline,6,14b08486-0b72-4fa8-8a50-772573dd5225,closed,low,2026-02-19T11:11:39.734911+00:00,2026-02-21T02:11:39.734911+00:00,fd347f56-1d9e-4dca-a051-64339d1af59c,Message content 845,2026-02-20T01:17:39.734911+00:00,true,,,,
58a107b7-f3f3-4c7c-9ecf-0d8e2ed82e88,Client 48,client.48@example.com,2025-03-23T11:11:39.734148+00:00,Company 48,93,free,c567ed84-590b-4b94-8e2c-2c96c62d400b,Operator 6,operator.6@example.com,2025-09-02T11:11:39.734317+00:00,OP-0006,billing,offline,2,c026311f-4168-4e91-a58c-0293e7e6ac60,open,high,2026-03-03T11:11:39.734838+00:00,,0e587ed3-ca5a-4436-b2d6-642253c9fb3b,Message content 846,2026-03-03T23:49:39.734838+00:00,true,,,,
88ded20b-1cd1-4dab-8c10-4f1303231c40,Client 44,client.44@example.com,2025-04-19T11:11:39.734078+00:00,Company 44,21,enterprise,75464306-96f6-47c8-9a39-382bf4baa64e,Operator 5,operator.5@example.com,2025-09-22T11:11:39.734300+00:00,OP-0005,tech,online,2,e04df53b-00cd-434d-9f93-07c4f419a3ed,pending,medium,2026-02-02T11:11:39.735240+00:00,,db368312-e207-49e9-8e78-dcd68136abe7,Message content 847,2026-02-03T06:54:39.735240+00:00,false,,,,
0a272624-2c12-484e-8a21-5158a8d796cf,Client 49,client.49@example.com,2025-03-22T11:11:39.734164+00:00,Company 49,69,premium,7e797a74-cef7-4aac-8eec-dd396da1c475,Operator 7,operator.7@example.com,2025-11-03T11:11:39.734335+00:00,OP-0007,support,online,7,62c2d753-7eb6-4d50-850f-8112d2172eff,pending,high,2026-01-11T11:11:39.736887+00:00,,f384b8ef-8f9b-4455-8587-893508a71fbe,Message content 848,2026-01-11T15:53:39.736887+00:00,true,,,,
58a107b7-f3f3-4c7c-9ecf-0d8e2ed82e88,Client 48,client.48@example.com,2025-03-23T11:11:39.734148+00:00,Company 48,93,free,cbe4ab29-47da-4080-be68-40c8076ffd1c,Operator 9,operator.9@example.com,2025-04-03T11:11:39.734371+00:00,OP-0009,tech,offline,4,7cf2c268-9c00-4c2a-9eb7-66429dcddb95,closed,medium,2026-01-14T11:11:39.736915+00:00,2026-01-15T02:11:39.736915+00:00,4b5fcd18-c6c8-425a-bfc0-6e4d7da59454,Message content 849,2026-01-14T19:01:39.736915+00:00,true,,,,
4b73c797-4439-4f60-9085-0e61a6a2015d,Client 43,client.43@example.com,2026-02-10T11:11:39.734062+00:00,Company 43,15,standard,679fc6d7-3349-4897-ab8c-49f7d7afa9f5,Operator 8,operator.8@example.com,2025-07-01T11:11:39.734353+00:00,OP-0008,support,offline,3,9a1c5eb4-2754-49c1-9cff-731f8259ebe8,open,medium,2026-02-25T11:11:39.734799+00:00,,9119ec0c-cdde-451e-b6e8-0b031ba26dc6,Message content 850,2026-02-25T14:36:39.734799+00:00,true,3c1858a8-57c7-420a-98c6-b3a091507043,file_850.pdf,4628568,png
4b73c797-4439-4f60-9085-0e61a6a2015d,Client 43,client.43@example.com,2026-02-10T11:11:39.734062+00:00,Company 43,15,standard,679fc6d7-3349-4897-ab8c-49f7d7afa9f5,Operator 8,operator.8@example.com,2025-07-01T11:11:39.734353+00:00,OP-0008,support,offline,3,9a1c5eb4-2754-49c1-9cff-731f8259ebe8,open,medium,2026-02-25T11:11:39.734799+00:00,,2883ed6d-48fe-49c4-a42e-c96a0bc9de27,Message content 851,2026-02-26T00:27:39.734799+00:00,true,,,,
5faa6da9-33a3-408c-a571-b6625b43948e,Client 4,client.4@example.com,2025-03-25T11:11:39.733349+00:00,Company 4,95,free,7e797a74-cef7-4aac-8eec-dd396da1c475,Operator 7,operator.7@example.com,2025-11-03T11:11:39.734335+00:00,OP-0007,support,online,7,19c95279-ff17-42d6-9e10-1fbcf226f9eb,pending,low,2026-01-19T11:11:39.734634+00:00,,256c5bd2-a7da-4865-9a6c-2aeafffd65c7,Message content 852,2026-01-19T16:08:39.734634+00:00,true,,,,
5faa6da9-33a3-408c-a571-b6625b43948e,Client 4,client.4@example.com,2025-03-25T11:11:39.733349+00:00,Company 4,95,free,7e797a74-cef7-4aac-8eec-dd396da1c475,Operator 7,operator.7@example.com,2025-11-03T11:11:39.734335+00:00,OP-0007,support,online,7,19c95279-ff17-42d6-9e10-1fbcf226f9eb,pending,low,2026-01-19T11:11:39.734634+00:00,,14d36a15-1c12-49ad-99db-cb36b584baa2,Message content 853,2026-01-19T13:22:39.734634+00:00,true,e3ac4a5e-f3b8-447d-8e15-85a12fcb80cd,file_853.png,3233960,txt
3502abd7-7e93-4dc8-a792-1ae86c10f336,Client 26,client.26@example.com,2025-11-19T11:11:39.733748+00:00,Company 26,86,premium,4e2e12c9-fb99-41b0-a60f-4eb61b5e0f33,Operator 4,operator.4@example.com,2025-08-27T11:11:39.734281+00:00,OP-0004,sales,online,6,988fee83-e9f2-4c1c-ad1b-f19e07ec158a,closed,low,2026-02-25T11:11:39.736433+00:00,2026-02-27T08:11:39.736433+00:00,e92ac50c-fa97-4216-8f9a-553256e3c1b1,Message content 854,2026-02-26T09:34:39.736433+00:00,false,,,,
0fc60bab-9ce8-47f8-97e1-485d6ad75f21,Client 50,client.50@example.com,2025-04-12T11:11:39.734180+00:00,Company 50,44,free,13992f5b-13db-41f1-b7c6-e68ae67d889d,Operator 2,operator.2@example.com,2026-03-05T11:11:39.734236+00:00,OP-0002,billing,offline,6,c5942bb0-a795-4c63-bda3-d8a03d5d398b,pending,high,2026-02-05T11:11:39.736375+00:00,,a94ba86e-afa5-41a8-a889-3d7dbde3f959,Message content 855,2026-02-05T13:08:39.736375+00:00,false,,,,
92e2cff6-5b04-44a7-b58c-4d0d1060260b,Client 16,client.16@example.com,2026-02-12T11:11:39.733572+00:00,Company 16,94,enterprise,13992f5b-13db-41f1-b7c6-e68ae67d889d,Operator 2,operator.2@example.com,2026-03-05T11:11:39.734236+00:00,OP-0002,billing,offline,6,289a2075-7af3-408a-a5e9-3e03fa0a0a3e,open,medium,2026-02-05T11:11:39.736523+00:00,,500e2a7a-66c0-44b5-978c-58453cbd549b,Message content 856,2026-02-06T04:03:39.736523+00:00,true,,,,
58a107b7-f3f3-4c7c-9ecf-0d8e2ed82e88,Client 48,client.48@example.com,2025-03-23T11:11:39.734148+00:00,Company 48,93,free,679fc6d7-3349-4897-ab8c-49f7d7afa9f5,Operator 8,operator.8@example.com,2025-07-01T11:11:39.734353+00:00,OP-0008,support,offline,3,d8053512-54f4-4ce3-bef5-870132ddad32,pending,low,2026-02-06T11:11:39.736614+00:00,,a94c11d2-c80e-4a2c-b6c3-ee5fe39b0d73,Message content 857,2026-02-07T04:52:39.736614+00:00,true,99f7eaea-ba31-42d9-a393-761a8d953c83,file_857.jpg,1431725,png
17543439-3080-4320-9450-fde238897d38,Client 3,client.3@example.com,2025-12-25T11:11:39.733325+00:00,Company 3,95,free,75464306-96f6-47c8-9a39-382bf4baa64e,Operator 5,operator.5@example.com,2025-09-22T11:11:39.734300+00:00,OP-0005,tech,online,2,736c6aa9-0c81-4e95-b8f7-e791ea110805,open,medium,2026-02-11T11:11:39.735431+00:00,,d55142e6-c336-475f-af7e-fc15cdd15273,Message content 858,2026-02-11T19:20:39.735431+00:00,false,,,,
5faa6da9-33a3-408c-a571-b6625b43948e,Client 4,client.4@example.com,2025-03-25T11:11:39.733349+00:00,Company 4,95,free,7e797a74-cef7-4aac-8eec-dd396da1c475,Operator 7,operator.7@example.com,2025-11-03T11:11:39.734335+00:00,OP-0007,support,online,7,19c95279-ff17-42d6-9e10-1fbcf226f9eb,pending,low,2026-01-19T11:11:39.734634+00:00,,7bb561df-2956-4337-b93c-2403d356b975,Message content 859,2026-01-19T20:36:39.734634+00:00,true,,,,
b3f0dc7a-8965-4fd0-8d96-015039504208,Client 12,client.12@example.com,2025-10-15T11:11:39.733506+00:00,Company 12,20,standard,7e797a74-cef7-4aac-8eec-dd396da1c475,Operator 7,operator.7@example.com,2025-11-03T11:11:39.734335+00:00,OP-0007,support,online,7,dfce2714-fa1a-41d7-b618-286f4371ece9,open,high,2026-03-05T11:11:39.735561+00:00,,de0b5d18-2e46-470e-8c46-6765d8952abb,Message content 860,2026-03-06T01:01:39.735561+00:00,true,,,,
0a272624-2c12-484e-8a21-5158a8d796cf,Client 49,client.49@example.com,2025-03-22T11:11:39.734164+00:00,Company 49,69,premium,7e797a74-cef7-4aac-8eec-dd396da1c475,Operator 7,operator.7@example.com,2025-11-03T11:11:39.734335+00:00,OP-0007,support,online,7,62c2d753-7eb6-4d50-850f-8112d2172eff,pending,high,2026-01-11T11:11:39.736887+00:00,,2d44327b-e444-4965-ad97-973e4ff4b137,Message content 861,2026-01-11T13:31:39.736887+00:00,true,,,,
0fc60bab-9ce8-47f8-97e1-485d6ad75f21,Client 50,client.50@example.com,2025-04-12T11:11:39.734180+00:00,Company 50,44,free,730d608c-8e10-4f7e-a51d-db0d13429f86,Operator 10,operator.10@example.com,2025-06-09T11:11:39.734388+00:00,OP-0010,tech,offline,6,a1d9ce4c-b94a-4d7e-a3ad-cabe2877533a,open,high,2026-01-21T11:11:39.736825+00:00,,35c2b5bf-033d-4a78-9f64-298b61d7b9fb,Message content 862,2026-01-22T06:16:39.736825+00:00,true,,,,
55ffb774-9524-46af-919c-2ad12b14fd74,Client 40,client.40@example.com,2025-05-11T11:11:39.734007+00:00,Company 40,55,enterprise,cbe4ab29-47da-4080-be68-40c8076ffd1c,Operator 9,operator.9@example.com,2025-04-03T11:11:39.734371+00:00,OP-0009,tech,offline,4,fed40572-ad2b-471c-9c8c-58da2fb945f1,closed,medium,2026-03-06T11:11:39.735121+00:00,2026-03-07T23:11:39.735121+00:00,c5d3966f-f1d4-43f5-9e0c-0182ae7558c0,Message content 863,2026-03-06T18:54:39.735121+00:00,true,,,,
fd7d0456-43a1-4c22-9dfb-6a34f783ef0b,Client 22,client.22@example.com,2025-10-09T11:11:39.733674+00:00,Company 22,11,standard,7e797a74-cef7-4aac-8eec-dd396da1c475,Operator 7,operator.7@example.com,2025-11-03T11:11:39.734335+00:00,OP-0007,support,online,7,427bd460-e074-4611-8889-a950906f01a4,closed,low,2026-01-14T11:11:39.735590+00:00,2026-01-16T11:11:39.735590+00:00,950fbb01-5747-4b37-afe6-0d3d16700909,Message content 864,2026-01-15T06:48:39.735590+00:00,true,f29aee35-aab4-48bb-bd89-2df6d8275955,file_864.png,4696134,png
4b73c797-4439-4f60-9085-0e61a6a2015d,Client 43,client.43@example.com,2026-02-10T11:11:39.734062+00:00,Company 43,15,standard,c567ed84-590b-4b94-8e2c-2c96c62d400b,Operator 6,operator.6@example.com,2025-09-02T11:11:39.734317+00:00,OP-0006,billing,offline,2,6d7adecd-8af9-4047-8917-5ae9aad2597b,pending,high,2026-01-26T11:11:39.736015+00:00,,cd55703c-b350-4912-869a-6cb946a13a50,Message content 865,2026-01-26T21:13:39.736015+00:00,true,,,,
0e833b5b-bec5-417c-86d1-31d364dba72e,Client 8,client.8@example.com,2025-05-23T11:11:39.733428+00:00,Company 8,26,enterprise,75464306-96f6-47c8-9a39-382bf4baa64e,Operator 5,operator.5@example.com,2025-09-22T11:11:39.734300+00:00,OP-0005,tech,online,2,4759550c-d33b-4924-b9cd-531a205dc23a,pending,high,2026-02-02T11:11:39.736043+00:00,,f758dfb8-2b88-42c1-9bfb-78b9c7baf749,Message content 866,2026-02-02T19:58:39.736043+00:00,false,,,,
9573f1e3-e253-4a34-a620-aa47e4e21e12,Client 33,client.33@example.com,2025-11-09T11:11:39.733863+00:00,Company 33,5,premium,730d608c-8e10-4f7e-a51d-db0d13429f86,Operator 10,operator.10@example.com,2025-06-09T11:11:39.734388+00:00,OP-0010,tech,offline,6,c62d9326-1dfd-47bd-912c-3c4e7f5a7930,open,low,2026-02-13T11:11:39.736300+00:00,,33a418eb-661f-4a2d-8dbb-49ef8d92aa37,Message content 867,2026-02-13T19:43:39.736300+00:00,false,,,,
ecc24a2d-ea47-4b7a-a258-09210ce529f1,Client 31,client.31@example.com,2025-10-19T11:11:39.733830+00:00,Company 31,82,standard,775f6de4-bf12-43dc-b8ee-eff74e7fca85,Operator 3,operator.3@example.com,2026-01-11T11:11:39.734260+00:00,OP-0003,billing,offline,3,4cded7cb-9a4f-40f9-9b30-6a0b517e3880,open,medium,2026-01-23T11:11:39.736274+00:00,,628fdf14-acba-446b-a1f4-d652ddc15ce8,Message content 868,2026-01-24T03:41:39.736274+00:00,false,,,,
52fea20d-ccb0-42b4-82ec-0b205237569e,Client 35,client.35@example.com,2025-11-18T11:11:39.733896+00:00,Company 35,73,premium,8c273a5d-f06e-47e3-b4a7-da0ef6f06171,Operator 1,operator.1@example.com,2025-10-07T11:11:39.734205+00:00,OP-0001,tech,offline,5,842d941c-6fbb-4f6c-b37d-5daff267f8f1,pending,high,2026-01-07T11:11:39.737017+00:00,,0ea8af9c-ff89-45e1-8b68-3e42b305c5c3,Message content 869,2026-01-08T02:50:39.737017+00:00,false,,,,
f3a41c1c-78ab-41a3-afce-0fdd1b2b2d69,Client 38,client.38@example.com,2025-12-23T11:11:39.733948+00:00,Company 38,34,standard,cbe4ab29-47da-4080-be68-40c8076ffd1c,Operator 9,operator.9@example.com,2025-04-03T11:11:39.734371+00:00,OP-0009,tech,offline,4,a32d2ff4-0427-4efc-a9fc-73293b84612d,closed,low,2026-02-20T11:11:39.734478+00:00,2026-02-21T02:11:39.734478+00:00,d0b3e5f7-5e30-413e-9656-71e8497c0835,Message content 870,2026-02-21T03:38:39.734478+00:00,true,d5a2cefe-b31f-476a-a388-912151e49773,file_870.jpg,1938793,pdf
8ff38149-d4f0-4e94-ac93-245a113f1c68,Client 18,client.18@example.com,2026-01-25T11:11:39.733607+00:00,Company 18,71,premium,775f6de4-bf12-43dc-b8ee-eff74e7fca85,Operator 3,operator.3@example.com,2026-01-11T11:11:39.734260+00:00,OP-0003,billing,offline,3,1376f62e-cbbb-45c9-9f2c-dd1bf29bc4f5,closed,medium,2026-01-15T11:11:39.735627+00:00,2026-01-15T18:11:39.735627+00:00,bf7eeea1-5ca5-413a-b75b-8fa30fc77eb2,Message content 871,2026-01-15T23:14:39.735627+00:00,true,,,,
d826c7a0-bfe6-427f-8452-02427e211d02,Client 23,client.23@example.com,2026-01-14T11:11:39.733691+00:00,Company 23,49,premium,13992f5b-13db-41f1-b7c6-e68ae67d889d,Operator 2,operator.2@example.com,2026-03-05T11:11:39.734236+00:00,OP-0002,billing,offline,6,1542e91f-4330-4699-b7ee-8306c765a188,open,medium,2026-01-09T11:11:39.735060+00:00,,9b6cc4f2-7787-43db-a8e5-9d90f0e744ae,Message content 872,2026-01-09T19:39:39.735060+00:00,true,dabcb437-afdd-4c02-a450-7b2ddeedd03f,file_872.pdf,647775,jpg
70dcd8f0-425b-4cd4-8884-3074718ab021,Client 21,client.21@example.com,2026-02-11T11:11:39.733657+00:00,Company 21,85,standard,7e797a74-cef7-4aac-8eec-dd396da1c475,Operator 7,operator.7@example.com,2025-11-03T11:11:39.734335+00:00,OP-0007,support,online,7,035f0d8b-9403-4f61-92c8-d59190c544a9,closed,medium,2026-01-27T11:11:39.735864+00:00,2026-01-27T19:11:39.735864+00:00,202696a2-320c-4ae5-b3d9-b63dcebb9b63,Message content 873,2026-01-27T21:53:39.735864+00:00,false,,,,
02605a21-0cd4-4681-89e4-841a48af011f,Client 19,client.19@example.com,2025-04-19T11:11:39.733624+00:00,Company 19,80,premium,775f6de4-bf12-43dc-b8ee-eff74e7fca85,Operator 3,operator.3@example.com,2026-01-11T11:11:39.734260+00:00,OP-0003,billing,offline,3,dc2d98d3-9cc9-4bae-b622-a136687e08f6,closed,medium,2026-02-06T11:11:39.735084+00:00,2026-02-08T09:11:39.735084+00:00,47a219a2-bc8b-4b41-858f-a6c96335e827,Message content 874,2026-02-06T17:25:39.735084+00:00,true,,,,
9573f1e3-e253-4a34-a620-aa47e4e21e12,Client 33,client.33@example.com,2025-11-09T11:11:39.733863+00:00,Company 33,5,premium,13992f5b-13db-41f1-b7c6-e68ae67d889d,Operator 2,operator.2@example.com,2026-03-05T11:11:39.734236+00:00,OP-0002,billing,offline,6,888fdcc2-1a22-41c0-88c1-7a11dd8081fc,open,low,2026-01-11T11:11:39.734879+00:00,,fd011b7c-51e4-4e76-8656-4143566553b4,Message content 875,2026-01-12T04:12:39.734879+00:00,true,,,,
f0258ea9-5893-4b2b-a8b9-f60a1b13d4f5,Client 9,client.9@example.com,2025-11-14T11:11:39.733447+00:00,Company 9,58,premium,75464306-96f6-47c8-9a39-382bf4baa64e,Operator 5,operator.5@example.com,2025-09-22T11:11:39.734300+00:00,OP-0005,tech,online,2,6c5d75fd-c327-4bfc-9633-bd6a6a85d1f9,pending,low,2026-02-05T11:11:39.735005+00:00,,f61a0ee9-750a-4754-a1f1-eebed069d04e,Message content 876,2026-02-05T20:14:39.735005+00:00,true,3a81a480-af0b-4fa6-8069-1a5c08070b3a,file_876.jpg,2996574,jpg
52fea20d-ccb0-42b4-82ec-0b205237569e,Client 35,client.35@example.com,2025-11-18T11:11:39.733896+00:00,Company 35,73,premium,8c273a5d-f06e-47e3-b4a7-da0ef6f06171,Operator 1,operator.1@example.com,2025-10-07T11:11:39.734205+00:00,OP-0001,tech,offline,5,842d941c-6fbb-4f6c-b37d-5daff267f8f1,pending,high,2026-01-07T11:11:39.737017+00:00,,85a5c882-e986-412c-a431-6878c5683247,Message content 877,2026-01-07T14:49:39.737017+00:00,true,3fcab3ad-8e6a-4c82-896f-d0abc9cc882b,file_877.txt,65563,png
0777c6d2-2b2c-4b94-86df-1d6f74cb3528,Client 37,client.37@example.com,2025-08-16T11:11:39.733928+00:00,Company 37,83,enterprise,4e2e12c9-fb99-41b0-a60f-4eb61b5e0f33,Operator 4,operator.4@example.com,2025-08-27T11:11:39.734281+00:00,OP-0004,sales,online,6,c3a8d2ec-3958-4b7e-b0b6-3fd8ddc0c3f3,open,high,2026-02-18T11:11:39.735900+00:00,,d72952e9-e667-4388-ab6a-9f8d7f8562d8,Message content 878,2026-02-18T23:51:39.735900+00:00,true,,,,
9573f1e3-e253-4a34-a620-aa47e4e21e12,Client 33,client.33@example.com,2025-11-09T11:11:39.733863+00:00,Company 33,5,premium,730d608c-8e10-4f7e-a51d-db0d13429f86,Operator 10,operator.10@example.com,2025-06-09T11:11:39.734388+00:00,OP-0010,tech,offline,6,c62d9326-1dfd-47bd-912c-3c4e7f5a7930,open,low,2026-02-13T11:11:39.736300+00:00,,69dfb8bc-8073-468b-a6b9-fd6e37fc7efd,Message content 879,2026-02-13T20:33:39.736300+00:00,false,,,,
0e833b5b-bec5-417c-86d1-31d364dba72e,Client 8,client.8@example.com,2025-05-23T11:11:39.733428+00:00,Company 8,26,enterprise,75464306-96f6-47c8-9a39-382bf4baa64e,Operator 5,operator.5@example.com,2025-09-22T11:11:39.734300+00:00,OP-0005,tech,online,2,4759550c-d33b-4924-b9cd-531a205dc23a,pending,high,2026-02-02T11:11:39.736043+00:00,,b3305014-7039-46c2-9224-ea2ac8acc41e,Message content 880,2026-02-02T20:44:39.736043+00:00,false,,,,
0a272624-2c12-484e-8a21-5158a8d796cf,Client 49,client.49@example.com,2025-03-22T11:11:39.734164+00:00,Company 49,69,premium,4e2e12c9-fb99-41b0-a60f-4eb61b5e0f33,Operator 4,operator.4@example.com,2025-08-27T11:11:39.734281+00:00,OP-0004,sales,online,6,90bec7ed-7dea-4078-8ca0-3357d9b2fd4f,pending,medium,2026-02-24T11:11:39.734729+00:00,,521a1ecc-584d-4913-89ca-7509368b06f5,Message content 881,2026-02-24T13:01:39.734729+00:00,true,,,,
c1d26b76-65a7-43fd-a884-ff8ace8e21f5,Client 36,client.36@example.com,2025-11-18T11:11:39.733912+00:00,Company 36,84,enterprise,8c273a5d-f06e-47e3-b4a7-da0ef6f06171,Operator 1,operator.1@example.com,2025-10-07T11:11:39.734205+00:00,OP-0001,tech,offline,5,85460c13-7a82-492d-87c5-dfa2cb9837d6,pending,low,2026-02-15T11:11:39.736182+00:00,,b9292fd9-3d9d-40f4-8534-b7a8fe27de79,Message content 882,2026-02-15T12:17:39.736182+00:00,true,,,,
02605a21-0cd4-4681-89e4-841a48af011f,Client 19,client.19@example.com,2025-04-19T11:11:39.733624+00:00,Company 19,80,premium,4e2e12c9-fb99-41b0-a60f-4eb61b5e0f33,Operator 4,operator.4@example.com,2025-08-27T11:11:39.734281+00:00,OP-0004,sales,online,6,ab687850-17bd-4cbe-b7e8-b843f8dae9bc,pending,medium,2026-02-17T11:11:39.736692+00:00,,e05a5c03-8bef-46f8-958c-4a35ec67716d,Message content 883,2026-02-17T17:08:39.736692+00:00,true,,,,
c288e606-78c0-4a54-9184-54b69e7b45e4,Client 27,client.27@example.com,2025-03-12T11:11:39.733764+00:00,Company 27,88,free,c567ed84-590b-4b94-8e2c-2c96c62d400b,Operator 6,operator.6@example.com,2025-09-02T11:11:39.734317+00:00,OP-0006,billing,offline,2,57a62de5-6c3e-406d-b03e-ff3149e740dd,closed,high,2026-02-09T11:11:39.736072+00:00,2026-02-10T06:11:39.736072+00:00,e8fd7c2b-7ee9-4409-9ce6-36e890ae5d71,Message content 884,2026-02-10T02:53:39.736072+00:00,true,,,,
92e2cff6-5b04-44a7-b58c-4d0d1060260b,Client 16,client.16@example.com,2026-02-12T11:11:39.733572+00:00,Company 16,94,enterprise,75464306-96f6-47c8-9a39-382bf4baa64e,Operator 5,operator.5@example.com,2025-09-22T11:11:39.734300+00:00,OP-0005,tech,online,2,a9f57b39-55fb-4805-9143-fb55a6018bf0,open,high,2026-02-06T11:11:39.736669+00:00,,6625a9c0-9bb7-4095-ba7c-214ca5c294ed,Message content 885,2026-02-06T18:22:39.736669+00:00,true,,,,
17543439-3080-4320-9450-fde238897d38,Client 3,client.3@example.com,2025-12-25T11:11:39.733325+00:00,Company 3,95,free,75464306-96f6-47c8-9a39-382bf4baa64e,Operator 5,operator.5@example.com,2025-09-22T11:11:39.734300+00:00,OP-0005,tech,online,2,736c6aa9-0c81-4e95-b8f7-e791ea110805,open,medium,2026-02-11T11:11:39.735431+00:00,,c2a4920c-e298-4d71-9570-b79433054c43,Message content 886,2026-02-12T08:05:39.735431+00:00,true,,,,
d826c7a0-bfe6-427f-8452-02427e211d02,Client 23,client.23@example.com,2026-01-14T11:11:39.733691+00:00,Company 23,49,premium,13992f5b-13db-41f1-b7c6-e68ae67d889d,Operator 2,operator.2@example.com,2026-03-05T11:11:39.734236+00:00,OP-0002,billing,offline,6,1542e91f-4330-4699-b7ee-8306c765a188,open,medium,2026-01-09T11:11:39.735060+00:00,,37f4d3ef-3a9d-4256-96fa-db14e8a1975e,Message content 887,2026-01-09T19:16:39.735060+00:00,false,85026312-a431-45af-81a0-e05ad033b9c6,file_887.pdf,3079594,jpg
58a107b7-f3f3-4c7c-9ecf-0d8e2ed82e88,Client 48,client.48@example.com,2025-03-23T11:11:39.734148+00:00,Company 48,93,free,4e2e12c9-fb99-41b0-a60f-4eb61b5e0f33,Operator 4,operator.4@example.com,2025-08-27T11:11:39.734281+00:00,OP-0004,sales,online,6,c12b2b8f-6bf0-4659-97c9-5b2ca3b9a26d,pending,low,2026-02-11T11:11:39.735986+00:00,,92712a06-2dc2-4d99-979f-4881f1a791d0,Message content 888,2026-02-12T01:39:39.735986+00:00,false,1e9832f3-029e-4fc5-8ed0-9c6d730b7b3a,file_888.pdf,3072496,txt
55ffb774-9524-46af-919c-2ad12b14fd74,Client 40,client.40@example.com,2025-05-11T11:11:39.734007+00:00,Company 40,55,enterprise,cbe4ab29-47da-4080-be68-40c8076ffd1c,Operator 9,operator.9@example.com,2025-04-03T11:11:39.734371+00:00,OP-0009,tech,offline,4,fed40572-ad2b-471c-9c8c-58da2fb945f1,closed,medium,2026-03-06T11:11:39.735121+00:00,2026-03-07T23:11:39.735121+00:00,8fc36689-d025-418c-95d1-fa8a24fde11f,Message content 889,2026-03-07T02:34:39.735121+00:00,true,342d0103-9af8-443c-bfde-8e445b7c0d24,file_889.jpg,847768,pdf
f0258ea9-5893-4b2b-a8b9-f60a1b13d4f5,Client 9,client.9@example.com,2025-11-14T11:11:39.733447+00:00,Company 9,58,premium,75464306-96f6-47c8-9a39-382bf4baa64e,Operator 5,operator.5@example.com,2025-09-22T11:11:39.734300+00:00,OP-0005,tech,online,2,6c5d75fd-c327-4bfc-9633-bd6a6a85d1f9,pending,low,2026-02-05T11:11:39.735005+00:00,,2b6446e5-2d01-4887-9457-766e8c19793b,Message content 890,2026-02-06T06:08:39.735005+00:00,true,,,,
5caab472-47e3-4e7f-a3a7-3c61503d63e0,Client 11,client.11@example.com,2025-03-14T11:11:39.733488+00:00,Company 11,55,premium,7e797a74-cef7-4aac-8eec-dd396da1c475,Operator 7,operator.7@example.com,2025-11-03T11:11:39.734335+00:00,OP-0007,support,online,7,1d53ad4e-5f63-40ca-b89b-9c47139a9c06,pending,medium,2026-03-06T11:11:39.734760+00:00,,44338543-dc0b-4be9-8e4a-33ab9dcd0e83,Message content 891,2026-03-06T16:17:39.734760+00:00,true,,,,
17543439-3080-4320-9450-fde238897d38,Client 3,client.3@example.com,2025-12-25T11:11:39.733325+00:00,Company 3,95,free,679fc6d7-3349-4897-ab8c-49f7d7afa9f5,Operator 8,operator.8@example.com,2025-07-01T11:11:39.734353+00:00,OP-0008,support,offline,3,f39345d0-d50a-4854-b445-e880ee27ea4d,open,medium,2026-02-20T11:11:39.735669+00:00,,40f7f239-f3ba-4282-a309-e768a1d19bbe,Message content 892,2026-02-21T04:14:39.735669+00:00,false,7c226b67-552e-481b-a559-c9abd439be59,file_892.pdf,4092066,pdf
52fea20d-ccb0-42b4-82ec-0b205237569e,Client 35,client.35@example.com,2025-11-18T11:11:39.733896+00:00,Company 35,73,premium,4e2e12c9-fb99-41b0-a60f-4eb61b5e0f33,Operator 4,operator.4@example.com,2025-08-27T11:11:39.734281+00:00,OP-0004,sales,online,6,0bc42958-ba58-43e9-8761-998dbe002df4,pending,low,2026-02-02T11:11:39.735044+00:00,,0a2b142d-4799-47df-9c63-6c83ad81980b,Message content 893,2026-02-03T06:22:39.735044+00:00,true,,,,
92e2cff6-5b04-44a7-b58c-4d0d1060260b,Client 16,client.16@example.com,2026-02-12T11:11:39.733572+00:00,Company 16,94,enterprise,4e2e12c9-fb99-41b0-a60f-4eb61b5e0f33,Operator 4,operator.4@example.com,2025-08-27T11:11:39.734281+00:00,OP-0004,sales,online,6,a1e90e84-590c-4f42-bfde-ec1ffba6455f,closed,low,2026-02-22T11:11:39.734650+00:00,2026-02-23T16:11:39.734650+00:00,5478c2b3-ad26-4423-8697-802a5caa6539,Message content 894,2026-02-23T10:45:39.734650+00:00,true,05666760-a282-4ffd-b721-6734946c1c11,file_894.pdf,4007502,png
88ded20b-1cd1-4dab-8c10-4f1303231c40,Client 44,client.44@example.com,2025-04-19T11:11:39.734078+00:00,Company 44,21,enterprise,cbe4ab29-47da-4080-be68-40c8076ffd1c,Operator 9,operator.9@example.com,2025-04-03T11:11:39.734371+00:00,OP-0009,tech,offline,4,e8f1ede2-a205-4159-ba19-f13d7f0edab4,open,low,2026-02-13T11:11:39.735787+00:00,,22f8ab24-b82c-48c4-8cb0-05c86bb9f453,Message content 895,2026-02-13T22:36:39.735787+00:00,true,c30760ea-a30c-4e89-ad75-b07c605e89be,file_895.pdf,2896857,png
8ff38149-d4f0-4e94-ac93-245a113f1c68,Client 18,client.18@example.com,2026-01-25T11:11:39.733607+00:00,Company 18,71,premium,775f6de4-bf12-43dc-b8ee-eff74e7fca85,Operator 3,operator.3@example.com,2026-01-11T11:11:39.734260+00:00,OP-0003,billing,offline,3,1376f62e-cbbb-45c9-9f2c-dd1bf29bc4f5,closed,medium,2026-01-15T11:11:39.735627+00:00,2026-01-15T18:11:39.735627+00:00,61570c89-7a3f-4512-a80d-74504b5820e9,Message content 896,2026-01-15T15:19:39.735627+00:00,true,,,,
0777c6d2-2b2c-4b94-86df-1d6f74cb3528,Client 37,client.37@example.com,2025-08-16T11:11:39.733928+00:00,Company 37,83,enterprise,4e2e12c9-fb99-41b0-a60f-4eb61b5e0f33,Operator 4,operator.4@example.com,2025-08-27T11:11:39.734281+00:00,OP-0004,sales,online,6,28557798-e9e8-4d9b-9a22-af77b48aee99,closed,medium,2026-01-20T11:11:39.736402+00:00,2026-01-21T12:11:39.736402+00:00,fdf21fc8-f4ba-42d2-a707-114e7202e1c2,Message content 897,2026-01-20T17:58:39.736402+00:00,true,,,,
58a107b7-f3f3-4c7c-9ecf-0d8e2ed82e88,Client 48,client.48@example.com,2025-03-23T11:11:39.734148+00:00,Company 48,93,free,775f6de4-bf12-43dc-b8ee-eff74e7fca85,Operator 3,operator.3@example.com,2026-01-11T11:11:39.734260+00:00,OP-0003,billing,offline,3,1bbf9cfb-6b5c-49c6-bcbe-43945017a295,closed,medium,2026-01-26T11:11:39.736144+00:00,2026-01-27T07:11:39.736144+00:00,19248dd1-c374-42e4-b63d-132d243b595f,Message content 898,2026-01-26T17:08:39.736144+00:00,true,,,,
17543439-3080-4320-9450-fde238897d38,Client 3,client.3@example.com,2025-12-25T11:11:39.733325+00:00,Company 3,95,free,8c273a5d-f06e-47e3-b4a7-da0ef6f06171,Operator 1,operator.1@example.com,2025-10-07T11:11:39.734205+00:00,OP-0001,tech,offline,5,9871d710-6730-430d-b4a0-0c88e046d70e,open,high,2026-02-13T11:11:39.735296+00:00,,9258eb16-8a41-4592-b78d-a5a277cb3706,Message content 899,2026-02-14T10:09:39.735296+00:00,false,,,,
88ded20b-1cd1-4dab-8c10-4f1303231c40,Client 44,client.44@example.com,2025-04-19T11:11:39.734078+00:00,Company 44,21,enterprise,cbe4ab29-47da-4080-be68-40c8076ffd1c,Operator 9,operator.9@example.com,2025-04-03T11:11:39.734371+00:00,OP-0009,tech,offline,4,e8f1ede2-a205-4159-ba19-f13d7f0edab4,open,low,2026-02-13T11:11:39.735787+00:00,,09a58e7a-6798-4a10-b13c-2d00699ab884,Message content 900,2026-02-13T13:51:39.735787+00:00,true,,,,
b3f0dc7a-8965-4fd0-8d96-015039504208,Client 12,client.12@example.com,2025-10-15T11:11:39.733506+00:00,Company 12,20,standard,cbe4ab29-47da-4080-be68-40c8076ffd1c,Operator 9,operator.9@example.com,2025-04-03T11:11:39.734371+00:00,OP-0009,tech,offline,4,aed4d1de-b5f5-4286-b511-d7b2d09117c4,open,high,2026-02-05T11:11:39.736498+00:00,,591cf706-1762-4962-841c-48d37c4a9411,Message content 901,2026-02-05T16:07:39.736498+00:00,true,,,,
b1b67804-39c9-4048-89d8-bcd70a55dd71,Client 46,client.46@example.com,2025-08-23T11:11:39.734115+00:00,Company 46,77,enterprise,7e797a74-cef7-4aac-8eec-dd396da1c475,Operator 7,operator.7@example.com,2025-11-03T11:11:39.734335+00:00,OP-0007,support,online,7,5a4a3e7b-8427-45cb-8051-ef6ff597f716,open,low,2026-01-30T11:11:39.735351+00:00,,4e303519-7704-4875-be6c-45890d5c2d67,Message content 902,2026-01-31T01:34:39.735351+00:00,true,,,,
8067d26e-94c8-4b4f-8ab1-93053f706f51,Client 28,client.28@example.com,2025-04-29T11:11:39.733781+00:00,Company 28,82,standard,c567ed84-590b-4b94-8e2c-2c96c62d400b,Operator 6,operator.6@example.com,2025-09-02T11:11:39.734317+00:00,OP-0006,billing,offline,2,69e2f568-b6db-450d-82e0-2d0116a9da57,pending,medium,2026-02-07T11:11:39.734596+00:00,,e06b4f49-0b09-469a-a453-49a1d9f315c3,Message content 903,2026-02-07T13:53:39.734596+00:00,true,53b47ec4-c3ae-4319-b9bb-73bbbff8a050,file_903.pdf,2454074,pdf
0777c6d2-2b2c-4b94-86df-1d6f74cb3528,Client 37,client.37@example.com,2025-08-16T11:11:39.733928+00:00,Company 37,83,enterprise,4e2e12c9-fb99-41b0-a60f-4eb61b5e0f33,Operator 4,operator.4@example.com,2025-08-27T11:11:39.734281+00:00,OP-0004,sales,online,6,28557798-e9e8-4d9b-9a22-af77b48aee99,closed,medium,2026-01-20T11:11:39.736402+00:00,2026-01-21T12:11:39.736402+00:00,b5c49570-a39a-4094-a477-4f3fdb0556a3,Message content 904,2026-01-21T09:11:39.736402+00:00,false,,,,
52fea20d-ccb0-42b4-82ec-0b205237569e,Client 35,client.35@example.com,2025-11-18T11:11:39.733896+00:00,Company 35,73,premium,8c273a5d-f06e-47e3-b4a7-da0ef6f06171,Operator 1,operator.1@example.com,2025-10-07T11:11:39.734205+00:00,OP-0001,tech,offline,5,842d941c-6fbb-4f6c-b37d-5daff267f8f1,pending,high,2026-01-07T11:11:39.737017+00:00,,ffd7550f-772d-4fe9-a8ac-ca6da78e1e05,Message content 905,2026-01-07T23:34:39.737017+00:00,true,,,,
88ded20b-1cd1-4dab-8c10-4f1303231c40,Client 44,client.44@example.com,2025-04-19T11:11:39.734078+00:00,Company 44,21,enterprise,cbe4ab29-47da-4080-be68-40c8076ffd1c,Operator 9,operator.9@example.com,2025-04-03T11:11:39.734371+00:00,OP-0009,tech,offline,4,e8f1ede2-a205-4159-ba19-f13d7f0edab4,open,low,2026-02-13T11:11:39.735787+00:00,,5eaeedf0-6c12-4ea0-b46e-335ef5b43b71,Message content 906,2026-02-14T01:18:39.735787+00:00,false,b4fdebe8-af90-4d88-a4b2-320e620c210e,file_906.jpg,1978195,pdf
58a107b7-f3f3-4c7c-9ecf-0d8e2ed82e88,Client 48,client.48@example.com,2025-03-23T11:11:39.734148+00:00,Company 48,93,free,cbe4ab29-47da-4080-be68-40c8076ffd1c,Operator 9,operator.9@example.com,2025-04-03T11:11:39.734371+00:00,OP-0009,tech,offline,4,7cf2c268-9c00-4c2a-9eb7-66429dcddb95,closed,medium,2026-01-14T11:11:39.736915+00:00,2026-01-15T02:11:39.736915+00:00,2dfacf89-7f67-4ca9-afc6-7a89198b1b5c,Message content 907,2026-01-15T11:06:39.736915+00:00,true,,,,
b3f0dc7a-8965-4fd0-8d96-015039504208,Client 12,client.12@example.com,2025-10-15T11:11:39.733506+00:00,Company 12,20,standard,7e797a74-cef7-4aac-8eec-dd396da1c475,Operator 7,operator.7@example.com,2025-11-03T11:11:39.734335+00:00,OP-0007,support,online,7,dfce2714-fa1a-41d7-b618-286f4371ece9,open,high,2026-03-05T11:11:39.735561+00:00,,36d929ac-eb0e-44c1-ab08-93d30ac9b82d,Message content 908,2026-03-05T14:41:39.735561+00:00,false,b4788028-3f7b-439b-8204-d52bc0c2f0f0,file_908.txt,4610595,png
f3a41c1c-78ab-41a3-afce-0fdd1b2b2d69,Client 38,client.38@example.com,2025-12-23T11:11:39.733948+00:00,Company 38,34,standard,cbe4ab29-47da-4080-be68-40c8076ffd1c,Operator 9,operator.9@example.com,2025-04-03T11:11:39.734371+00:00,OP-0009,tech,offline,4,a32d2ff4-0427-4efc-a9fc-73293b84612d,closed,low,2026-02-20T11:11:39.734478+00:00,2026-02-21T02:11:39.734478+00:00,0ed6e488-ae46-459d-b8bf-070eaa39b9ed,Message content 909,2026-02-21T00:44:39.734478+00:00,false,,,,
8067d26e-94c8-4b4f-8ab1-93053f706f51,Client 28,client.28@example.com,2025-04-29T11:11:39.733781+00:00,Company 28,82,standard,775f6de4-bf12-43dc-b8ee-eff74e7fca85,Operator 3,operator.3@example.com,2026-01-11T11:11:39.734260+00:00,OP-0003,billing,offline,3,14fcb8c7-648f-4441-835b-856bce0df9b2,pending,low,2026-02-17T11:11:39.734672+00:00,,868eb1d7-5826-4ef2-a531-be4de8327e72,Message content 910,2026-02-17T20:08:39.734672+00:00,true,,,,
58a107b7-f3f3-4c7c-9ecf-0d8e2ed82e88,Client 48,client.48@example.com,2025-03-23T11:11:39.734148+00:00,Company 48,93,free,775f6de4-bf12-43dc-b8ee-eff74e7fca85,Operator 3,operator.3@example.com,2026-01-11T11:11:39.734260+00:00,OP-0003,billing,offline,3,305645ed-663d-400b-9df2-48b7b9b4ee07,open,low,2026-01-06T11:11:39.735526+00:00,,f055441c-c454-43a7-a201-59add66381b7,Message content 911,2026-01-06T21:44:39.735526+00:00,false,7d2abe74-1c39-4976-8b0f-4dae99de637c,file_911.txt,1070418,jpg
f0258ea9-5893-4b2b-a8b9-f60a1b13d4f5,Client 9,client.9@example.com,2025-11-14T11:11:39.733447+00:00,Company 9,58,premium,4e2e12c9-fb99-41b0-a60f-4eb61b5e0f33,Operator 4,operator.4@example.com,2025-08-27T11:11:39.734281+00:00,OP-0004,sales,online,6,9024ed73-9f0d-4ffe-a0c9-56610c316a8d,closed,high,2026-02-08T11:11:39.736106+00:00,2026-02-09T12:11:39.736106+00:00,937e1640-870b-4650-890a-b3bb62baa78b,Message content 912,2026-02-08T17:00:39.736106+00:00,true,86fedc46-62f3-4667-a910-a639eed5ab12,file_912.pdf,4004275,txt
c1d26b76-65a7-43fd-a884-ff8ace8e21f5,Client 36,client.36@example.com,2025-11-18T11:11:39.733912+00:00,Company 36,84,enterprise,8c273a5d-f06e-47e3-b4a7-da0ef6f06171,Operator 1,operator.1@example.com,2025-10-07T11:11:39.734205+00:00,OP-0001,tech,offline,5,85460c13-7a82-492d-87c5-dfa2cb9837d6,pending,low,2026-02-15T11:11:39.736182+00:00,,36bedb05-399a-4be6-9cd9-886c3723f2f5,Message content 913,2026-02-15T20:28:39.736182+00:00,true,,,,
86ed07ac-9eb8-4057-ae3c-96c475cf5c56,Client 25,client.25@example.com,2025-12-13T11:11:39.733726+00:00,Company 25,48,premium,775f6de4-bf12-43dc-b8ee-eff74e7fca85,Operator 3,operator.3@example.com,2026-01-11T11:11:39.734260+00:00,OP-0003,billing,offline,3,4094ee53-4cff-4849-aab1-6f93a0864a4d,open,low,2026-01-20T11:11:39.736743+00:00,,f327d001-1a16-4998-ae3a-f36804e3e302,Message content 914,2026-01-21T05:35:39.736743+00:00,true,ca979007-4a13-4983-9cf7-69e36787c677,file_914.txt,4401099,pdf
8bf6c5de-eb19-4f4f-9cb7-7e28340b53e6,Client 5,client.5@example.com,2025-05-08T11:11:39.733371+00:00,Company 5,55,free,775f6de4-bf12-43dc-b8ee-eff74e7fca85,Operator 3,operator.3@example.com,2026-01-11T11:11:39.734260+00:00,OP-0003,billing,offline,3,afebdb6f-af18-4a5b-90f2-8de8f46b5271,open,medium,2026-01-31T11:11:39.735379+00:00,,5ca610cd-3fb8-4ca1-b302-fd064b965e39,Message content 915,2026-02-01T03:37:39.735379+00:00,false,,,,
8bf6c5de-eb19-4f4f-9cb7-7e28340b53e6,Client 5,client.5@example.com,2025-05-08T11:11:39.733371+00:00,Company 5,55,free,75464306-96f6-47c8-9a39-382bf4baa64e,Operator 5,operator.5@example.com,2025-09-22T11:11:39.734300+00:00,OP-0005,tech,online,2,31ac0a08-b4d3-494e-8a0f-79eb77e13e33,closed,medium,2026-02-12T11:11:39.735753+00:00,2026-02-13T20:11:39.735753+00:00,d7fadce1-4fac-4cf8-bea4-4c7726070abd,Message content 916,2026-02-12T21:41:39.735753+00:00,true,,,,
02605a21-0cd4-4681-89e4-841a48af011f,Client 19,client.19@example.com,2025-04-19T11:11:39.733624+00:00,Company 19,80,premium,730d608c-8e10-4f7e-a51d-db0d13429f86,Operator 10,operator.10@example.com,2025-06-09T11:11:39.734388+00:00,OP-0010,tech,offline,6,37eeb618-1da8-4e27-9710-48189b5b1143,closed,low,2026-02-21T11:11:39.735208+00:00,2026-02-22T09:11:39.735208+00:00,9e9c9c81-f972-4cfa-bcdd-7bd5c9383062,Message content 917,2026-02-21T11:32:39.735208+00:00,false,60db94bb-93b4-4584-8945-06a84e0b1f15,file_917.jpg,2894715,pdf
70dcd8f0-425b-4cd4-8884-3074718ab021,Client 21,client.21@example.com,2026-02-11T11:11:39.733657+00:00,Company 21,85,standard,7e797a74-cef7-4aac-8eec-dd396da1c475,Operator 7,operator.7@example.com,2025-11-03T11:11:39.734335+00:00,OP-0007,support,online,7,035f0d8b-9403-4f61-92c8-d59190c544a9,closed,medium,2026-01-27T11:11:39.735864+00:00,2026-01-27T19:11:39.735864+00:00,70bc8d3d-9582-45dd-8700-2df625ca3dc4,Message content 918,2026-01-28T05:26:39.735864+00:00,false,b60644a3-3b67-428d-844c-170e403b21de,file_918.txt,2523315,png
5caab472-47e3-4e7f-a3a7-3c61503d63e0,Client 11,client.11@example.com,2025-03-14T11:11:39.733488+00:00,Company 11,55,premium,679fc6d7-3349-4897-ab8c-49f7d7afa9f5,Operator 8,operator.8@example.com,2025-07-01T11:11:39.734353+00:00,OP-0008,support,offline,3,7605b37a-73eb-4a6c-baf4-bad0fc70b5ca,open,high,2026-01-07T11:11:39.737002+00:00,,6aac4446-62c6-4da1-bbfc-b6032d4a6219,Message content 919,2026-01-08T01:52:39.737002+00:00,true,,,,
0a272624-2c12-484e-8a21-5158a8d796cf,Client 49,client.49@example.com,2025-03-22T11:11:39.734164+00:00,Company 49,69,premium,4e2e12c9-fb99-41b0-a60f-4eb61b5e0f33,Operator 4,operator.4@example.com,2025-08-27T11:11:39.734281+00:00,OP-0004,sales,online,6,2339a806-fbef-4c1a-856c-5eb421dd1eaf,pending,medium,2026-01-20T11:11:39.734406+00:00,,1539fc2f-5eb0-4eed-bcc1-3c91a01a7381,Message content 920,2026-01-21T05:53:39.734406+00:00,true,,,,
50d18f17-5036-4d3d-af5f-300d47cfef98,Client 29,client.29@example.com,2025-06-06T11:11:39.733797+00:00,Company 29,94,standard,679fc6d7-3349-4897-ab8c-49f7d7afa9f5,Operator 8,operator.8@example.com,2025-07-01T11:11:39.734353+00:00,OP-0008,support,offline,3,258362b4-995e-46b8-81f2-979a069a45db,open,high,2026-01-22T11:11:39.736249+00:00,,c2b82a4b-d206-46c8-a19c-fa9f654d665a,Message content 921,2026-01-23T02:06:39.736249+00:00,true,,,,
0a272624-2c12-484e-8a21-5158a8d796cf,Client 49,client.49@example.com,2025-03-22T11:11:39.734164+00:00,Company 49,69,premium,7e797a74-cef7-4aac-8eec-dd396da1c475,Operator 7,operator.7@example.com,2025-11-03T11:11:39.734335+00:00,OP-0007,support,online,7,62c2d753-7eb6-4d50-850f-8112d2172eff,pending,high,2026-01-11T11:11:39.736887+00:00,,b9ed9937-bbea-47c0-82d2-b130df3139a1,Message content 922,2026-01-12T09:13:39.736887+00:00,true,,,,
d826c7a0-bfe6-427f-8452-02427e211d02,Client 23,client.23@example.com,2026-01-14T11:11:39.733691+00:00,Company 23,49,premium,13992f5b-13db-41f1-b7c6-e68ae67d889d,Operator 2,operator.2@example.com,2026-03-05T11:11:39.734236+00:00,OP-0002,billing,offline,6,1542e91f-4330-4699-b7ee-8306c765a188,open,medium,2026-01-09T11:11:39.735060+00:00,,56b09229-44b3-4ce9-b87e-f286167b3873,Message content 923,2026-01-09T13:53:39.735060+00:00,true,,,,
86ed07ac-9eb8-4057-ae3c-96c475cf5c56,Client 25,client.25@example.com,2025-12-13T11:11:39.733726+00:00,Company 25,48,premium,c567ed84-590b-4b94-8e2c-2c96c62d400b,Operator 6,operator.6@example.com,2025-09-02T11:11:39.734317+00:00,OP-0006,billing,offline,2,7647f22b-6357-46b6-8f55-20df71847d01,closed,high,2026-01-23T11:11:39.736979+00:00,2026-01-24T13:11:39.736979+00:00,fa0df231-5001-4076-b3f2-e5976ef0e344,Message content 924,2026-01-24T08:06:39.736979+00:00,true,,,,
4b73c797-4439-4f60-9085-0e61a6a2015d,Client 43,client.43@example.com,2026-02-10T11:11:39.734062+00:00,Company 43,15,standard,13992f5b-13db-41f1-b7c6-e68ae67d889d,Operator 2,operator.2@example.com,2026-03-05T11:11:39.734236+00:00,OP-0002,billing,offline,6,2a2b9b60-f71a-4b63-841f-ad809db56934,open,medium,2026-01-09T11:11:39.735154+00:00,,015f19d8-ccbd-41ae-b8ec-55a9c7f1023e,Message content 925,2026-01-10T09:19:39.735154+00:00,false,,,,
8ff38149-d4f0-4e94-ac93-245a113f1c68,Client 18,client.18@example.com,2026-01-25T11:11:39.733607+00:00,Company 18,71,premium,775f6de4-bf12-43dc-b8ee-eff74e7fca85,Operator 3,operator.3@example.com,2026-01-11T11:11:39.734260+00:00,OP-0003,billing,offline,3,1376f62e-cbbb-45c9-9f2c-dd1bf29bc4f5,closed,medium,2026-01-15T11:11:39.735627+00:00,2026-01-15T18:11:39.735627+00:00,78bd7da5-a9c1-490c-980d-9cd238b85d64,Message content 926,2026-01-15T17:36:39.735627+00:00,true,,,,
0e833b5b-bec5-417c-86d1-31d364dba72e,Client 8,client.8@example.com,2025-05-23T11:11:39.733428+00:00,Company 8,26,enterprise,13992f5b-13db-41f1-b7c6-e68ae67d889d,Operator 2,operator.2@example.com,2026-03-05T11:11:39.734236+00:00,OP-0002,billing,offline,6,1db27155-d627-49e7-a20f-1198b38053bc,closed,medium,2026-01-18T11:11:39.735177+00:00,2026-01-18T21:11:39.735177+00:00,8552cd65-5070-49bd-bc41-9ca29391350f,Message content 927,2026-01-18T14:57:39.735177+00:00,true,,,,
02605a21-0cd4-4681-89e4-841a48af011f,Client 19,client.19@example.com,2025-04-19T11:11:39.733624+00:00,Company 19,80,premium,775f6de4-bf12-43dc-b8ee-eff74e7fca85,Operator 3,operator.3@example.com,2026-01-11T11:11:39.734260+00:00,OP-0003,billing,offline,3,dc2d98d3-9cc9-4bae-b622-a136687e08f6,closed,medium,2026-02-06T11:11:39.735084+00:00,2026-02-08T09:11:39.735084+00:00,1caeac81-0cea-44c9-b500-7e363671ca49,Message content 928,2026-02-07T11:05:39.735084+00:00,true,,,,
92e2cff6-5b04-44a7-b58c-4d0d1060260b,Client 16,client.16@example.com,2026-02-12T11:11:39.733572+00:00,Company 16,94,enterprise,4e2e12c9-fb99-41b0-a60f-4eb61b5e0f33,Operator 4,operator.4@example.com,2025-08-27T11:11:39.734281+00:00,OP-0004,sales,online,6,26d868bf-9971-4190-91a4-2c1e5985e551,pending,low,2026-03-02T11:11:39.734461+00:00,,155a8245-469a-4a69-929d-a8fa28fc31f3,Message content 929,2026-03-02T16:22:39.734461+00:00,true,253baf5d-25cf-4df9-b584-e501b457be69,file_929.jpg,867932,pdf
02605a21-0cd4-4681-89e4-841a48af011f,Client 19,client.19@example.com,2025-04-19T11:11:39.733624+00:00,Company 19,80,premium,775f6de4-bf12-43dc-b8ee-eff74e7fca85,Operator 3,operator.3@example.com,2026-01-11T11:11:39.734260+00:00,OP-0003,billing,offline,3,dc2d98d3-9cc9-4bae-b622-a136687e08f6,closed,medium,2026-02-06T11:11:39.735084+00:00,2026-02-08T09:11:39.735084+00:00,92a7badd-6d7b-4d48-a045-5e3b442e5634,Message content 930,2026-02-06T15:27:39.735084+00:00,false,,,,
4b73c797-4439-4f60-9085-0e61a6a2015d,Client 43,client.43@example.com,2026-02-10T11:11:39.734062+00:00,Company 43,15,standard,c567ed84-590b-4b94-8e2c-2c96c62d400b,Operator 6,operator.6@example.com,2025-09-02T11:11:39.734317+00:00,OP-0006,billing,offline,2,2fcbc563-0699-4f5f-aec2-dd4e54f28a6f,pending,medium,2026-02-19T11:11:39.734989+00:00,,66929537-6785-406b-a2c9-f81297acf393,Message content 931,2026-02-19T14:15:39.734989+00:00,true,6470f214-ba7b-425a-84bb-87671355d121,file_931.pdf,3535254,pdf
58a107b7-f3f3-4c7c-9ecf-0d8e2ed82e88,Client 48,client.48@example.com,2025-03-23T11:11:39.734148+00:00,Company 48,93,free,4e2e12c9-fb99-41b0-a60f-4eb61b5e0f33,Operator 4,operator.4@example.com,2025-08-27T11:11:39.734281+00:00,OP-0004,sales,online,6,c12b2b8f-6bf0-4659-97c9-5b2ca3b9a26d,pending,low,2026-02-11T11:11:39.735986+00:00,,ec84e984-58ca-4e9d-a01d-db17020c1938,Message content 932,2026-02-11T23:51:39.735986+00:00,false,,,,
4cfd3965-0c74-47ca-8d1c-551fb947514c,Client 17,client.17@example.com,2025-06-05T11:11:39.733590+00:00,Company 17,16,enterprise,775f6de4-bf12-43dc-b8ee-eff74e7fca85,Operator 3,operator.3@example.com,2026-01-11T11:11:39.734260+00:00,OP-0003,billing,offline,3,e105a3dd-db0d-43ec-9ae1-7c3972d99e03,pending,high,2026-01-18T11:11:39.735321+00:00,,b448bdc4-fca0-4507-8d5e-4e58b0b8d36b,Message content 933,2026-01-18T13:55:39.735321+00:00,false,,,,
0777c6d2-2b2c-4b94-86df-1d6f74cb3528,Client 37,client.37@example.com,2025-08-16T11:11:39.733928+00:00,Company 37,83,enterprise,730d608c-8e10-4f7e-a51d-db0d13429f86,Operator 10,operator.10@example.com,2025-06-09T11:11:39.734388+00:00,OP-0010,tech,offline,6,096d9467-8e42-4ada-9b69-3fd4ee1705da,open,medium,2026-02-04T11:11:39.734564+00:00,,4ff3cc0b-8bd2-49b1-8a48-1d94f3ba6af0,Message content 934,2026-02-04T20:16:39.734564+00:00,true,,,,
70dcd8f0-425b-4cd4-8884-3074718ab021,Client 21,client.21@example.com,2026-02-11T11:11:39.733657+00:00,Company 21,85,standard,7e797a74-cef7-4aac-8eec-dd396da1c475,Operator 7,operator.7@example.com,2025-11-03T11:11:39.734335+00:00,OP-0007,support,online,7,035f0d8b-9403-4f61-92c8-d59190c544a9,closed,medium,2026-01-27T11:11:39.735864+00:00,2026-01-27T19:11:39.735864+00:00,fd2f80ac-c253-4bb7-9b40-2536a11d1c5d,Message content 935,2026-01-27T17:22:39.735864+00:00,false,68f3e73b-f339-433f-b2cc-44e8227763cd,file_935.txt,115826,png
5caab472-47e3-4e7f-a3a7-3c61503d63e0,Client 11,client.11@example.com,2025-03-14T11:11:39.733488+00:00,Company 11,55,premium,679fc6d7-3349-4897-ab8c-49f7d7afa9f5,Operator 8,operator.8@example.com,2025-07-01T11:11:39.734353+00:00,OP-0008,support,offline,3,7605b37a-73eb-4a6c-baf4-bad0fc70b5ca,open,high,2026-01-07T11:11:39.737002+00:00,,75bf9906-e428-4115-b014-8b6d7345d7e4,Message content 936,2026-01-07T19:40:39.737002+00:00,false,,,,
638081d3-bce7-40f6-b88c-d5b343b2e3d2,Client 1,client.1@example.com,2025-04-13T11:11:39.733210+00:00,Company 1,15,free,679fc6d7-3349-4897-ab8c-49f7d7afa9f5,Operator 8,operator.8@example.com,2025-07-01T11:11:39.734353+00:00,OP-0008,support,offline,3,7233beda-2ba0-453f-a2e4-265b04f963bf,closed,low,2026-01-26T11:11:39.735022+00:00,2026-01-26T18:11:39.735022+00:00,e8fcd6dc-604a-4a53-a3af-8a786f44c566,Message content 937,2026-01-26T12:19:39.735022+00:00,false,ac23764d-dd30-4ae9-8698-4341822dad65,file_937.png,4381631,jpg
70dcd8f0-425b-4cd4-8884-3074718ab021,Client 21,client.21@example.com,2026-02-11T11:11:39.733657+00:00,Company 21,85,standard,7e797a74-cef7-4aac-8eec-dd396da1c475,Operator 7,operator.7@example.com,2025-11-03T11:11:39.734335+00:00,OP-0007,support,online,7,035f0d8b-9403-4f61-92c8-d59190c544a9,closed,medium,2026-01-27T11:11:39.735864+00:00,2026-01-27T19:11:39.735864+00:00,492ada6e-c8d0-410d-8e90-63614bf22374,Message content 938,2026-01-28T00:27:39.735864+00:00,true,,,,
17543439-3080-4320-9450-fde238897d38,Client 3,client.3@example.com,2025-12-25T11:11:39.733325+00:00,Company 3,95,free,8c273a5d-f06e-47e3-b4a7-da0ef6f06171,Operator 1,operator.1@example.com,2025-10-07T11:11:39.734205+00:00,OP-0001,tech,offline,5,9871d710-6730-430d-b4a0-0c88e046d70e,open,high,2026-02-13T11:11:39.735296+00:00,,bc192897-38f0-469b-873e-9068c25bbe00,Message content 939,2026-02-13T16:35:39.735296+00:00,true,,,,
8067d26e-94c8-4b4f-8ab1-93053f706f51,Client 28,client.28@example.com,2025-04-29T11:11:39.733781+00:00,Company 28,82,standard,730d608c-8e10-4f7e-a51d-db0d13429f86,Operator 10,operator.10@example.com,2025-06-09T11:11:39.734388+00:00,OP-0010,tech,offline,6,9991b2a2-028b-449a-a7f7-beb0ca40ae35,closed,medium,2026-01-27T11:11:39.736207+00:00,2026-01-28T08:11:39.736207+00:00,3761d376-1f51-406d-8d36-277feb5f1f28,Message content 940,2026-01-28T04:57:39.736207+00:00,true,e7690305-e882-41c6-b8f1-0eda9c73244b,file_940.pdf,1677014,pdf
4b73c797-4439-4f60-9085-0e61a6a2015d,Client 43,client.43@example.com,2026-02-10T11:11:39.734062+00:00,Company 43,15,standard,679fc6d7-3349-4897-ab8c-49f7d7afa9f5,Operator 8,operator.8@example.com,2025-07-01T11:11:39.734353+00:00,OP-0008,support,offline,3,cce08e06-8624-4fc4-9525-65585cdd8d8e,closed,high,2026-02-21T11:11:39.734541+00:00,2026-02-21T20:11:39.734541+00:00,0043379a-178c-439e-b2a6-60cddb1c2232,Message content 941,2026-02-22T09:56:39.734541+00:00,true,405c2df8-2f8b-41f6-a221-38804efd8b10,file_941.txt,2732216,png
bd7acccc-242d-4c64-a3c2-ffa44b532474,Client 14,client.14@example.com,2025-08-24T11:11:39.733539+00:00,Company 14,13,premium,8c273a5d-f06e-47e3-b4a7-da0ef6f06171,Operator 1,operator.1@example.com,2025-10-07T11:11:39.734205+00:00,OP-0001,tech,offline,5,46dbd875-f9f6-4cb4-83fa-26af5a11241b,closed,low,2026-01-28T11:11:39.734816+00:00,2026-01-29T22:11:39.734816+00:00,bd5e8267-cd16-44f9-832e-3d6002463384,Message content 942,2026-01-28T20:36:39.734816+00:00,true,,,,
638081d3-bce7-40f6-b88c-d5b343b2e3d2,Client 1,client.1@example.com,2025-04-13T11:11:39.733210+00:00,Company 1,15,free,679fc6d7-3349-4897-ab8c-49f7d7afa9f5,Operator 8,operator.8@example.com,2025-07-01T11:11:39.734353+00:00,OP-0008,support,offline,3,7233beda-2ba0-453f-a2e4-265b04f963bf,closed,low,2026-01-26T11:11:39.735022+00:00,2026-01-26T18:11:39.735022+00:00,ac795190-2b14-4485-9706-f531032fab2b,Message content 943,2026-01-26T11:29:39.735022+00:00,true,,,,
52fea20d-ccb0-42b4-82ec-0b205237569e,Client 35,client.35@example.com,2025-11-18T11:11:39.733896+00:00,Company 35,73,premium,13992f5b-13db-41f1-b7c6-e68ae67d889d,Operator 2,operator.2@example.com,2026-03-05T11:11:39.734236+00:00,OP-0002,billing,offline,6,75fd6177-233a-42c4-b8be-fc8b7fcf55c9,open,low,2026-02-26T11:11:39.736717+00:00,,48460599-7ee5-466d-97a8-f5f5b864f207,Message content 944,2026-02-27T03:24:39.736717+00:00,true,,,,
5caab472-47e3-4e7f-a3a7-3c61503d63e0,Client 11,client.11@example.com,2025-03-14T11:11:39.733488+00:00,Company 11,55,premium,679fc6d7-3349-4897-ab8c-49f7d7afa9f5,Operator 8,operator.8@example.com,2025-07-01T11:11:39.734353+00:00,OP-0008,support,offline,3,7605b37a-73eb-4a6c-baf4-bad0fc70b5ca,open,high,2026-01-07T11:11:39.737002+00:00,,b0a08143-910e-44b9-8b47-728f48fc1460,Message content 945,2026-01-07T14:14:39.737002+00:00,true,c715c3b9-dc04-4a0d-a5a0-927d814c03e0,file_945.pdf,513755,png
f3a41c1c-78ab-41a3-afce-0fdd1b2b2d69,Client 38,client.38@example.com,2025-12-23T11:11:39.733948+00:00,Company 38,34,standard,cbe4ab29-47da-4080-be68-40c8076ffd1c,Operator 9,operator.9@example.com,2025-04-03T11:11:39.734371+00:00,OP-0009,tech,offline,4,489e454f-bc30-4f2f-857d-d74c171f21e6,pending,low,2026-02-25T11:11:39.735407+00:00,,0f275cf9-e534-4489-83bf-48a57ddaa192,Message content 946,2026-02-26T09:11:39.735407+00:00,true,344db059-e636-4ace-94f4-29aec8c4d1f1,file_946.png,1065517,txt
4b73c797-4439-4f60-9085-0e61a6a2015d,Client 43,client.43@example.com,2026-02-10T11:11:39.734062+00:00,Company 43,15,standard,c567ed84-590b-4b94-8e2c-2c96c62d400b,Operator 6,operator.6@example.com,2025-09-02T11:11:39.734317+00:00,OP-0006,billing,offline,2,2fcbc563-0699-4f5f-aec2-dd4e54f28a6f,pending,medium,2026-02-19T11:11:39.734989+00:00,,58eb68fc-b9cb-45f7-b07c-40e7aa88d392,Message content 947,2026-02-19T21:59:39.734989+00:00,false,,,,
971cc598-3020-4bee-bf75-fb360c582f03,Client 15,client.15@example.com,2025-09-11T11:11:39.733555+00:00,Company 15,78,premium,75464306-96f6-47c8-9a39-382bf4baa64e,Operator 5,operator.5@example.com,2025-09-22T11:11:39.734300+00:00,OP-0005,tech,online,2,12903e5f-92c8-4036-9c76-3db8cdfe7997,pending,low,2026-02-07T11:11:39.736947+00:00,,66f5b52d-6c0d-4cc8-9225-1406869e8257,Message content 948,2026-02-07T23:02:39.736947+00:00,true,,,,
9573f1e3-e253-4a34-a620-aa47e4e21e12,Client 33,client.33@example.com,2025-11-09T11:11:39.733863+00:00,Company 33,5,premium,13992f5b-13db-41f1-b7c6-e68ae67d889d,Operator 2,operator.2@example.com,2026-03-05T11:11:39.734236+00:00,OP-0002,billing,offline,6,888fdcc2-1a22-41c0-88c1-7a11dd8081fc,open,low,2026-01-11T11:11:39.734879+00:00,,abb41747-5f23-4ac8-861f-61db19d8e4a5,Message content 949,2026-01-11T11:54:39.734879+00:00,true,,,,
ecc24a2d-ea47-4b7a-a258-09210ce529f1,Client 31,client.31@example.com,2025-10-19T11:11:39.733830+00:00,Company 31,82,standard,4e2e12c9-fb99-41b0-a60f-4eb61b5e0f33,Operator 4,operator.4@example.com,2025-08-27T11:11:39.734281+00:00,OP-0004,sales,online,6,e5e20df2-be6f-4401-863d-aba5a1a31e3b,pending,low,2026-01-10T11:11:39.734744+00:00,,4f849202-1ccd-4c98-9895-8768abef6f50,Message content 950,2026-01-10T19:44:39.734744+00:00,true,,,,
8bf6c5de-eb19-4f4f-9cb7-7e28340b53e6,Client 5,client.5@example.com,2025-05-08T11:11:39.733371+00:00,Company 5,55,free,75464306-96f6-47c8-9a39-382bf4baa64e,Operator 5,operator.5@example.com,2025-09-22T11:11:39.734300+00:00,OP-0005,tech,online,2,31ac0a08-b4d3-494e-8a0f-79eb77e13e33,closed,medium,2026-02-12T11:11:39.735753+00:00,2026-02-13T20:11:39.735753+00:00,2520c2ee-79e9-49e8-b3c3-5db57f07ccf3,Message content 951,2026-02-13T06:15:39.735753+00:00,true,2420f4bd-273a-4e4d-b414-31198cd233b6,file_951.jpg,4763838,jpg
c1d26b76-65a7-43fd-a884-ff8ace8e21f5,Client 36,client.36@example.com,2025-11-18T11:11:39.733912+00:00,Company 36,84,enterprise,8c273a5d-f06e-47e3-b4a7-da0ef6f06171,Operator 1,operator.1@example.com,2025-10-07T11:11:39.734205+00:00,OP-0001,tech,offline,5,85460c13-7a82-492d-87c5-dfa2cb9837d6,pending,low,2026-02-15T11:11:39.736182+00:00,,97a515cc-a579-45d3-8d53-49a20da80718,Message content 952,2026-02-15T23:03:39.736182+00:00,true,,,,
0fc60bab-9ce8-47f8-97e1-485d6ad75f21,Client 50,client.50@example.com,2025-04-12T11:11:39.734180+00:00,Company 50,44,free,13992f5b-13db-41f1-b7c6-e68ae67d889d,Operator 2,operator.2@example.com,2026-03-05T11:11:39.734236+00:00,OP-0002,billing,offline,6,c5942bb0-a795-4c63-bda3-d8a03d5d398b,pending,high,2026-02-05T11:11:39.736375+00:00,,a38fbe3a-e109-4b7b-b0f0-ea4f0d6d3b4c,Message content 953,2026-02-06T06:06:39.736375+00:00,true,ac85c0ff-e28f-40cd-813b-39c6e4e77dac,file_953.txt,2490282,pdf
c1d26b76-65a7-43fd-a884-ff8ace8e21f5,Client 36,client.36@example.com,2025-11-18T11:11:39.733912+00:00,Company 36,84,enterprise,8c273a5d-f06e-47e3-b4a7-da0ef6f06171,Operator 1,operator.1@example.com,2025-10-07T11:11:39.734205+00:00,OP-0001,tech,offline,5,85460c13-7a82-492d-87c5-dfa2cb9837d6,pending,low,2026-02-15T11:11:39.736182+00:00,,f551dd82-de25-4988-a12f-e7b00fdb6015,Message content 954,2026-02-15T23:42:39.736182+00:00,false,,,,
4b73c797-4439-4f60-9085-0e61a6a2015d,Client 43,client.43@example.com,2026-02-10T11:11:39.734062+00:00,Company 43,15,standard,c567ed84-590b-4b94-8e2c-2c96c62d400b,Operator 6,operator.6@example.com,2025-09-02T11:11:39.734317+00:00,OP-0006,billing,offline,2,6d7adecd-8af9-4047-8917-5ae9aad2597b,pending,high,2026-01-26T11:11:39.736015+00:00,,89c9121a-2d27-4b22-9689-1285ea525f91,Message content 955,2026-01-27T00:07:39.736015+00:00,false,,,,
0a272624-2c12-484e-8a21-5158a8d796cf,Client 49,client.49@example.com,2025-03-22T11:11:39.734164+00:00,Company 49,69,premium,13992f5b-13db-41f1-b7c6-e68ae67d889d,Operator 2,operator.2@example.com,2026-03-05T11:11:39.734236+00:00,OP-0002,billing,offline,6,7c8b809b-ced1-4d6a-8aee-8d6e7294de8d,pending,low,2026-01-16T11:11:39.736475+00:00,,81433967-39bb-4f26-8dc3-995e1fbdfd14,Message content 956,2026-01-16T23:36:39.736475+00:00,true,,,,
0fc60bab-9ce8-47f8-97e1-485d6ad75f21,Client 50,client.50@example.com,2025-04-12T11:11:39.734180+00:00,Company 50,44,free,730d608c-8e10-4f7e-a51d-db0d13429f86,Operator 10,operator.10@example.com,2025-06-09T11:11:39.734388+00:00,OP-0010,tech,offline,6,a1d9ce4c-b94a-4d7e-a3ad-cabe2877533a,open,high,2026-01-21T11:11:39.736825+00:00,,0ff9b933-5b7f-470a-90e1-8647738994e3,Message content 957,2026-01-21T13:20:39.736825+00:00,true,,,,
58a107b7-f3f3-4c7c-9ecf-0d8e2ed82e88,Client 48,client.48@example.com,2025-03-23T11:11:39.734148+00:00,Company 48,93,free,775f6de4-bf12-43dc-b8ee-eff74e7fca85,Operator 3,operator.3@example.com,2026-01-11T11:11:39.734260+00:00,OP-0003,billing,offline,3,305645ed-663d-400b-9df2-48b7b9b4ee07,open,low,2026-01-06T11:11:39.735526+00:00,,ea6dcb00-8457-4795-8311-c36776930510,Message content 958,2026-01-06T17:39:39.735526+00:00,true,,,,
8067d26e-94c8-4b4f-8ab1-93053f706f51,Client 28,client.28@example.com,2025-04-29T11:11:39.733781+00:00,Company 28,82,standard,730d608c-8e10-4f7e-a51d-db0d13429f86,Operator 10,operator.10@example.com,2025-06-09T11:11:39.734388+00:00,OP-0010,tech,offline,6,9991b2a2-028b-449a-a7f7-beb0ca40ae35,closed,medium,2026-01-27T11:11:39.736207+00:00,2026-01-28T08:11:39.736207+00:00,1e8d9a97-c3d1-4349-ac73-6a352c500780,Message content 959,2026-01-27T16:26:39.736207+00:00,true,,,,
4b73c797-4439-4f60-9085-0e61a6a2015d,Client 43,client.43@example.com,2026-02-10T11:11:39.734062+00:00,Company 43,15,standard,cbe4ab29-47da-4080-be68-40c8076ffd1c,Operator 9,operator.9@example.com,2025-04-03T11:11:39.734371+00:00,OP-0009,tech,offline,4,5d6289fa-a027-4260-bd93-8fb6fe369545,closed,medium,2026-01-30T11:11:39.736552+00:00,2026-01-31T08:11:39.736552+00:00,4c446bd1-a304-4a7f-aac4-b15b736c8d12,Message content 960,2026-01-30T22:10:39.736552+00:00,true,f63ffa8f-6212-4f22-8c3e-d2a4afa5d3ac,file_960.png,377230,jpg
58a107b7-f3f3-4c7c-9ecf-0d8e2ed82e88,Client 48,client.48@example.com,2025-03-23T11:11:39.734148+00:00,Company 48,93,free,c567ed84-590b-4b94-8e2c-2c96c62d400b,Operator 6,operator.6@example.com,2025-09-02T11:11:39.734317+00:00,OP-0006,billing,offline,2,c026311f-4168-4e91-a58c-0293e7e6ac60,open,high,2026-03-03T11:11:39.734838+00:00,,6591ac4c-8807-4736-a58e-9679404a0d95,Message content 961,2026-03-03T12:15:39.734838+00:00,true,2b55b001-7674-4715-b7be-d0d476c1ad07,file_961.png,276901,txt
58a107b7-f3f3-4c7c-9ecf-0d8e2ed82e88,Client 48,client.48@example.com,2025-03-23T11:11:39.734148+00:00,Company 48,93,free,679fc6d7-3349-4897-ab8c-49f7d7afa9f5,Operator 8,operator.8@example.com,2025-07-01T11:11:39.734353+00:00,OP-0008,support,offline,3,d8053512-54f4-4ce3-bef5-870132ddad32,pending,low,2026-02-06T11:11:39.736614+00:00,,22455b38-87a0-405e-8b75-922d80815993,Message content 962,2026-02-07T03:54:39.736614+00:00,false,,,,
52fea20d-ccb0-42b4-82ec-0b205237569e,Client 35,client.35@example.com,2025-11-18T11:11:39.733896+00:00,Company 35,73,premium,4e2e12c9-fb99-41b0-a60f-4eb61b5e0f33,Operator 4,operator.4@example.com,2025-08-27T11:11:39.734281+00:00,OP-0004,sales,online,6,0bc42958-ba58-43e9-8761-998dbe002df4,pending,low,2026-02-02T11:11:39.735044+00:00,,f8cc3f7b-23bd-4986-8901-e796da6027b1,Message content 963,2026-02-02T12:51:39.735044+00:00,true,,,,
8067d26e-94c8-4b4f-8ab1-93053f706f51,Client 28,client.28@example.com,2025-04-29T11:11:39.733781+00:00,Company 28,82,standard,c567ed84-590b-4b94-8e2c-2c96c62d400b,Operator 6,operator.6@example.com,2025-09-02T11:11:39.734317+00:00,OP-0006,billing,offline,2,69e2f568-b6db-450d-82e0-2d0116a9da57,pending,medium,2026-02-07T11:11:39.734596+00:00,,363123fc-0b01-44e5-b751-0d0b80b98dfb,Message content 964,2026-02-07T11:37:39.734596+00:00,true,,,,
8067d26e-94c8-4b4f-8ab1-93053f706f51,Client 28,client.28@example.com,2025-04-29T11:11:39.733781+00:00,Company 28,82,standard,8c273a5d-f06e-47e3-b4a7-da0ef6f06171,Operator 1,operator.1@example.com,2025-10-07T11:11:39.734205+00:00,OP-0001,tech,offline,5,f2dbb391-1e67-44a5-a551-ee9fc9d3cfb4,closed,high,2026-02-01T11:11:39.735929+00:00,2026-02-03T07:11:39.735929+00:00,6f8e5ba5-c97b-4fd4-82c5-eef002906848,Message content 965,2026-02-01T13:54:39.735929+00:00,true,,,,
17543439-3080-4320-9450-fde238897d38,Client 3,client.3@example.com,2025-12-25T11:11:39.733325+00:00,Company 3,95,free,75464306-96f6-47c8-9a39-382bf4baa64e,Operator 5,operator.5@example.com,2025-09-22T11:11:39.734300+00:00,OP-0005,tech,online,2,736c6aa9-0c81-4e95-b8f7-e791ea110805,open,medium,2026-02-11T11:11:39.735431+00:00,,20d9c2fa-5022-470d-9a7f-6a0fdd877bcd,Message content 966,2026-02-12T06:13:39.735431+00:00,false,,,,
bd7acccc-242d-4c64-a3c2-ffa44b532474,Client 14,client.14@example.com,2025-08-24T11:11:39.733539+00:00,Company 14,13,premium,4e2e12c9-fb99-41b0-a60f-4eb61b5e0f33,Operator 4,operator.4@example.com,2025-08-27T11:11:39.734281+00:00,OP-0004,sales,online,6,63126192-a39d-4036-9c7f-30ecf3d3ca7d,open,medium,2026-01-23T11:11:39.735466+00:00,,b3d7df0c-a734-4b9c-bacf-2353a76611e1,Message content 967,2026-01-23T13:10:39.735466+00:00,true,,,,
fd7d0456-43a1-4c22-9dfb-6a34f783ef0b,Client 22,client.22@example.com,2025-10-09T11:11:39.733674+00:00,Company 22,11,standard,13992f5b-13db-41f1-b7c6-e68ae67d889d,Operator 2,operator.2@example.com,2026-03-05T11:11:39.734236+00:00,OP-0002,billing,offline,6,bde9ddf7-b449-4841-b77b-4b68cc643a81,open,medium,2026-02-02T11:11:39.734522+00:00,,581c3e80-c2e9-4aa5-8036-ab2052f3a7da,Message content 968,2026-02-02T13:35:39.734522+00:00,true,,,,
55ffb774-9524-46af-919c-2ad12b14fd74,Client 40,client.40@example.com,2025-05-11T11:11:39.734007+00:00,Company 40,55,enterprise,13992f5b-13db-41f1-b7c6-e68ae67d889d,Operator 2,operator.2@example.com,2026-03-05T11:11:39.734236+00:00,OP-0002,billing,offline,6,664b38d6-b107-41cf-9be4-193324da2607,closed,high,2026-02-08T11:11:39.734937+00:00,2026-02-10T01:11:39.734937+00:00,a0e0aa75-3cf0-41a9-97ba-bdd335ecc694,Message content 969,2026-02-09T04:54:39.734937+00:00,false,1a6eb23f-9a7c-42ac-b2d1-0f19c2d4982d,file_969.txt,1599309,jpg
f0258ea9-5893-4b2b-a8b9-f60a1b13d4f5,Client 9,client.9@example.com,2025-11-14T11:11:39.733447+00:00,Company 9,58,premium,4e2e12c9-fb99-41b0-a60f-4eb61b5e0f33,Operator 4,operator.4@example.com,2025-08-27T11:11:39.734281+00:00,OP-0004,sales,online,6,9024ed73-9f0d-4ffe-a0c9-56610c316a8d,closed,high,2026-02-08T11:11:39.736106+00:00,2026-02-09T12:11:39.736106+00:00,d8548e6d-b3fa-40c7-a10b-4b95fb5127e9,Message content 970,2026-02-09T09:36:39.736106+00:00,true,53a8036d-516b-409f-8aa0-6e01d7cfd769,file_970.jpg,4694395,txt
58a107b7-f3f3-4c7c-9ecf-0d8e2ed82e88,Client 48,client.48@example.com,2025-03-23T11:11:39.734148+00:00,Company 48,93,free,cbe4ab29-47da-4080-be68-40c8076ffd1c,Operator 9,operator.9@example.com,2025-04-03T11:11:39.734371+00:00,OP-0009,tech,offline,4,7cf2c268-9c00-4c2a-9eb7-66429dcddb95,closed,medium,2026-01-14T11:11:39.736915+00:00,2026-01-15T02:11:39.736915+00:00,c21239ab-f99c-404c-953e-31d34b3b0552,Message content 971,2026-01-14T14:47:39.736915+00:00,true,,,,
92e2cff6-5b04-44a7-b58c-4d0d1060260b,Client 16,client.16@example.com,2026-02-12T11:11:39.733572+00:00,Company 16,94,enterprise,75464306-96f6-47c8-9a39-382bf4baa64e,Operator 5,operator.5@example.com,2025-09-22T11:11:39.734300+00:00,OP-0005,tech,online,2,a9f57b39-55fb-4805-9143-fb55a6018bf0,open,high,2026-02-06T11:11:39.736669+00:00,,c73d20e9-caee-4522-bc41-d2492429e43e,Message content 972,2026-02-07T02:50:39.736669+00:00,true,,,,
8067d26e-94c8-4b4f-8ab1-93053f706f51,Client 28,client.28@example.com,2025-04-29T11:11:39.733781+00:00,Company 28,82,standard,775f6de4-bf12-43dc-b8ee-eff74e7fca85,Operator 3,operator.3@example.com,2026-01-11T11:11:39.734260+00:00,OP-0003,billing,offline,3,14fcb8c7-648f-4441-835b-856bce0df9b2,pending,low,2026-02-17T11:11:39.734672+00:00,,44bd464f-581a-47f4-8f3d-be7699cfd6a6,Message content 973,2026-02-17T16:52:39.734672+00:00,true,,,,
4b73c797-4439-4f60-9085-0e61a6a2015d,Client 43,client.43@example.com,2026-02-10T11:11:39.734062+00:00,Company 43,15,standard,c567ed84-590b-4b94-8e2c-2c96c62d400b,Operator 6,operator.6@example.com,2025-09-02T11:11:39.734317+00:00,OP-0006,billing,offline,2,6d7adecd-8af9-4047-8917-5ae9aad2597b,pending,high,2026-01-26T11:11:39.736015+00:00,,f0cd82dc-403f-48b6-9aa4-8c5792eda0c9,Message content 974,2026-01-26T22:42:39.736015+00:00,true,,,,
0fc60bab-9ce8-47f8-97e1-485d6ad75f21,Client 50,client.50@example.com,2025-04-12T11:11:39.734180+00:00,Company 50,44,free,13992f5b-13db-41f1-b7c6-e68ae67d889d,Operator 2,operator.2@example.com,2026-03-05T11:11:39.734236+00:00,OP-0002,billing,offline,6,c5942bb0-a795-4c63-bda3-d8a03d5d398b,pending,high,2026-02-05T11:11:39.736375+00:00,,d1e29a53-dc37-4c3d-a882-9d4fee84bad4,Message content 975,2026-02-06T02:18:39.736375+00:00,false,,,,
8067d26e-94c8-4b4f-8ab1-93053f706f51,Client 28,client.28@example.com,2025-04-29T11:11:39.733781+00:00,Company 28,82,standard,730d608c-8e10-4f7e-a51d-db0d13429f86,Operator 10,operator.10@example.com,2025-06-09T11:11:39.734388+00:00,OP-0010,tech,offline,6,9991b2a2-028b-449a-a7f7-beb0ca40ae35,closed,medium,2026-01-27T11:11:39.736207+00:00,2026-01-28T08:11:39.736207+00:00,d056d96d-ee06-4d6e-83e7-a694f45b6cfc,Message content 976,2026-01-27T22:15:39.736207+00:00,true,,,,
92e2cff6-5b04-44a7-b58c-4d0d1060260b,Client 16,client.16@example.com,2026-02-12T11:11:39.733572+00:00,Company 16,94,enterprise,13992f5b-13db-41f1-b7c6-e68ae67d889d,Operator 2,operator.2@example.com,2026-03-05T11:11:39.734236+00:00,OP-0002,billing,offline,6,289a2075-7af3-408a-a5e9-3e03fa0a0a3e,open,medium,2026-02-05T11:11:39.736523+00:00,,72516cf0-cf7c-4cf9-aed8-1484d1735ee2,Message content 977,2026-02-06T01:52:39.736523+00:00,true,,,,
f0258ea9-5893-4b2b-a8b9-f60a1b13d4f5,Client 9,client.9@example.com,2025-11-14T11:11:39.733447+00:00,Company 9,58,premium,75464306-96f6-47c8-9a39-382bf4baa64e,Operator 5,operator.5@example.com,2025-09-22T11:11:39.734300+00:00,OP-0005,tech,online,2,6c5d75fd-c327-4bfc-9633-bd6a6a85d1f9,pending,low,2026-02-05T11:11:39.735005+00:00,,fbf56696-c2f4-4637-8cc8-071d24571381,Message content 978,2026-02-06T06:24:39.735005+00:00,true,,,,
8067d26e-94c8-4b4f-8ab1-93053f706f51,Client 28,client.28@example.com,2025-04-29T11:11:39.733781+00:00,Company 28,82,standard,730d608c-8e10-4f7e-a51d-db0d13429f86,Operator 10,operator.10@example.com,2025-06-09T11:11:39.734388+00:00,OP-0010,tech,offline,6,9991b2a2-028b-449a-a7f7-beb0ca40ae35,closed,medium,2026-01-27T11:11:39.736207+00:00,2026-01-28T08:11:39.736207+00:00,5806cf6c-e3f3-43bc-9b64-e7f6672dfa19,Message content 979,2026-01-27T19:51:39.736207+00:00,true,,,,
b3f0dc7a-8965-4fd0-8d96-015039504208,Client 12,client.12@example.com,2025-10-15T11:11:39.733506+00:00,Company 12,20,standard,7e797a74-cef7-4aac-8eec-dd396da1c475,Operator 7,operator.7@example.com,2025-11-03T11:11:39.734335+00:00,OP-0007,support,online,7,dfce2714-fa1a-41d7-b618-286f4371ece9,open,high,2026-03-05T11:11:39.735561+00:00,,7b380142-2ee3-41db-9cc6-2e320a24c757,Message content 980,2026-03-05T11:11:39.735561+00:00,false,,,,
0fc60bab-9ce8-47f8-97e1-485d6ad75f21,Client 50,client.50@example.com,2025-04-12T11:11:39.734180+00:00,Company 50,44,free,13992f5b-13db-41f1-b7c6-e68ae67d889d,Operator 2,operator.2@example.com,2026-03-05T11:11:39.734236+00:00,OP-0002,billing,offline,6,c5942bb0-a795-4c63-bda3-d8a03d5d398b,pending,high,2026-02-05T11:11:39.736375+00:00,,9306337d-f3e2-4345-8220-89cc90754440,Message content 981,2026-02-05T11:44:39.736375+00:00,false,,,,
02605a21-0cd4-4681-89e4-841a48af011f,Client 19,client.19@example.com,2025-04-19T11:11:39.733624+00:00,Company 19,80,premium,730d608c-8e10-4f7e-a51d-db0d13429f86,Operator 10,operator.10@example.com,2025-06-09T11:11:39.734388+00:00,OP-0010,tech,offline,6,37eeb618-1da8-4e27-9710-48189b5b1143,closed,low,2026-02-21T11:11:39.735208+00:00,2026-02-22T09:11:39.735208+00:00,694808c0-8d97-4e42-92f5-c7ec34052316,Message content 982,2026-02-21T11:24:39.735208+00:00,true,,,,
5faa6da9-33a3-408c-a571-b6625b43948e,Client 4,client.4@example.com,2025-03-25T11:11:39.733349+00:00,Company 4,95,free,13992f5b-13db-41f1-b7c6-e68ae67d889d,Operator 2,operator.2@example.com,2026-03-05T11:11:39.734236+00:00,OP-0002,billing,offline,6,4e6adde7-3686-419c-9bba-35d9b0858ea2,pending,medium,2026-01-25T11:11:39.735267+00:00,,63df7840-16ba-420f-94bd-449f82a050d3,Message content 983,2026-01-25T11:55:39.735267+00:00,false,,,,
55ffb774-9524-46af-919c-2ad12b14fd74,Client 40,client.40@example.com,2025-05-11T11:11:39.734007+00:00,Company 40,55,enterprise,cbe4ab29-47da-4080-be68-40c8076ffd1c,Operator 9,operator.9@example.com,2025-04-03T11:11:39.734371+00:00,OP-0009,tech,offline,4,fed40572-ad2b-471c-9c8c-58da2fb945f1,closed,medium,2026-03-06T11:11:39.735121+00:00,2026-03-07T23:11:39.735121+00:00,8eb88006-f04c-4bc8-bb56-749961f5e12c,Message content 984,2026-03-07T06:04:39.735121+00:00,true,,,,
9573f1e3-e253-4a34-a620-aa47e4e21e12,Client 33,client.33@example.com,2025-11-09T11:11:39.733863+00:00,Company 33,5,premium,730d608c-8e10-4f7e-a51d-db0d13429f86,Operator 10,operator.10@example.com,2025-06-09T11:11:39.734388+00:00,OP-0010,tech,offline,6,c62d9326-1dfd-47bd-912c-3c4e7f5a7930,open,low,2026-02-13T11:11:39.736300+00:00,,b8afb660-cc8c-4b13-8e84-926cad42bd51,Message content 985,2026-02-13T16:27:39.736300+00:00,true,5062b0f1-4790-4a8d-afef-7d73b0cdb23a,file_985.jpg,1171052,pdf
17543439-3080-4320-9450-fde238897d38,Client 3,client.3@example.com,2025-12-25T11:11:39.733325+00:00,Company 3,95,free,75464306-96f6-47c8-9a39-382bf4baa64e,Operator 5,operator.5@example.com,2025-09-22T11:11:39.734300+00:00,OP-0005,tech,online,2,736c6aa9-0c81-4e95-b8f7-e791ea110805,open,medium,2026-02-11T11:11:39.735431+00:00,,fa89f749-0608-43c2-8183-e98fa91b4b8e,Message content 986,2026-02-12T07:03:39.735431+00:00,true,3cdd8b7a-ce2f-4ad0-aa08-949d8f633e80,file_986.pdf,780956,txt
ecc24a2d-ea47-4b7a-a258-09210ce529f1,Client 31,client.31@example.com,2025-10-19T11:11:39.733830+00:00,Company 31,82,standard,775f6de4-bf12-43dc-b8ee-eff74e7fca85,Operator 3,operator.3@example.com,2026-01-11T11:11:39.734260+00:00,OP-0003,billing,offline,3,4cded7cb-9a4f-40f9-9b30-6a0b517e3880,open,medium,2026-01-23T11:11:39.736274+00:00,,85ef878f-d825-4000-abe0-ddbd957faeac,Message content 987,2026-01-23T18:36:39.736274+00:00,false,,,,
0777c6d2-2b2c-4b94-86df-1d6f74cb3528,Client 37,client.37@example.com,2025-08-16T11:11:39.733928+00:00,Company 37,83,enterprise,4e2e12c9-fb99-41b0-a60f-4eb61b5e0f33,Operator 4,operator.4@example.com,2025-08-27T11:11:39.734281+00:00,OP-0004,sales,online,6,c3a8d2ec-3958-4b7e-b0b6-3fd8ddc0c3f3,open,high,2026-02-18T11:11:39.735900+00:00,,ec430cf0-eeed-40d7-97d3-402b673e9d53,Message content 988,2026-02-18T17:05:39.735900+00:00,false,,,,
86ed07ac-9eb8-4057-ae3c-96c475cf5c56,Client 25,client.25@example.com,2025-12-13T11:11:39.733726+00:00,Company 25,48,premium,775f6de4-bf12-43dc-b8ee-eff74e7fca85,Operator 3,operator.3@example.com,2026-01-11T11:11:39.734260+00:00,OP-0003,billing,offline,3,4094ee53-4cff-4849-aab1-6f93a0864a4d,open,low,2026-01-20T11:11:39.736743+00:00,,7a473ad6-dd68-4769-a6f0-2fff5db5bcb7,Message content 989,2026-01-21T06:51:39.736743+00:00,true,,,,
4b73c797-4439-4f60-9085-0e61a6a2015d,Client 43,client.43@example.com,2026-02-10T11:11:39.734062+00:00,Company 43,15,standard,cbe4ab29-47da-4080-be68-40c8076ffd1c,Operator 9,operator.9@example.com,2025-04-03T11:11:39.734371+00:00,OP-0009,tech,offline,4,5d6289fa-a027-4260-bd93-8fb6fe369545,closed,medium,2026-01-30T11:11:39.736552+00:00,2026-01-31T08:11:39.736552+00:00,eaa00baa-1afe-4efd-a22a-1dfb73968600,Message content 990,2026-01-30T21:26:39.736552+00:00,false,05ce806f-36b9-4eb0-82b0-ec8ababe0d84,file_990.txt,668316,png
5caab472-47e3-4e7f-a3a7-3c61503d63e0,Client 11,client.11@example.com,2025-03-14T11:11:39.733488+00:00,Company 11,55,premium,679fc6d7-3349-4897-ab8c-49f7d7afa9f5,Operator 8,operator.8@example.com,2025-07-01T11:11:39.734353+00:00,OP-0008,support,offline,3,7605b37a-73eb-4a6c-baf4-bad0fc70b5ca,open,high,2026-01-07T11:11:39.737002+00:00,,7f622316-20ef-40d0-a6dd-88365f8d87f4,Message content 991,2026-01-07T22:35:39.737002+00:00,false,,,,
17543439-3080-4320-9450-fde238897d38,Client 3,client.3@example.com,2025-12-25T11:11:39.733325+00:00,Company 3,95,free,679fc6d7-3349-4897-ab8c-49f7d7afa9f5,Operator 8,operator.8@example.com,2025-07-01T11:11:39.734353+00:00,OP-0008,support,offline,3,f39345d0-d50a-4854-b445-e880ee27ea4d,open,medium,2026-02-20T11:11:39.735669+00:00,,8a95d20a-a149-4e51-8460-f32317f551fa,Message content 992,2026-02-20T15:17:39.735669+00:00,true,,,,
55ffb774-9524-46af-919c-2ad12b14fd74,Client 40,client.40@example.com,2025-05-11T11:11:39.734007+00:00,Company 40,55,enterprise,cbe4ab29-47da-4080-be68-40c8076ffd1c,Operator 9,operator.9@example.com,2025-04-03T11:11:39.734371+00:00,OP-0009,tech,offline,4,4c5a93b7-c798-45f1-88f1-160a45fd49c2,closed,low,2026-02-07T11:11:39.736583+00:00,2026-02-08T16:11:39.736583+00:00,b6d13a8e-4d27-48ec-ad8d-d3876fe91c74,Message content 993,2026-02-08T07:44:39.736583+00:00,true,,,,
b3f0dc7a-8965-4fd0-8d96-015039504208,Client 12,client.12@example.com,2025-10-15T11:11:39.733506+00:00,Company 12,20,standard,cbe4ab29-47da-4080-be68-40c8076ffd1c,Operator 9,operator.9@example.com,2025-04-03T11:11:39.734371+00:00,OP-0009,tech,offline,4,aed4d1de-b5f5-4286-b511-d7b2d09117c4,open,high,2026-02-05T11:11:39.736498+00:00,,64583460-26b1-4c84-a9ba-d348f888af7f,Message content 994,2026-02-06T00:14:39.736498+00:00,true,23dd269e-9b26-4fef-8f57-146540f9884f,file_994.pdf,4539258,jpg
17543439-3080-4320-9450-fde238897d38,Client 3,client.3@example.com,2025-12-25T11:11:39.733325+00:00,Company 3,95,free,8c273a5d-f06e-47e3-b4a7-da0ef6f06171,Operator 1,operator.1@example.com,2025-10-07T11:11:39.734205+00:00,OP-0001,tech,offline,5,9871d710-6730-430d-b4a0-0c88e046d70e,open,high,2026-02-13T11:11:39.735296+00:00,,27340c1c-6a75-4aaa-922e-7ac7242b7ded,Message content 995,2026-02-14T04:19:39.735296+00:00,true,,,,
92e2cff6-5b04-44a7-b58c-4d0d1060260b,Client 16,client.16@example.com,2026-02-12T11:11:39.733572+00:00,Company 16,94,enterprise,75464306-96f6-47c8-9a39-382bf4baa64e,Operator 5,operator.5@example.com,2025-09-22T11:11:39.734300+00:00,OP-0005,tech,online,2,a9f57b39-55fb-4805-9143-fb55a6018bf0,open,high,2026-02-06T11:11:39.736669+00:00,,1105d871-12b9-4971-9e48-c50a7a0f8e7c,Message content 996,2026-02-07T00:35:39.736669+00:00,false,,,,
9573f1e3-e253-4a34-a620-aa47e4e21e12,Client 33,client.33@example.com,2025-11-09T11:11:39.733863+00:00,Company 33,5,premium,730d608c-8e10-4f7e-a51d-db0d13429f86,Operator 10,operator.10@example.com,2025-06-09T11:11:39.734388+00:00,OP-0010,tech,offline,6,c62d9326-1dfd-47bd-912c-3c4e7f5a7930,open,low,2026-02-13T11:11:39.736300+00:00,,70caa62c-3bf7-472e-921c-9ce3c9e79b98,Message content 997,2026-02-14T04:24:39.736300+00:00,true,c643a585-e103-48c0-8ec0-94c4b0a7dad8,file_997.txt,1251618,jpg
b1b67804-39c9-4048-89d8-bcd70a55dd71,Client 46,client.46@example.com,2025-08-23T11:11:39.734115+00:00,Company 46,77,enterprise,7e797a74-cef7-4aac-8eec-dd396da1c475,Operator 7,operator.7@example.com,2025-11-03T11:11:39.734335+00:00,OP-0007,support,online,7,5a4a3e7b-8427-45cb-8051-ef6ff597f716,open,low,2026-01-30T11:11:39.735351+00:00,,7d75c8b3-a2f7-499f-8c9f-0f2d3468384e,Message content 998,2026-01-30T14:00:39.735351+00:00,false,,,,
8067d26e-94c8-4b4f-8ab1-93053f706f51,Client 28,client.28@example.com,2025-04-29T11:11:39.733781+00:00,Company 28,82,standard,730d608c-8e10-4f7e-a51d-db0d13429f86,Operator 10,operator.10@example.com,2025-06-09T11:11:39.734388+00:00,OP-0010,tech,offline,6,9991b2a2-028b-449a-a7f7-beb0ca40ae35,closed,medium,2026-01-27T11:11:39.736207+00:00,2026-01-28T08:11:39.736207+00:00,3b4d598d-0927-48ce-a770-ed5d376a8b7d,Message content 999,2026-01-28T00:48:39.736207+00:00,true,a1637ec4-837e-4e27-9893-68adc90e2dac,file_999.txt,1103666,jpg
0777c6d2-2b2c-4b94-86df-1d6f74cb3528,Client 37,client.37@example.com,2025-08-16T11:11:39.733928+00:00,Company 37,83,enterprise,4e2e12c9-fb99-41b0-a60f-4eb61b5e0f33,Operator 4,operator.4@example.com,2025-08-27T11:11:39.734281+00:00,OP-0004,sales,online,6,c3a8d2ec-3958-4b7e-b0b6-3fd8ddc0c3f3,open,high,2026-02-18T11:11:39.735900+00:00,,2f05fd33-6901-445e-a482-f84fcf7eba62,Message content 1000,2026-02-19T06:16:39.735900+00:00,true,38374533-684d-4417-8fd5-0f7cda697c39,file_1000.jpg,4717415,jpg
